{
    "config": "F_1000-113769.77455313291s-1_A200",
    "num_vars": 58,
    "num_qubit": 167,
    "time_elapsed": 0.0266873836517334,
    "best_state": {
        "sample": [
            0,
            0,
            0,
            0,
            0,
            0,
            0,
            0,
            0,
            0,
            0,
            0,
            0,
            0,
            0,
            0,
            0,
            1,
            0,
            0,
            1,
            1,
            1,
            0,
            0,
            0,
            0,
            0,
            0,
            0,
            0,
            0,
            0,
            0,
            0,
            0,
            0,
            0,
            0,
            0,
            0,
            1,
            0,
            0,
            0,
            0,
            1,
            0,
            0,
            0,
            1,
            0,
            1,
            1,
            1,
            1,
            0,
            0
        ],
        "energy": 72353.0,
        "chain_break_fraction": 0.06896551724137931
    },
    "chain_strength": 113769.77455313291,
    "max_chain_length": 4,
    "timing_info": {
        "qpu_sampling_time": 280560.0,
        "qpu_anneal_time_per_sample": 200.0,
        "qpu_readout_time_per_sample": 60.02,
        "qpu_access_time": 296485.57,
        "qpu_access_overhead_time": 1349.43,
        "qpu_programming_time": 15925.57,
        "qpu_delay_time_per_sample": 20.54,
        "total_post_processing_time": 28.0,
        "post_processing_overhead_time": 28.0
    },
    "embedding_info": {
        "embedding": {
            "37": [
                304,
                3781,
                305
            ],
            "38": [
                3901,
                3902,
                3900
            ],
            "43": [
                515,
                4007,
                4006
            ],
            "39": [
                3961,
                350,
                3962
            ],
            "44": [
                3977,
                3976
            ],
            "40": [
                3945,
                3946,
                320
            ],
            "45": [
                274,
                275
            ],
            "41": [
                334,
                3766,
                335
            ],
            "46": [
                3810,
                3811,
                395,
                396
            ],
            "42": [
                424,
                425
            ],
            "47": [
                4022,
                470,
                4021
            ],
            "48": [
                529,
                530,
                528
            ],
            "49": [
                3887,
                3886,
                560
            ],
            "50": [
                485,
                3992,
                3991
            ],
            "51": [
                500,
                4037,
                546
            ],
            "52": [
                3826,
                3827,
                365,
                364
            ],
            "53": [
                410,
                3872,
                409,
                408
            ],
            "54": [
                454,
                455,
                3842
            ],
            "55": [
                3915,
                3916,
                215
            ],
            "56": [
                380,
                379,
                3931,
                3871
            ],
            "57": [
                439,
                440
            ],
            "5": [
                3840,
                3841
            ],
            "10": [
                169,
                3750
            ],
            "6": [
                604,
                603
            ],
            "13": [
                185,
                3825,
                94
            ],
            "7": [
                318,
                319,
                3676
            ],
            "21": [
                229,
                230
            ],
            "8": [
                3511,
                333,
                3510
            ],
            "27": [
                184,
                183,
                3765
            ],
            "9": [
                3857,
                514
            ],
            "32": [
                3796,
                3797,
                3795,
                574
            ],
            "11": [
                3691,
                273
            ],
            "22": [
                288,
                289,
                3735
            ],
            "12": [
                3616,
                3615,
                123,
                124
            ],
            "28": [
                154,
                153
            ],
            "14": [
                3617,
                498
            ],
            "17": [
                3647,
                513,
                3512
            ],
            "15": [
                243,
                3645,
                244
            ],
            "23": [
                3632,
                3631,
                3630,
                559
            ],
            "16": [
                499,
                3812
            ],
            "33": [
                544,
                545,
                3752
            ],
            "18": [
                3662,
                3661,
                423
            ],
            "24": [
                303,
                3555,
                3556,
                3646
            ],
            "19": [
                3526,
                3525,
                3527,
                228
            ],
            "29": [
                393,
                3586
            ],
            "20": [
                469,
                468,
                467,
                3782
            ],
            "34": [
                484,
                483,
                3602
            ],
            "25": [
                258,
                259,
                3585,
                257
            ],
            "30": [
                214,
                213
            ],
            "26": [
                3721,
                3720,
                3722
            ],
            "35": [
                3707,
                3706,
                394
            ],
            "31": [
                349,
                3856,
                3751,
                348
            ],
            "36": [
                3601,
                3692,
                438,
                3600
            ],
            "0": [
                3780
            ],
            "1": [
                3767,
                589
            ],
            "2": [
                453,
                452
            ],
            "3": [
                3540,
                168,
                3541
            ],
            "4": [
                3736,
                3737
            ]
        },
        "chain_break_method": "majority_vote",
        "embedding_parameters": {},
        "chain_strength": 113769.77455313291
    }
}