{
    "config": "N_1000-12116.223045429544s-1_A200",
    "num_vars": 97,
    "num_qubit": 181,
    "time_elapsed": 0.024990081787109375,
    "best_state": {
        "sample": [
            1,
            0,
            0,
            0,
            0,
            1,
            1,
            0,
            0,
            0,
            0,
            0,
            0,
            0,
            0,
            0,
            0,
            0,
            0,
            0,
            0,
            0,
            0,
            0,
            0,
            0,
            0,
            0,
            0,
            0,
            0,
            0,
            0,
            0,
            0,
            0,
            0,
            1,
            1,
            1,
            1,
            1,
            1,
            1,
            1,
            1,
            1,
            1,
            1,
            1,
            0,
            1,
            0,
            0,
            0,
            0,
            0,
            1,
            1,
            1,
            1,
            1,
            1,
            1,
            1,
            1,
            0,
            0,
            0,
            0,
            0,
            0,
            0,
            0,
            0,
            0,
            0,
            0,
            0,
            0,
            0,
            0,
            0,
            0,
            0,
            0,
            0,
            0,
            0,
            0,
            0,
            0,
            0,
            0,
            0,
            0,
            0
        ],
        "energy": 3265.0,
        "chain_break_fraction": 0.020618556701030927
    },
    "chain_strength_prefactor": 0.2,
    "chain_strength": 12116.223045429544,
    "max_chain_length": 4,
    "timing_info": {
        "qpu_sampling_time": 334120.0,
        "qpu_anneal_time_per_sample": 200.0,
        "qpu_readout_time_per_sample": 113.58,
        "qpu_access_time": 350045.97,
        "qpu_access_overhead_time": 1325.03,
        "qpu_programming_time": 15925.97,
        "qpu_delay_time_per_sample": 20.54,
        "total_post_processing_time": 1.0,
        "post_processing_overhead_time": 1.0
    },
    "embedding_info": {
        "embedding": {
            "37": [
                4938,
                4937
            ],
            "38": [
                4832,
                4831,
                685
            ],
            "43": [
                654,
                655
            ],
            "39": [
                4862,
                625,
                565
            ],
            "44": [
                670,
                671,
                4997
            ],
            "40": [
                596,
                595,
                4892
            ],
            "45": [
                581,
                580,
                4982,
                4968
            ],
            "41": [
                4923,
                700
            ],
            "46": [
                4908,
                746,
                745
            ],
            "42": [
                4847,
                4848,
                535
            ],
            "47": [
                640,
                4893,
                639
            ],
            "48": [
                520,
                4802,
                519
            ],
            "49": [
                609,
                610,
                4667
            ],
            "50": [
                4788,
                624
            ],
            "51": [
                4773,
                4772,
                4774
            ],
            "52": [
                4877,
                4878,
                4879
            ],
            "53": [
                4818,
                4817,
                850
            ],
            "54": [
                775,
                4803,
                4863
            ],
            "55": [
                731,
                730,
                4953
            ],
            "56": [
                4759,
                4758,
                760
            ],
            "57": [
                4833,
                715
            ],
            "5": [
                475
            ],
            "10": [
                401
            ],
            "6": [
                384,
                385
            ],
            "13": [
                430,
                4952
            ],
            "7": [
                5042
            ],
            "21": [
                4891
            ],
            "8": [
                699
            ],
            "27": [
                4922,
                4921
            ],
            "9": [
                4849
            ],
            "32": [
                4846,
                370
            ],
            "11": [
                5057
            ],
            "22": [
                4981,
                386
            ],
            "12": [
                744
            ],
            "28": [
                4907,
                490
            ],
            "14": [
                4801
            ],
            "17": [
                4607,
                4608,
                4609
            ],
            "15": [
                611
            ],
            "23": [
                4681,
                4682
            ],
            "16": [
                925
            ],
            "33": [
                400
            ],
            "18": [
                895,
                894,
                896
            ],
            "24": [
                4651,
                504,
                505
            ],
            "19": [
                849
            ],
            "29": [
                551,
                550
            ],
            "20": [
                834
            ],
            "34": [
                4728,
                804
            ],
            "25": [
                729,
                4668,
                4669
            ],
            "30": [
                5028,
                821,
                5027
            ],
            "26": [
                955,
                4819,
                4760
            ],
            "35": [
                4789,
                880
            ],
            "31": [
                4983,
                820
            ],
            "36": [
                4969,
                805
            ],
            "0": [
                5041
            ],
            "58": [
                416
            ],
            "59": [
                4906
            ],
            "60": [
                340
            ],
            "61": [
                355
            ],
            "63": [
                460
            ],
            "1": [
                369
            ],
            "65": [
                4546,
                443
            ],
            "66": [
                414
            ],
            "67": [
                399
            ],
            "2": [
                4816
            ],
            "69": [
                459
            ],
            "70": [
                4757
            ],
            "71": [
                4742,
                4743,
                684
            ],
            "72": [
                4744
            ],
            "75": [
                626
            ],
            "76": [
                5119,
                5118
            ],
            "77": [
                5104
            ],
            "78": [
                5029,
                881
            ],
            "79": [
                985,
                4894,
                956
            ],
            "3": [
                4653
            ],
            "84": [
                774,
                4683
            ],