{
    "config": "N_1000-991.7035085110385s-1_A200",
    "num_vars": 116,
    "num_qubit": 216,
    "time_elapsed": 0.0249176025390625,
    "best_state": {
        "sample": [
            1,
            0,
            0,
            0,
            1,
            0,
            0,
            0,
            0,
            0,
            0,
            0,
            0,
            0,
            0,
            0,
            0,
            0,
            0,
            0,
            1,
            0,
            0,
            1,
            0,
            0,
            0,
            0,
            0,
            0,
            0,
            0,
            0,
            0,
            1,
            0,
            0,
            0,
            0,
            0,
            0,
            0,
            1,
            0,
            0,
            1,
            1,
            0,
            0,
            1,
            0,
            0,
            0,
            0,
            1,
            0,
            0,
            0,
            1,
            0,
            0,
            1,
            0,
            1,
            1,
            0,
            1,
            1,
            1,
            1,
            1,
            0,
            0,
            0,
            1,
            0,
            1,
            1,
            1,
            0,
            0,
            0,
            0,
            1,
            1,
            1,
            1,
            0,
            0,
            0,
            0,
            0,
            0,
            0,
            0,
            0,
            0,
            0,
            1,
            1,
            1,
            1,
            1,
            1,
            1,
            1,
            1,
            1,
            1,
            1,
            1,
            1,
            0,
            0,
            1,
            1
        ],
        "energy": 2456.0,
        "chain_break_fraction": 0.04310344827586207
    },
    "chain_strength_prefactor": 0.15,
    "chain_strength": 991.7035085110385,
    "max_chain_length": 4,
    "timing_info": {
        "qpu_sampling_time": 282820.0,
        "qpu_anneal_time_per_sample": 200.0,
        "qpu_readout_time_per_sample": 62.28,
        "qpu_access_time": 298750.77,
        "qpu_access_overhead_time": 1354.23,
        "qpu_programming_time": 15930.77,
        "qpu_delay_time_per_sample": 20.54,
        "total_post_processing_time": 99.0,
        "post_processing_overhead_time": 99.0
    },
    "embedding_info": {
        "embedding": {
            "45": [
                1011,
                1010,
                4205,
                1012
            ],
            "46": [
                996,
                995
            ],
            "51": [
                1145,
                4041,
                3995
            ],
            "47": [
                4280,
                4279,
                1176
            ],
            "52": [
                4206,
                1146
            ],
            "48": [
                1086,
                1085,
                4055,
                4115
            ],
            "53": [
                1131,
                4010,
                1132
            ],
            "49": [
                936,
                4071,
                4070,
                937
            ],
            "54": [
                4326,
                1267,
                1266,
                4325
            ],
            "50": [
                4220,
                1087
            ],
            "55": [
                1101,
                4160,
                1102
            ],
            "56": [
                4145,
                1116,
                1161
            ],
            "57": [
                3965,
                1160
            ],
            "58": [
                4100,
                4101,
                4099
            ],
            "59": [
                1026,
                1025,
                4175
            ],
            "60": [
                1190,
                4026,
                1191
            ],
            "61": [
                1251,
                4221
            ],
            "62": [
                4191,
                4190
            ],
            "63": [
                1175,
                3950,
                4056
            ],
            "64": [
                1070,
                1071,
                3935
            ],
            "65": [
                1056,
                4085,
                4086
            ],
            "5": [
                4204
            ],
            "11": [
                4415
            ],
            "6": [
                4025
            ],
            "16": [
                997
            ],
            "7": [
                1222
            ],
            "22": [
                907,
                906,
                908
            ],
            "8": [
                3815
            ],
            "27": [
                861,
                862,
                4054
            ],
            "9": [
                938
            ],
            "33": [
                4339,
                967
            ],
            "10": [
                4310
            ],
            "39": [
                981
            ],
            "12": [
                4040
            ],
            "17": [
                3994
            ],
            "13": [
                3830,
                1130
            ],
            "28": [
                4009,
                921
            ],
            "14": [
                1342
            ],
            "34": [
                952,
                4324
            ],
            "15": [
                4295
            ],
            "40": [
                4189,
                4159,
                966
            ],
            "18": [
                4251
            ],
            "23": [
                4084,
                1041
            ],
            "19": [
                1159
            ],
            "29": [
                935,
                3964
            ],
            "20": [
                4102
            ],
            "35": [
                892,
                891,
                890
            ],
            "21": [
                4176
            ],
            "41": [
                3904
            ],
            "24": [
                1220,
                1221
            ],
            "30": [
                1236,
                1235,
                1237
            ],
            "25": [
                4146,
                4147
            ],
            "36": [
                4222,
                1297
            ],
            "26": [
                1341
            ],
            "42": [
                1386,
                1385,
                4192
            ],
            "31": [
                3997,
                1430,
                3996
            ],
            "37": [
                3951,
                1340
            ],
            "32": [
                1205,
                4011
            ],
            "43": [
                1370,
                3936,
                3982
            ],
            "38": [
                1311,
                4057
            ],
            "44": [
                4087
            ],
            "0": [
                1058
            ],
            "66": [
                4430
            ],
            "67": [
                953,
                4459
            ],
            "68": [
                4369
            ],
            "69": [
                4354
            ],
            "70": [
                982
            ],
            "1": [
                4219
            ],
            "72": [
                831,
                830
            ],