{
    "config": "N_1000-2644.5426893627696s-1_A200",
    "num_vars": 116,
    "num_qubit": 214,
    "time_elapsed": 0.024912595748901367,
    "best_state": {
        "sample": [
            0,
            0,
            1,
            0,
            0,
            0,
            0,
            0,
            0,
            0,
            0,
            0,
            0,
            0,
            0,
            0,
            0,
            0,
            0,
            0,
            0,
            0,
            0,
            0,
            0,
            1,
            1,
            0,
            0,
            1,
            1,
            0,
            0,
            0,
            1,
            0,
            0,
            0,
            0,
            0,
            0,
            0,
            0,
            0,
            0,
            0,
            0,
            0,
            0,
            0,
            0,
            0,
            0,
            0,
            0,
            1,
            0,
            0,
            1,
            1,
            1,
            1,
            1,
            1,
            1,
            1,
            0,
            0,
            0,
            0,
            1,
            0,
            0,
            0,
            1,
            0,
            0,
            1,
            1,
            1,
            1,
            1,
            1,
            1,
            1,
            0,
            0,
            1,
            1,
            0,
            0,
            0,
            1,
            1,
            1,
            1,
            1,
            1,
            1,
            0,
            0,
            1,
            1,
            1,
            1,
            1,
            1,
            0,
            0,
            0,
            0,
            0,
            0,
            0,
            0,
            0
        ],
        "energy": 462.0,
        "chain_break_fraction": 0.0
    },
    "chain_strength_prefactor": 0.4,
    "chain_strength": 2644.5426893627696,
    "max_chain_length": 4,
    "timing_info": {
        "qpu_sampling_time": 337020.0,
        "qpu_anneal_time_per_sample": 200.0,
        "qpu_readout_time_per_sample": 116.48,
        "qpu_access_time": 352945.17,
        "qpu_access_overhead_time": 2687.83,
        "qpu_programming_time": 15925.17,
        "qpu_delay_time_per_sample": 20.54,
        "total_post_processing_time": 28.0,
        "post_processing_overhead_time": 28.0
    },
    "embedding_info": {
        "embedding": {
            "45": [
                4863,
                4864
            ],
            "46": [
                4788,
                4789,
                715
            ],
            "51": [
                895,
                4804,
                4924
            ],
            "47": [
                731,
                730,
                732
            ],
            "52": [
                820,
                4998,
                821
            ],
            "48": [
                4817,
                4818,
                685
            ],
            "53": [
                850,
                849,
                4939
            ],
            "49": [
                745,
                4743,
                4744
            ],
            "54": [
                775,
                776
            ],
            "50": [
                4908,
                655,
                654
            ],
            "55": [
                761,
                760
            ],
            "56": [
                4833,
                700,
                4834
            ],
            "57": [
                866,
                865,
                864
            ],
            "58": [
                4803,
                789,
                4802
            ],
            "59": [
                4772,
                4773,
                4774,
                490
            ],
            "60": [
                4954,
                4983,
                835,
                834
            ],
            "61": [
                805,
                804,
                4878
            ],
            "62": [
                4847,
                4848,
                595
            ],
            "63": [
                684,
                4728,
                4729
            ],
            "64": [
                4758,
                4759,
                639
            ],
            "65": [
                4713,
                669,
                670
            ],
            "5": [
                970
            ],
            "11": [
                641,
                640
            ],
            "6": [
                880
            ],
            "16": [
                717,
                716
            ],
            "7": [
                5223
            ],
            "22": [
                5179,
                5178,
                912
            ],
            "8": [
                4714,
                819
            ],
            "28": [
                687,
                686,
                5177
            ],
            "9": [
                699
            ],
            "34": [
                4952,
                4742,
                444,
                445
            ],
            "10": [
                4907
            ],
            "39": [
                4968,
                625
            ],
            "12": [
                4894
            ],
            "17": [
                896
            ],
            "13": [
                5149
            ],
            "23": [
                5089,
                927
            ],
            "14": [
                774,
                4609
            ],
            "29": [
                5104,
                851,
                5103
            ],
            "15": [
                4892,
                4893
            ],
            "40": [
                5058,
                746
            ],
            "18": [
                701,
                5043
            ],
            "24": [
                955,
                956
            ],
            "19": [
                4623
            ],
            "30": [
                5027,
                5028
            ],
            "20": [
                4668
            ],
            "35": [
                340,
                4801,
                341
            ],
            "21": [
                4831
            ],
            "41": [
                4922,
                416
            ],
            "25": [
                4549,
                924,
                833
            ],
            "31": [
                4953
            ],
            "26": [
                4684,
                4683
            ],
            "36": [
                4876,
                4877
            ],
            "27": [
                4712
            ],
            "42": [
                535
            ],
            "32": [
                4593
            ],
            "37": [
                4637,
                4636,
                638
            ],
            "33": [
                624,
                4682
            ],
            "43": [
                4652
            ],
            "38": [
                4607,
                458,
                4608
            ],
            "44": [
                549,
                4622
            ],
            "0": [
                5148
            ],
            "66": [
                5133
            ],
            "67": [
                702
            ],
            "68": [
                5163,
                5162
            ],
            "69": [
                536,
                537
            ],
            "70": [
                4967
            ],
            "1": [
                985
            ],