{
    "config": "F_1000-3152.4730201426423s-1_A200",
    "num_vars": 22,
    "num_qubit": 30,
    "time_elapsed": 0.01677560806274414,
    "best_state": {
        "sample": [
            1,
            1,
            0,
            1,
            0,
            0,
            0,
            1,
            0,
            0,
            0,
            1,
            1,
            1,
            1,
            0,
            1,
            0,
            0,
            0,
            0,
            0
        ],
        "energy": 295.0,
        "chain_break_fraction": 0.0
    },
    "chain_strength": 3152.4730201426423,
    "max_chain_length": 2,
    "timing_info": {
        "qpu_sampling_time": 276940.0,
        "qpu_anneal_time_per_sample": 200.0,
        "qpu_readout_time_per_sample": 56.4,
        "qpu_access_time": 292864.77,
        "qpu_access_overhead_time": 1794.23,
        "qpu_programming_time": 15924.77,
        "qpu_delay_time_per_sample": 20.54,
        "total_post_processing_time": 1.0,
        "post_processing_overhead_time": 1.0
    },
    "embedding_info": {
        "embedding": {
            "12": [
                2183
            ],
            "13": [
                2168
            ],
            "16": [
                2243,
                4526
            ],
            "14": [
                4451
            ],
            "17": [
                2213,
                4361
            ],
            "15": [
                4421,
                2138
            ],
            "18": [
                4496
            ],
            "19": [
                4376,
                2198
            ],
            "20": [
                4481
            ],
            "21": [
                2152,
                2153
            ],
            "2": [
                2047
            ],
            "10": [
                2062
            ],
            "3": [
                2108
            ],
            "5": [
                2078
            ],
            "4": [
                2122,
                4300
            ],
            "7": [
                2077
            ],
            "6": [
                2092,
                4346
            ],
            "8": [
                2107
            ],
            "9": [
                4406
            ],
            "11": [
                4391
            ],
            "0": [
                4330
            ],
            "1": [
                2018,
                4450
            ]
        },
        "chain_break_method": "majority_vote",
        "embedding_parameters": {},
        "chain_strength": 3152.4730201426423
    }
}