{
    "config": "L_1000-482.2616762335945s-1_A200",
    "num_vars": 55,
    "num_qubit": 91,
    "time_elapsed": 0.021991491317749023,
    "best_state": {
        "sample": [
            0,
            1,
            0,
            1,
            0,
            0,
            0,
            1,
            0,
            0,
            0,
            1,
            1,
            1,
            0,
            1,
            0,
            0,
            0,
            0,
            0,
            0,
            1,
            0,
            0,
            0,
            1,
            0,
            0,
            0,
            0,
            0,
            1,
            1,
            0,
            0,
            1,
            0,
            0,
            0,
            0,
            0,
            1,
            0,
            0,
            0,
            0,
            0,
            0,
            0,
            0,
            0,
            0,
            0,
            0
        ],
        "energy": 1435.0,
        "chain_break_fraction": 0.01818181818181818
    },
    "chain_strength_prefactor": 0.3,
    "chain_strength": 482.2616762335945,
    "max_chain_length": 3,
    "timing_info": {
        "qpu_sampling_time": 269020.0,
        "qpu_anneal_time_per_sample": 200.0,
        "qpu_readout_time_per_sample": 48.48,
        "qpu_access_time": 284946.77,
        "qpu_access_overhead_time": 1209.23,
        "qpu_programming_time": 15926.77,
        "qpu_delay_time_per_sample": 20.54,
        "total_post_processing_time": 1.0,
        "post_processing_overhead_time": 1.0
    },
    "embedding_info": {
        "embedding": {
            "3": [
                3784,
                3783
            ],
            "0": [
                814,
                3753
            ],
            "6": [
                3708,
                709
            ],
            "9": [
                739
            ],
            "12": [
                723,
                724
            ],
            "16": [
                3738,
                769
            ],
            "1": [
                3829
            ],
            "2": [
                3814
            ],
            "4": [
                964,
                3769
            ],
            "5": [
                949
            ],
            "7": [
                574,
                573
            ],
            "8": [
                588,
                589
            ],
            "10": [
                3648,
                663
            ],
            "11": [
                3678
            ],
            "13": [
                753,
                3618
            ],
            "14": [
                3558,
                797
            ],
            "15": [
                3468
            ],
            "17": [
                813,
                3694
            ],
            "18": [
                3664
            ],
            "19": [
                754
            ],
            "26": [
                3845,
                979
            ],
            "49": [
                844,
                3844
            ],
            "27": [
                3724,
                1039,
                3815
            ],
            "50": [
                874
            ],
            "20": [
                1024,
                3754
            ],
            "51": [
                3739,
                963
            ],
            "21": [
                935,
                934
            ],
            "52": [
                3649
            ],
            "37": [
                3693,
                618
            ],
            "42": [
                617,
                3498
            ],
            "38": [
                3572
            ],
            "43": [
                678,
                3557
            ],
            "31": [
                648
            ],
            "44": [
                3603,
                798
            ],
            "32": [
                3663,
                603
            ],
            "45": [
                708
            ],
            "34": [
                632,
                633
            ],
            "39": [
                3528,
                738
            ],
            "53": [
                768,
                3453
            ],
            "35": [
                3542,
                3543
            ],
            "40": [
                693
            ],
            "54": [
                3573,
                843
            ],
            "23": [
                859,
                3799
            ],
            "28": [
                3709,
                904
            ],
            "46": [
                783,
                3723,
                782
            ],
            "24": [
                888,
                889
            ],
            "29": [
                919,
                3679
            ],
            "47": [
                3529,
                858
            ],
            "22": [
                3860
            ],
            "25": [
                3859
            ],
            "30": [
                3634
            ],
            "33": [
                3587
            ],
            "36": [
                647
            ],
            "41": [
                3588
            ],
            "48": [
                3514
            ]
        },
        "chain_break_method": "majority_vote",
        "embedding_parameters": {},
        "chain_strength": 482.2616762335945
    }
}