{
    "config": "N_1000-7615.085765665043s-1_A200",
    "num_vars": 99,
    "num_qubit": 187,
    "time_elapsed": 0.025089740753173828,
    "best_state": {
        "sample": [
            0,
            1,
            0,
            0,
            0,
            1,
            0,
            0,
            0,
            0,
            0,
            0,
            0,
            0,
            1,
            0,
            0,
            0,
            0,
            0,
            0,
            0,
            0,
            0,
            0,
            0,
            0,
            0,
            0,
            0,
            0,
            0,
            0,
            0,
            1,
            0,
            0,
            0,
            0,
            0,
            1,
            0,
            1,
            0,
            1,
            1,
            1,
            1,
            1,
            1,
            0,
            1,
            0,
            0,
            1,
            0,
            1,
            1,
            0,
            1,
            1,
            1,
            1,
            1,
            1,
            0,
            0,
            0,
            0,
            0,
            0,
            0,
            0,
            0,
            0,
            0,
            0,
            0,
            0,
            0,
            0,
            0,
            0,
            0,
            0,
            0,
            0,
            0,
            0,
            0,
            0,
            1,
            1,
            1,
            1,
            1,
            1,
            1,
            1
        ],
        "energy": 1694.0,
        "chain_break_fraction": 0.020202020202020204
    },
    "chain_strength_prefactor": 0.25,
    "chain_strength": 7615.085765665043,
    "max_chain_length": 4,
    "timing_info": {
        "qpu_sampling_time": 292140.0,
        "qpu_anneal_time_per_sample": 200.0,
        "qpu_readout_time_per_sample": 71.6,
        "qpu_access_time": 308065.97,
        "qpu_access_overhead_time": 1212.03,
        "qpu_programming_time": 15925.97,
        "qpu_delay_time_per_sample": 20.54,
        "total_post_processing_time": 1.0,
        "post_processing_overhead_time": 1.0
    },
    "embedding_info": {
        "embedding": {
            "38": [
                3549,
                1788,
                1787
            ],
            "39": [
                3535,
                1923,
                3534
            ],
            "44": [
                3654,
                3655
            ],
            "40": [
                1849,
                3685,
                1848
            ],
            "45": [
                1863,
                3624
            ],
            "41": [
                3473,
                3474,
                1682
            ],
            "46": [
                3564,
                3563,
                1773
            ],
            "42": [
                1669,
                1668,
                3684
            ],
            "47": [
                1728,
                3609
            ],
            "43": [
                3489,
                3490,
                1877
            ],
            "48": [
                1819,
                1818
            ],
            "49": [
                1833,
                1834,
                3520
            ],
            "50": [
                3519,
                1743
            ],
            "51": [
                1713,
                1712,
                3639
            ],
            "52": [
                3594,
                1878,
                3593
            ],
            "53": [
                3578,
                3579,
                1683
            ],
            "54": [
                3743,
                3742,
                3744
            ],
            "55": [
                1804,
                3789,
                1803,
                1729
            ],
            "56": [
                1698,
                3669,
                3623,
                1697
            ],
            "57": [
                1623,
                3458,
                3459,
                3518
            ],
            "58": [
                1654,
                3699,
                1653
            ],
            "6": [
                3610,
                1983
            ],
            "14": [
                3445,
                1892
            ],
            "7": [
                1850
            ],
            "18": [
                1938,
                1937
            ],
            "8": [
                3472
            ],
            "24": [
                1759,
                1758,
                1757
            ],
            "9": [
                3638
            ],
            "29": [
                3504,
                3503
            ],
            "10": [
                2043
            ],
            "15": [
                1954,
                1953
            ],
            "11": [
                1864,
                3819
            ],
            "19": [
                1908,
                3700,
                3670
            ],
            "12": [
                3562
            ],
            "25": [
                3849,
                1774
            ],
            "13": [
                1820
            ],
            "33": [
                3804
            ],
            "16": [
                1835
            ],
            "20": [
                3759,
                3760
            ],
            "17": [
                1894,
                1893
            ],
            "34": [
                1879
            ],
            "21": [
                1413,
                1414,
                3577
            ],
            "26": [
                1684
            ],
            "22": [
                1444,
                3637
            ],
            "30": [
                1533,
                1532,
                1534
            ],
            "23": [
                3908,
                3907
            ],
            "35": [
                3758,
                3757
            ],
            "27": [
                3668
            ],
            "31": [
                1473,
                3622
            ],
            "28": [
                1624,
                3713
            ],
            "36": [
                1548,
                3608
            ],
            "32": [
                3698
            ],
            "37": [
                3803
            ],
            "0": [
                3430
            ],
            "59": [
                1922
            ],
            "60": [
                3354,
                3355
            ],
            "61": [
                1742
            ],
            "1": [
                3805
            ],
            "63": [
                1924,
                3820
            ],
            "64": [
                3729
            ],
            "65": [
                1789
            ],
            "2": [
                3625
            ],
            "67": [
                2058
            ],
            "68": [
                1969,
                3745
            ],
            "69": [
                1909,
                3865
            ],
            "71": [
                3895
            ],
            "72": [
                3880,
                3879
            ],
            "73": [
                3894,
                3893
            ],
            "74": [
                1519,
                3848
            ],
            "75": [
                1504
            ],
            "3": [
                1458
            ],
            "80": [
                1443
            ],
            "81": [
                3547
            ],
            "82": [
                1428
            ],