{
    "config": "L_1000-80528.2961098444s-1_A200",
    "num_vars": 138,
    "num_qubit": 503,
    "time_elapsed": 0.05648493766784668,
    "best_state": {
        "sample": [
            0,
            0,
            1,
            1,
            0,
            0,
            0,
            0,
            1,
            0,
            1,
            0,
            0,
            0,
            1,
            1,
            0,
            0,
            0,
            1,
            0,
            0,
            1,
            1,
            0,
            0,
            0,
            0,
            0,
            0,
            0,
            1,
            0,
            1,
            0,
            0,
            0,
            0,
            0,
            1,
            0,
            0,
            0,
            0,
            0,
            0,
            0,
            0,
            0,
            0,
            0,
            0,
            0,
            1,
            0,
            1,
            1,
            0,
            0,
            0,
            0,
            0,
            0,
            0,
            0,
            0,
            0,
            0,
            0,
            0,
            0,
            1,
            0,
            0,
            1,
            0,
            1,
            0,
            0,
            1,
            1,
            0,
            0,
            0,
            0,
            0,
            0,
            0,
            0,
            0,
            0,
            0,
            0,
            0,
            0,
            0,
            0,
            0,
            0,
            0,
            0,
            0,
            0,
            0,
            0,
            0,
            0,
            0,
            0,
            0,
            0,
            0,
            0,
            0,
            0,
            0,
            0,
            0,
            0,
            0,
            0,
            0,
            0,
            0,
            0,
            0,
            0,
            0,
            0,
            0,
            0,
            0,
            0,
            0,
            0,
            0,
            0,
            0
        ],
        "energy": 487946.0,
        "chain_break_fraction": 0.021739130434782608
    },
    "chain_strength": 80528.2961098444,
    "max_chain_length": 8,
    "timing_info": {
        "qpu_sampling_time": 316180.0,
        "qpu_anneal_time_per_sample": 200.0,
        "qpu_readout_time_per_sample": 95.64,
        "qpu_access_time": 332107.97,
        "qpu_access_overhead_time": 11196.03,
        "qpu_programming_time": 15927.97,
        "qpu_delay_time_per_sample": 20.54,
        "total_post_processing_time": 9.0,
        "post_processing_overhead_time": 9.0
    },
    "embedding_info": {
        "embedding": {
            "3": [
                3670,
                1908,
                3669,
                3671,
                3672
            ],
            "0": [
                2044,
                3790,
                3883,
                3881,
                3882,
                2043,
                2042
            ],
            "6": [
                2389,
                2388,
                2387,
                3328,
                3642,
                3641,
                3640
            ],
            "9": [
                3490,
                3491,
                3492,
                3493,
                1998,
                1999
            ],
            "12": [
                3506,
                2178,
                2179,
                3746,
                3747,
                3748,
                3686
            ],
            "16": [
                3431,
                3430,
                2132,
                3432,
                1907
            ],
            "20": [
                3582,
                2328,
                2418,
                2419,
                2417,
                3583
            ],
            "24": [
                3387,
                2342,
                2343,
                2344,
                2345,
                2446,
                3253
            ],
            "1": [
                3896,
                2089,
                2088,
                3897,
                2087,
                3895,
                3898,
                2285
            ],
            "2": [
                2120
            ],
            "4": [
                1804,
                1803
            ],
            "5": [
                1819
            ],
            "7": [
                3236,
                2221,
                3237,
                2461,
                3235,
                3234
            ],
            "8": [
                3102,
                2386
            ],
            "10": [
                1848,
                1847,
                3325,
                3535,
                1938,
                1939,
                3594
            ],
            "11": [
                3549,
                3550
            ],
            "13": [
                3761,
                2254,
                2253,
                3762,
                3763,
                3760,
                2164
            ],
            "14": [
                2299,
                3807
            ],
            "15": [
                2268,
                3702
            ],
            "17": [
                3416,
                2237,
                2267,
                2266,
                2265,
                3476,
                3475
            ],
            "18": [
                2116,
                2117,
                3161
            ],
            "19": [
                3461
            ],
            "21": [
                2373,
                2374,
                3523,
                3612
            ],
            "22": [
                3658,
                2493
            ],
            "23": [
                3538
            ],
            "25": [
                2568,
                2567,
                2566,
                2569,
                2570,
                3463,
                3704
            ],
            "26": [
                2581,
                2580,
                3238,
                3329
            ],
            "27": [
                3388
            ],
            "49": [
                1983,
                1984,
                1985,
                1982,
                3595,
                1981
            ],
            "66": [
                2000,
                3865
            ],
            "84": [
                3836,
                3835,
                2180
            ],
            "99": [
                2059,
                2058,
                2057,
                2060,
                3925
            ],
            "113": [
                3956,
                3957,
                3955,
                2420,
                2315
            ],
            "126": [
                3942,
                3941,
                3940,
                3943,
                2360,
                2600
            ],
            "50": [
                2103,
                2102,
                2101,
                2104,
                2105
            ],
            "67": [
                3909,
                3910,
                1940,
                4000
            ],
            "85": [
                2150,
                3911,
                3971
            ],
            "100": [
                4031,
                2016,
                2015,
                2014,
                2013,
                2135,
                2012
            ],
            "114": [
                2376,
                4002,
                4001,
                2375,
                4033
            ],