{
    "config": "F_1000-174420.899734869s-1_A200",
    "num_vars": 49,
    "num_qubit": 116,
    "time_elapsed": 0.021207571029663086,
    "best_state": {
        "sample": [
            1,
            0,
            0,
            0,
            1,
            1,
            0,
            0,
            0,
            0,
            1,
            0,
            0,
            0,
            0,
            0,
            1,
            0,
            1,
            0,
            0,
            0,
            0,
            0,
            0,
            0,
            0,
            0,
            1,
            1,
            1,
            1,
            1,
            1,
            0,
            0,
            0,
            0,
            0,
            0,
            1,
            1,
            1,
            1,
            1,
            1,
            1,
            1,
            1
        ],
        "energy": 38125.0,
        "chain_break_fraction": 0.02040816326530612
    },
    "chain_strength": 174420.899734869,
    "max_chain_length": 4,
    "timing_info": {
        "qpu_sampling_time": 272260.0,
        "qpu_anneal_time_per_sample": 200.0,
        "qpu_readout_time_per_sample": 51.72,
        "qpu_access_time": 288188.37,
        "qpu_access_overhead_time": 2856.63,
        "qpu_programming_time": 15928.37,
        "qpu_delay_time_per_sample": 20.54,
        "total_post_processing_time": 27.0,
        "post_processing_overhead_time": 27.0
    },
    "embedding_info": {
        "embedding": {
            "28": [
                1280,
                1281
            ],
            "29": [
                3815,
                3816,
                1324
            ],
            "34": [
                3861,
                1115
            ],
            "30": [
                3981,
                1295
            ],
            "35": [
                3934,
                3935,
                3936
            ],
            "31": [
                1310,
                3966,
                3892
            ],
            "36": [
                935,
                3890,
                3891
            ],
            "32": [
                1340,
                4086,
                1339
            ],
            "37": [
                1266,
                1265
            ],
            "33": [
                3906,
                3905,
                1159
            ],
            "38": [
                1130,
                3846
            ],
            "39": [
                1190,
                1189
            ],
            "40": [
                3920,
                3921,
                3919
            ],
            "41": [
                3877,
                3876,
                1144
            ],
            "42": [
                3830,
                3831,
                1100
            ],
            "43": [
                1175,
                1174
            ],
            "44": [
                1251,
                4071,
                1250
            ],
            "45": [
                1204,
                4041,
                1205
            ],
            "46": [
                4161,
                1176,
                1236,
                1235
            ],
            "47": [
                1220,
                1219,
                4011
            ],
            "48": [
                3951,
                3950,
                1385
            ],
            "4": [
                1039
            ],
            "9": [
                1054
            ],
            "5": [
                1055,
                3875
            ],
            "24": [
                1070,
                1069
            ],
            "6": [
                980
            ],
            "12": [
                951,
                3994,
                890
            ],
            "7": [
                3964,
                875,
                876
            ],
            "16": [
                936,
                4114
            ],
            "8": [
                1071,
                4145,
                4146
            ],
            "20": [
                4055,
                4056
            ],
            "10": [
                906,
                905
            ],
            "17": [
                1040,
                3904,
                1041
            ],
            "11": [
                3965
            ],
            "25": [
                1025,
                1024
            ],
            "13": [
                4085,
                4084
            ],
            "18": [
                4100,
                4099
            ],
            "14": [
                1116,
                4026,
                4025
            ],
            "21": [
                995,
                4070,
                996
            ],
            "15": [
                4010,
                4009,
                1160
            ],
            "26": [
                1010,
                4040
            ],
            "19": [
                4160,
                4159,
                1056
            ],
            "22": [
                1026,
                4129,
                4130
            ],
            "23": [
                1085,
                1086,
                3860
            ],
            "27": [
                1145,
                3995,
                1146
            ],
            "0": [
                3710
            ],
            "1": [
                965
            ],
            "2": [
                1101
            ],
            "3": [
                3980
            ]
        },
        "chain_break_method": "majority_vote",
        "embedding_parameters": {},
        "chain_strength": 174420.899734869
    }
}