{
    "num_vars": {
        "L": {
            "mean": 124.47142857142858,
            "std": 30.417908929994994
        },
        "F": {
            "mean": 54.72857142857143,
            "std": 12.685110989515485
        },
        "N": {
            "mean": 90.64285714285714,
            "std": 27.234450721878876
        }
    },
    "num_qubit": {
        "L": {
            "mean": 411.0571428571429,
            "std": 172.5482032621018
        },
        "F": {
            "mean": 160.88571428571427,
            "std": 60.84442523052258
        },
        "N": {
            "mean": 167.3,
            "std": 55.3238130077301
        }
    },
    "non_zero": {
        "L": {
            "mean": 789.6857142857143,
            "std": 246.61500028860155
        },
        "F": {
            "mean": 418.1714285714286,
            "std": 144.7997604011999
        },
        "N": {
            "mean": 344.74285714285713,
            "std": 96.4897752857466
        }
    },
    "avg_chain_length": {
        "L": {
            "mean": 3.119810013621924,
            "std": 0.7662339639619088
        },
        "F": {
            "mean": 2.799795399259786,
            "std": 0.620438424426068
        },
        "N": {
            "mean": 1.7985475971671652,
            "std": 0.1729052187635065
        }
    },
    "max_chain_length": {
        "L": {
            "mean": 6.357142857142857,
            "std": 1.9126325484279834
        },
        "F": {
            "mean": 4.3428571428571425,
            "std": 1.0808160182501565
        },
        "N": {
            "mean": 3.5428571428571427,
            "std": 0.6694499722205703
        }
    },
    "time_elapsed": {
        "L": {
            "mean": 0.07052602086748395,
            "std": 0.05973722706778917
        },
        "F": {
            "mean": 0.03621307781764439,
            "std": 0.025495514593224973
        },
        "N": {
            "mean": 0.03264070578983852,
            "std": 0.015188852973027474
        }
    },
    "success_rate": {
        "L": {
            "mean": 0.002928571428571429,
            "std": 0.023966239009174932
        },
        "F": {
            "mean": 0.017428571428571422,
            "std": 0.11840265096315218
        },
        "N": {
            "mean": 0.43281428571428565,
            "std": 0.23042949295715118
        }
    },
    "optimal_rate": {
        "L": {
            "mean": 0.002928571428571429,
            "std": 0.023966239009174932
        },
        "F": {
            "mean": 0.014914285714285712,
            "std": 0.11845478255521844
        },
        "N": {
            "mean": 0.051899999999999995,
            "std": 0.16568948151803203
        }
    }
}