{
    "time_elapsed": {
        "0.1": {
            "mean": 0.03309384636257006,
            "std": 0.012374855257303665
        },
        "0.15": {
            "mean": 0.03020203631857167,
            "std": 0.011541346933520338
        },
        "0.2": {
            "mean": 0.027038491290548573,
            "std": 0.0073797446805035655
        },
        "0.25": {
            "mean": 0.056630487027375595,
            "std": 0.059530794796359233
        },
        "0.3": {
            "mean": 0.030375667240308678,
            "std": 0.009258349322683934
        },
        "0.35": {
            "mean": 0.062181379484093705,
            "std": 0.038448202787227034
        },
        "0.4": {
            "mean": 0.026049800541089928,
            "std": 0.006987416356115789
        },
        "0.45": {
            "mean": 0.09108772485152535,
            "std": 0.15729745262378367
        },
        "0.5": {
            "mean": 0.02832613820615022,
            "std": 0.007811301584065796
        }
    },
    "success_rate": {
        "0.1": {
            "mean": 0.04369565217391304,
            "std": 0.20176168352196647
        },
        "0.15": {
            "mean": 0.07917391304347825,
            "std": 0.20859752221920672
        },
        "0.2": {
            "mean": 0.22782608695652176,
            "std": 0.21679937673861824
        },
        "0.25": {
            "mean": 0.4377391304347825,
            "std": 0.2258945920770983
        },
        "0.3": {
            "mean": 0.37708695652173907,
            "std": 0.2594261079422069
        },
        "0.35": {
            "mean": 0.21886956521739134,
            "std": 0.23031175550956565
        },
        "0.4": {
            "mean": 0.1712173913043478,
            "std": 0.23114553227100645
        },
        "0.45": {
            "mean": 0.12317391304347824,
            "std": 0.22484267972032917
        },
        "0.5": {
            "mean": 0.15817391304347825,
            "std": 0.22850528529210698
        }
    },
    "optimal_rate": {
        "0.1": {
            "mean": 0.043304347826086956,
            "std": 0.20183881532648956
        },
        "0.15": {
            "mean": 0.050260869565217386,
            "std": 0.20234177229785041
        },
        "0.2": {
            "mean": 0.058086956521739126,
            "std": 0.20665701747907317
        },
        "0.25": {
            "mean": 0.07121739130434782,
            "std": 0.20882777520613136
        },
        "0.3": {
            "mean": 0.07239130434782609,
            "std": 0.21024493772129002
        },
        "0.35": {
            "mean": 0.062347826086956507,
            "std": 0.20661992174156754
        },
        "0.4": {
            "mean": 0.058173913043478256,
            "std": 0.2046531853551086
        },
        "0.45": {
            "mean": 0.048695652173913036,
            "std": 0.20073331535681835
        },
        "0.5": {
            "mean": 0.05343478260869565,
            "std": 0.20246563338802367
        }
    }
}