{
    "time_elapsed": {
        "0.2": {
            "mean": 0.033850608553205215,
            "std": 0.014526840562033941
        },
        "0.25": {
            "mean": 0.03264070578983852,
            "std": 0.015188852973027474
        },
        "0.3": {
            "mean": 0.030632288115365166,
            "std": 0.0136614059403091
        },
        "0.35": {
            "mean": 0.032802094732012066,
            "std": 0.014859381732253756
        },
        "0.4": {
            "mean": 0.05648417813437326,
            "std": 0.029966787871180244
        }
    },
    "success_rate": {
        "0.2": {
            "mean": 0.27025714285714286,
            "std": 0.20866971069914605
        },
        "0.25": {
            "mean": 0.43281428571428565,
            "std": 0.23042949295715118
        },
        "0.3": {
            "mean": 0.34931428571428563,
            "std": 0.23684615518198684
        },
        "0.35": {
            "mean": 0.2836000000000001,
            "std": 0.21924802654267414
        },
        "0.4": {
            "mean": 0.23252857142857145,
            "std": 0.2327892192783955
        }
    },
    "optimal_rate": {
        "0.2": {
            "mean": 0.040285714285714286,
            "std": 0.1564044338846425
        },
        "0.25": {
            "mean": 0.051899999999999995,
            "std": 0.16568948151803203
        },
        "0.3": {
            "mean": 0.042742857142857145,
            "std": 0.15651688048754045
        },
        "0.35": {
            "mean": 0.04281428571428572,
            "std": 0.15729074923821287
        },
        "0.4": {
            "mean": 0.0365,
            "std": 0.15078658049422985
        }
    }
}