{
    "running_time": {
        "SA": {
            "mean": 215.4736382620675,
            "std": 134.50210592484677
        },
        "QA": {
            "mean": 295.5891585714286,
            "std": 25.644580828591348
        }
    },
    "time_to_solution": {
        "SA": {
            "mean": 2.078588057654245,
            "std": 1.3677452751146755
        },
        "QA": {
            "mean": 2.767515003328571,
            "std": 0.6799116348948622
        }
    },
    "success_rate": {
        "SA": {
            "mean": 0.8003142857142858,
            "std": 0.18836814584039133
        },
        "QA": {
            "mean": 0.3743142857142857,
            "std": 0.24147330777406215
        }
    },
    "optimal_rate": {
        "SA": {
            "mean": 0.09008571428571428,
            "std": 0.19224543411684844
        },
        "QA": {
            "mean": 0.07014285714285713,
            "std": 0.20899051828897378
        }
    }
}