{
    "running_time": {
        "SA": {
            "mean": 193.22795186723982,
            "std": 107.27761094862278
        },
        "QA": {
            "mean": 299.7828728571429,
            "std": 23.785618158656717
        }
    },
    "time_to_solution": {
        "SA": {
            "mean": 1.8726739730153765,
            "std": 1.0969965161534743
        },
        "QA": {
            "mean": 2.7777351019257144,
            "std": 0.6903948482954985
        }
    },
    "success_rate": {
        "SA": {
            "mean": 0.7922571428571429,
            "std": 0.20066907269106984
        },
        "QA": {
            "mean": 0.38331428571428566,
            "std": 0.24843507590269037
        }
    },
    "optimal_rate": {
        "SA": {
            "mean": 0.08262857142857141,
            "std": 0.1909565523828894
        },
        "QA": {
            "mean": 0.07765714285714286,
            "std": 0.21428391618293213
        }
    }
}