{
    "running_time": {
        "SA": {
            "mean": 207.2717689332508,
            "std": 116.40864589084573
        },
        "QA": {
            "mean": 293.5554271428572,
            "std": 23.352059055998257
        }
    },
    "time_to_solution": {
        "SA": {
            "mean": 1.9995238337062655,
            "std": 1.1915772311961244
        },
        "QA": {
            "mean": 2.6959847072833334,
            "std": 0.6562502595343589
        }
    },
    "success_rate": {
        "SA": {
            "mean": 0.7973809523809523,
            "std": 0.1981233324858116
        },
        "QA": {
            "mean": 0.5068333333333334,
            "std": 0.25498103726567467
        }
    },
    "optimal_rate": {
        "SA": {
            "mean": 0.08204761904761904,
            "std": 0.17697066643951292
        },
        "QA": {
            "mean": 0.0865,
            "std": 0.20679000735736033
        }
    }
}