{
    "time_elapsed": {
        "SA": {
            "mean": 0.2464775460106986,
            "std": 0.13167966190102146
        },
        "QA": {
            "mean": 0.03673094340733119,
            "std": 0.034564556333370654
        }
    },
    "success_rate": {
        "SA": {
            "mean": 0.8386142857142858,
            "std": 0.16870407674447016
        },
        "QA": {
            "mean": 0.2846857142857143,
            "std": 0.24385777721902593
        }
    },
    "optimal_rate": {
        "SA": {
            "mean": 0.05085714285714286,
            "std": 0.14233725400453326
        },
        "QA": {
            "mean": 0.03507142857142857,
            "std": 0.15188325605341677
        }
    }
}