{
    "config": "L_1000-1172.167173626198s-1_A200",
    "num_vars": 123,
    "num_qubit": 377,
    "time_elapsed": 0.15646600723266602,
    "best_state": {
        "sample": [
            0,
            1,
            0,
            0,
            1,
            0,
            0,
            1,
            0,
            0,
            0,
            0,
            0,
            0,
            0,
            1,
            1,
            0,
            0,
            1,
            1,
            0,
            0,
            1,
            0,
            0,
            0,
            0,
            0,
            0,
            0,
            0,
            0,
            0,
            0,
            0,
            0,
            0,
            0,
            0,
            0,
            0,
            1,
            0,
            0,
            0,
            0,
            0,
            0,
            0,
            0,
            0,
            0,
            1,
            0,
            0,
            0,
            0,
            0,
            0,
            0,
            0,
            0,
            0,
            0,
            0,
            0,
            0,
            0,
            1,
            0,
            0,
            0,
            0,
            0,
            0,
            0,
            0,
            0,
            0,
            0,
            0,
            0,
            0,
            0,
            0,
            0,
            0,
            0,
            0,
            0,
            0,
            0,
            0,
            0,
            0,
            0,
            0,
            0,
            0,
            1,
            0,
            1,
            0,
            1,
            0,
            0,
            0,
            0,
            0,
            0,
            0,
            1,
            0,
            0,
            0,
            0,
            0,
            0,
            0,
            0,
            0,
            0
        ],
        "energy": 3819.0,
        "chain_break_fraction": 0.024390243902439025
    },
    "chain_strength": 1172.167173626198,
    "max_chain_length": 6,
    "timing_info": {
        "qpu_sampling_time": 359680.0,
        "qpu_anneal_time_per_sample": 200.0,
        "qpu_readout_time_per_sample": 139.14,
        "qpu_access_time": 375439.17,
        "qpu_access_overhead_time": 3125.83,
        "qpu_programming_time": 15759.17,
        "qpu_delay_time_per_sample": 20.54,
        "total_post_processing_time": 29.0,
        "post_processing_overhead_time": 29.0
    },
    "embedding_info": {
        "embedding": {
            "3": [
                3996,
                1311,
                1312,
                3995,
                1310
            ],
            "0": [
                1461,
                4072,
                4071,
                1462,
                1463,
                1460
            ],
            "6": [
                1431,
                1430,
                3982,
                4222,
                1490
            ],
            "9": [
                3892,
                3893
            ],
            "12": [
                4086,
                1296,
                1297,
                1295,
                4085,
                4084
            ],
            "16": [
                1564,
                3863,
                3862,
                1565,
                1566,
                1567
            ],
            "20": [
                4207,
                1326,
                1325,
                4208,
                4206,
                1324
            ],
            "24": [
                3951,
                1370,
                3950,
                1369
            ],
            "1": [
                4477,
                4476,
                4475,
                4478,
                1178
            ],
            "2": [
                4521,
                4522
            ],
            "4": [
                4146,
                1191,
                1192
            ],
            "5": [
                1161,
                4236,
                1160
            ],
            "7": [
                1416,
                4087,
                4088,
                1417,
                4252
            ],
            "8": [
                1491,
                4012
            ],
            "10": [
                1580,
                3907
            ],
            "11": [
                1549
            ],
            "13": [
                966,
                965,
                967,
                4129,
                964,
                3754
            ],
            "14": [
                936,
                937,
                4055
            ],
            "15": [
                4099
            ],
            "17": [
                1609,
                3833,
                1610,
                1611,
                1612
            ],
            "18": [
                3788,
                1639
            ],
            "19": [
                3713
            ],
            "21": [
                4266,
                4267,
                4265,
                1387
            ],
            "22": [
                1132,
                1133
            ],
            "23": [
                1117
            ],
            "25": [
                3936,
                1265,
                1400,
                3935,
                1264
            ],
            "26": [
                1205,
                3920
            ],
            "27": [
                1085
            ],
            "43": [
                1342,
                4326,
                1343
            ],
            "57": [
                1433,
                1432,
                4552,
                4567
            ],
            "75": [
                4505,
                4506,
                1298,
                4504,
                4402
            ],
            "88": [
                4447,
                4446,
                1568,
                4448
            ],
            "100": [
                1328,
                1327
            ],
            "44": [
                4371,
                1268
            ],
            "58": [
                4372,
                1448,
                4462
            ],
            "76": [
                4416,
                4417,
                4415,
                1238
            ],
            "89": [
                4492,
                4491,
                4493,
                1613,
                1253
            ],
            "101": [
                4461,
                1388
            ],
            "28": [
                1251,
                1252
            ],
            "59": [
                4161,
                1341,
                4162
            ],
            "77": [
                4191,
                4190
            ],
            "102": [
                4176,
                1221
            ],
            "113": [
                1235,
                1236
            ],
            "29": [
                1207,
                1206,
                4341,
                1208
            ],
            "60": [
                4116,
                1356,
                4115
            ],
            "78": [
                1056,
                4130,
                4160
            ],
            "103": [
                1176,
                4221
            ],
            "114": [
                4056,
                1175,
                1131
            ],
            "31": [
                4282,
                1536,
                1447
            ],
            "45": [
                4132,
                1581,
                4131
            ],