{
    "config": "N_1000-2541.6293866947526s-1_A200",
    "num_vars": 87,
    "num_qubit": 159,
    "time_elapsed": 0.04897904396057129,
    "best_state": {
        "sample": [
            0,
            0,
            0,
            0,
            1,
            0,
            0,
            0,
            0,
            0,
            0,
            0,
            0,
            0,
            0,
            0,
            0,
            0,
            0,
            0,
            0,
            0,
            0,
            1,
            0,
            0,
            1,
            0,
            1,
            0,
            0,
            0,
            1,
            1,
            1,
            1,
            0,
            1,
            1,
            1,
            1,
            0,
            0,
            1,
            1,
            0,
            0,
            1,
            0,
            0,
            0,
            0,
            1,
            0,
            0,
            1,
            0,
            0,
            0,
            0,
            0,
            0,
            0,
            0,
            0,
            0,
            0,
            0,
            0,
            0,
            0,
            0,
            0,
            0,
            1,
            1,
            1,
            1,
            1,
            1,
            0,
            0,
            0,
            1,
            1,
            1,
            1
        ],
        "energy": 699.0,
        "chain_break_fraction": 0.034482758620689655
    },
    "chain_strength_prefactor": 0.2,
    "chain_strength": 2541.6293866947526,
    "max_chain_length": 3,
    "timing_info": {
        "qpu_sampling_time": 275800.0,
        "qpu_anneal_time_per_sample": 200.0,
        "qpu_readout_time_per_sample": 55.26,
        "qpu_access_time": 291728.37,
        "qpu_access_overhead_time": 1895.63,
        "qpu_programming_time": 15928.37,
        "qpu_delay_time_per_sample": 20.54,
        "total_post_processing_time": 16.0,
        "post_processing_overhead_time": 16.0
    },
    "embedding_info": {
        "embedding": {
            "33": [
                3934,
                3935
            ],
            "34": [
                3919,
                875,
                3920
            ],
            "39": [
                3814,
                905,
                3815
            ],
            "35": [
                1220,
                3905,
                3904
            ],
            "40": [
                1160,
                1159
            ],
            "36": [
                1040,
                4010
            ],
            "41": [
                3965,
                1115
            ],
            "37": [
                1085,
                1086,
                4040
            ],
            "42": [
                3950,
                3949
            ],
            "38": [
                1024,
                1025
            ],
            "43": [
                935,
                3845,
                3846
            ],
            "44": [
                1009,
                3800,
                1010
            ],
            "45": [
                3979,
                3980
            ],
            "46": [
                995,
                994
            ],
            "47": [
                950,
                3860
            ],
            "48": [
                1144,
                1145
            ],
            "49": [
                3996,
                1205,
                3995
            ],
            "50": [
                3875,
                3876
            ],
            "51": [
                4025,
                4026,
                1070
            ],
            "52": [
                1100,
                3830,
                1101
            ],
            "53": [
                3890,
                3891,
                1055
            ],
            "5": [
                920
            ],
            "9": [
                890
            ],
            "6": [
                1038,
                1039
            ],
            "19": [
                906,
                4009
            ],
            "7": [
                4042,
                4041
            ],
            "24": [
                4115,
                4114
            ],
            "8": [
                3786,
                3785
            ],
            "28": [
                1026
            ],
            "14": [
                889
            ],
            "11": [
                4206,
                4207,
                1161
            ],
            "15": [
                3770,
                3769
            ],
            "12": [
                1114
            ],
            "20": [
                965,
                964,
                3964
            ],
            "13": [
                1234
            ],
            "29": [
                4099,
                936
            ],
            "16": [
                1189,
                3755
            ],
            "21": [
                4072,
                4071
            ],
            "17": [
                1339,
                1340
            ],
            "25": [
                4146,
                1296,
                1221
            ],
            "18": [
                3877,
                1369
            ],
            "30": [
                1250,
                1251,
                4011
            ],
            "22": [
                1190
            ],
            "26": [
                4131,
                1266,
                1265
            ],
            "23": [
                4086,
                4085,
                1401
            ],
            "31": [
                4161,
                4160
            ],
            "27": [
                3892,
                1295
            ],
            "32": [
                1280
            ],
            "0": [
                4039
            ],
            "54": [
                4024
            ],
            "55": [
                921
            ],
            "56": [
                4129
            ],
            "1": [
                3844
            ],
            "58": [
                3859
            ],
            "59": [
                874
            ],
            "60": [
                979,
                3784
            ],
            "61": [
                980
            ],
            "2": [
                4222
            ],
            "63": [
                1416
            ],
            "64": [
                4057
            ],
            "65": [
                1311
            ],
            "66": [
                1310,
                3906
            ],
            "3": [
                3635
            ],
            "69": [
                3650
            ],
            "70": [
                1129
            ],
            "71": [
                3861,
                1130
            ],
            "72": [
                1131,
                4130
            ],
            "73": [
                1056
            ],
            "4": [
                4027
            ],
            "77": [
                1325
            ],
            "78": [
                3966
            ],
            "79": [
                1235,
                3981
            ],
            "80": [
                3921
            ],
            "83": [
                3802,
                3801
            ],
            "84": [
                1400,
                1399
            ],
            "85": [
                1370,
                3936
            ],
            "86": [
                3951,
                1355
            ],
            "67": [
                1219,
                3816
            ],
            "68": [
                1324
            ],