{
    "config": "N_1000-3812.4440800421285s-1_A200",
    "num_vars": 87,
    "num_qubit": 164,
    "time_elapsed": 0.048995018005371094,
    "best_state": {
        "sample": [
            1,
            1,
            0,
            0,
            0,
            0,
            0,
            0,
            0,
            0,
            0,
            0,
            0,
            0,
            0,
            0,
            0,
            0,
            0,
            0,
            0,
            0,
            0,
            0,
            0,
            0,
            0,
            0,
            0,
            0,
            0,
            0,
            1,
            1,
            1,
            1,
            1,
            1,
            1,
            1,
            1,
            1,
            1,
            1,
            0,
            0,
            1,
            0,
            0,
            0,
            0,
            1,
            1,
            1,
            1,
            1,
            1,
            1,
            1,
            1,
            0,
            0,
            0,
            0,
            0,
            0,
            0,
            0,
            0,
            0,
            0,
            0,
            0,
            0,
            0,
            0,
            0,
            0,
            0,
            0,
            0,
            0,
            0,
            0,
            0,
            0,
            0
        ],
        "energy": 698.0,
        "chain_break_fraction": 0.011494252873563218
    },
    "chain_strength": 3812.4440800421285,
    "max_chain_length": 4,
    "timing_info": {
        "qpu_sampling_time": 333420.0,
        "qpu_anneal_time_per_sample": 200.0,
        "qpu_readout_time_per_sample": 112.88,
        "qpu_access_time": 349348.37,
        "qpu_access_overhead_time": 1432.63,
        "qpu_programming_time": 15928.37,
        "qpu_delay_time_per_sample": 20.54,
        "total_post_processing_time": 27.0,
        "post_processing_overhead_time": 27.0
    },
    "embedding_info": {
        "embedding": {
            "33": [
                4677,
                4678
            ],
            "34": [
                2409,
                2408
            ],
            "39": [
                4663,
                2529,
                4588
            ],
            "35": [
                2454,
                4827,
                2453
            ],
            "40": [
                2544,
                4693,
                4692
            ],
            "36": [
                4738,
                2484,
                4737
            ],
            "41": [
                4722,
                4723,
                2499
            ],
            "37": [
                2424,
                2423,
                2425
            ],
            "42": [
                2514,
                4603,
                4708
            ],
            "38": [
                2468,
                4497,
                2469
            ],
            "43": [
                4558,
                4557,
                2559,
                2498
            ],
            "44": [
                4662,
                2364,
                2363
            ],
            "45": [
                4618,
                4617
            ],
            "46": [
                4573,
                2379
            ],
            "47": [
                4482,
                2438
            ],
            "48": [
                2319,
                2320
            ],
            "49": [
                2395,
                4857,
                2394
            ],
            "50": [
                4632,
                4633
            ],
            "51": [
                2289,
                4707
            ],
            "52": [
                2333,
                2334
            ],
            "53": [
                4647,
                4648,
                4646
            ],
            "5": [
                4679
            ],
            "9": [
                2589
            ],
            "6": [
                4798
            ],
            "15": [
                2619,
                4828
            ],
            "7": [
                2259
            ],
            "20": [
                4754,
                4753
            ],
            "8": [
                5007
            ],
            "25": [
                4872,
                4873
            ],
            "14": [
                2724,
                4664
            ],
            "11": [
                2545
            ],
            "16": [
                4694,
                2634
            ],
            "12": [
                2274
            ],
            "21": [
                4769,
                4768
            ],
            "13": [
                4574
            ],
            "29": [
                2588
            ],
            "17": [
                4812,
                2335
            ],
            "22": [
                4842,
                2455
            ],
            "18": [
                4948,
                4947,
                2396
            ],
            "26": [
                4903,
                2485,
                4902
            ],
            "19": [
                2664,
                2663,
                2665
            ],
            "30": [
                2604,
                2603,
                2605
            ],
            "23": [
                4767
            ],
            "27": [
                2290,
                4811
            ],
            "24": [
                4422,
                2348,
                2272
            ],
            "31": [
                2318,
                4572
            ],
            "28": [
                2139,
                2138,
                2140
            ],
            "32": [
                4631,
                2154
            ],
            "0": [
                4784
            ],
            "54": [
                4799
            ],
            "55": [
                2575
            ],
            "56": [
                2560
            ],
            "1": [
                2754
            ],
            "58": [
                2739,
                4634
            ],
            "59": [
                4709
            ],
            "60": [
                2694
            ],
            "61": [
                4619,
                2679
            ],
            "2": [
                4783
            ],
            "63": [
                2530
            ],
            "64": [
                4888
            ],
            "65": [
                2440
            ],
            "66": [
                4918
            ],
            "67": [
                4934,
                2590
            ],
            "71": [
                4782
            ],
            "72": [
                4797
            ],
            "73": [
                2228,
                2229
            ],
            "74": [
                2288,
                4481
            ],
            "3": [
                2351
            ],
            "78": [
                2366
            ],
            "79": [
                2200,
                2201,
                4977
            ],
            "80": [
                2244,
                4826,
                2243
            ],
            "81": [
                2155
            ],
            "4": [
                4589
            ],
            "84": [
                2648
            ],
            "85": [
                4467,
                4468
            ],
            "86": [
                4466
            ],
            "87": [
                2168,
                4496,
                2273
            ],
            "68": [
                4813
            ],