{
    "config": "N_1000-3177.0367333684408s-1_A200",
    "num_vars": 87,
    "num_qubit": 162,
    "time_elapsed": 0.03334498405456543,
    "best_state": {
        "sample": [
            1,
            1,
            0,
            0,
            0,
            0,
            0,
            0,
            0,
            0,
            0,
            0,
            0,
            0,
            0,
            0,
            0,
            0,
            0,
            0,
            0,
            0,
            0,
            0,
            0,
            0,
            0,
            0,
            0,
            0,
            0,
            0,
            1,
            1,
            1,
            1,
            0,
            1,
            1,
            1,
            1,
            0,
            1,
            1,
            1,
            0,
            1,
            0,
            0,
            0,
            0,
            1,
            1,
            1,
            1,
            1,
            1,
            1,
            1,
            1,
            0,
            0,
            0,
            0,
            0,
            0,
            0,
            0,
            0,
            0,
            0,
            0,
            0,
            0,
            0,
            0,
            0,
            0,
            0,
            0,
            0,
            0,
            0,
            0,
            0,
            0,
            0
        ],
        "energy": 698.0,
        "chain_break_fraction": 0.011494252873563218
    },
    "chain_strength_prefactor": 0.25,
    "chain_strength": 3177.0367333684408,
    "max_chain_length": 4,
    "timing_info": {
        "qpu_sampling_time": 288720.0,
        "qpu_anneal_time_per_sample": 200.0,
        "qpu_readout_time_per_sample": 68.18,
        "qpu_access_time": 304646.77,
        "qpu_access_overhead_time": 1284.23,
        "qpu_programming_time": 15926.77,
        "qpu_delay_time_per_sample": 20.54,
        "total_post_processing_time": 1.0,
        "post_processing_overhead_time": 1.0
    },
    "embedding_info": {
        "embedding": {
            "33": [
                2188,
                2187
            ],
            "34": [
                2218,
                5411
            ],
            "39": [
                5216,
                2142,
                2143
            ],
            "35": [
                2203,
                2202,
                5426
            ],
            "40": [
                2307,
                2308,
                5186
            ],
            "36": [
                5276,
                5277,
                2112
            ],
            "41": [
                5231,
                5232
            ],
            "37": [
                2172,
                5096,
                2173
            ],
            "42": [
                2322,
                5262,
                5261
            ],
            "38": [
                2398,
                5367,
                5366,
                2397
            ],
            "43": [
                5172,
                5171,
                2382
            ],
            "44": [
                5292,
                2292
            ],
            "45": [
                5322,
                2262
            ],
            "46": [
                5351,
                2277
            ],
            "47": [
                2217,
                5246,
                5247
            ],
            "48": [
                2368,
                2367,
                5337
            ],
            "49": [
                2487,
                5202,
                5201
            ],
            "50": [
                5158,
                5157
            ],
            "51": [
                2231,
                2232
            ],
            "52": [
                2352,
                5112,
                2353
            ],
            "53": [
                2246,
                2247,
                2245
            ],
            "5": [
                5396
            ],
            "9": [
                5321
            ],
            "6": [
                2204
            ],
            "15": [
                5307,
                5306,
                5308
            ],
            "7": [
                2171
            ],
            "24": [
                5156
            ],
            "8": [
                2396
            ],
            "28": [
                5082,
                5081
            ],
            "14": [
                2293,
                5381
            ],
            "11": [
                5472
            ],
            "16": [
                5427,
                2383
            ],
            "12": [
                5230
            ],
            "20": [
                2412,
                2413
            ],
            "13": [
                2381
            ],
            "29": [
                2426
            ],
            "17": [
                5126,
                5127,
                5128
            ],
            "21": [
                5397,
                2473
            ],
            "18": [
                2486,
                4978
            ],
            "25": [
                5141,
                2158,
                2157
            ],
            "19": [
                2456
            ],
            "30": [
                2532,
                5113
            ],
            "22": [
                5007,
                2230,
                5006
            ],
            "26": [
                2156,
                5066,
                4991
            ],
            "23": [
                2321,
                5067
            ],
            "31": [
                2306
            ],
            "27": [
                4962
            ],
            "32": [
                4947
            ],
            "0": [
                5336
            ],
            "54": [
                2038
            ],
            "55": [
                2097,
                2096,
                5365
            ],
            "56": [
                2081
            ],
            "1": [
                2263
            ],
            "58": [
                2278
            ],
            "59": [
                5412
            ],
            "60": [
                2428
            ],
            "61": [
                2427
            ],
            "2": [
                2219
            ],
            "63": [
                5487
            ],
            "64": [
                2323
            ],
            "65": [
                5442,
                5441,
                2338
            ],
            "66": [
                5142,
                5143,
                2337
            ],
            "67": [
                2441
            ],
            "3": [
                5245
            ],
            "71": [
                5111,
                2022
            ],
            "72": [
                2141
            ],
            "73": [
                5021
            ],
            "74": [
                2276,
                5052
            ],
            "4": [
                2186
            ],
            "77": [
                2425,
                4917,
                4916
            ],
            "78": [
                2455,
                4933
            ],
            "79": [
                4932
            ],
            "80": [
                2216
            ],
            "83": [
                5022
            ],
            "84": [
                5037
            ],
            "85": [
                2336,
                4977
            ],
            "86": [
                2260,
                4841
            ],
            "68": [
                2501,
                2502,
                5293
            ],