{
    "config": "N_1000-2541.6293866947526s-1_A200",
    "num_vars": 87,
    "num_qubit": 153,
    "time_elapsed": 0.023842811584472656,
    "best_state": {
        "sample": [
            1,
            1,
            0,
            0,
            0,
            0,
            0,
            0,
            0,
            0,
            0,
            0,
            0,
            0,
            0,
            0,
            0,
            0,
            0,
            0,
            0,
            0,
            0,
            0,
            0,
            0,
            0,
            0,
            0,
            0,
            0,
            0,
            0,
            0,
            0,
            0,
            1,
            0,
            1,
            0,
            0,
            1,
            0,
            0,
            0,
            1,
            0,
            0,
            1,
            0,
            1,
            0,
            0,
            1,
            1,
            1,
            1,
            1,
            1,
            1,
            0,
            0,
            0,
            0,
            0,
            0,
            0,
            0,
            0,
            0,
            0,
            0,
            0,
            0,
            0,
            0,
            0,
            0,
            0,
            0,
            0,
            0,
            0,
            0,
            0,
            0,
            0
        ],
        "energy": 698.0,
        "chain_break_fraction": 0.034482758620689655
    },
    "chain_strength_prefactor": 0.2,
    "chain_strength": 2541.6293866947526,
    "max_chain_length": 3,
    "timing_info": {
        "qpu_sampling_time": 285880.0,
        "qpu_anneal_time_per_sample": 200.0,
        "qpu_readout_time_per_sample": 65.34,
        "qpu_access_time": 301805.17,
        "qpu_access_overhead_time": 1314.83,
        "qpu_programming_time": 15925.17,
        "qpu_delay_time_per_sample": 20.54,
        "total_post_processing_time": 211.0,
        "post_processing_overhead_time": 211.0
    },
    "embedding_info": {
        "embedding": {
            "33": [
                4261,
                471,
                4262
            ],
            "34": [
                4232,
                276,
                4231
            ],
            "39": [
                4247,
                456
            ],
            "35": [
                397,
                4291
            ],
            "40": [
                501,
                4081,
                502
            ],
            "36": [
                4322,
                4321,
                562
            ],
            "41": [
                487,
                486
            ],
            "37": [
                4217,
                4216
            ],
            "42": [
                4276,
                441
            ],
            "38": [
                336,
                337
            ],
            "43": [
                396,
                4126
            ],
            "44": [
                4186,
                4187
            ],
            "45": [
                4172,
                4171
            ],
            "46": [
                426
            ],
            "47": [
                4142,
                4141,
                606
            ],
            "48": [
                382,
                4306
            ],
            "49": [
                411,
                412,
                4111
            ],
            "50": [
                351,
                352
            ],
            "51": [
                4201,
                321,
                4202
            ],
            "52": [
                366,
                4096,
                367
            ],
            "53": [
                306,
                4156,
                305
            ],
            "5": [
                4263
            ],
            "9": [
                472
            ],
            "6": [
                4292
            ],
            "15": [
                457
            ],
            "7": [
                277
            ],
            "20": [
                532
            ],
            "8": [
                217
            ],
            "24": [
                516
            ],
            "14": [
                4248
            ],
            "11": [
                591,
                4082
            ],
            "16": [
                4398,
                4397
            ],
            "12": [
                4275
            ],
            "25": [
                621,
                4277,
                4112
            ],
            "13": [
                395
            ],
            "29": [
                4037,
                440
            ],
            "17": [
                383,
                4396
            ],
            "21": [
                547,
                546,
                4307
            ],
            "18": [
                307,
                4336
            ],
            "26": [
                4052
            ],
            "19": [
                275,
                4051
            ],
            "30": [
                4006,
                350
            ],
            "22": [
                232,
                233,
                4185
            ],
            "27": [
                4080,
                216
            ],
            "23": [
                156,
                4095
            ],
            "31": [
                231,
                4021
            ],
            "28": [
                215,
                3945
            ],
            "32": [
                3915,
                185
            ],
            "0": [
                4412
            ],
            "54": [
                4367,
                563
            ],
            "55": [
                4352
            ],
            "56": [
                517
            ],
            "1": [
                712
            ],
            "58": [
                697
            ],
            "59": [
                4233,
                667
            ],
            "60": [
                682,
                681
            ],
            "61": [
                4097,
                561
            ],
            "2": [
                592
            ],
            "63": [
                577,
                576
            ],
            "64": [
                4007
            ],
            "65": [
                4022,
                455
            ],
            "66": [
                425
            ],
            "67": [
                3991
            ],
            "3": [
                4411
            ],
            "71": [
                4426
            ],
            "72": [
                247,
                246,
                4140
            ],
            "73": [
                4110
            ],
            "74": [
                4125
            ],
            "77": [
                4260
            ],
            "78": [
                4305,
                172
            ],
            "79": [
                170,
                171
            ],
            "80": [
                3930
            ],
            "4": [
                410
            ],
            "84": [
                3961
            ],
            "85": [
                3960,
                245
            ],
            "86": [
                155
            ],
            "87": [
                3900
            ],
            "68": [
                4441,
                442
            ],
            "69": [
                4351
            ],
            "70": [
                291,
                290,
                292
            ],
            "75": [
                4382,
                548,
                4381
            ],