{
    "config": "N_1000-4447.851426715817s-1_A200",
    "num_vars": 87,
    "num_qubit": 163,
    "time_elapsed": 0.05211186408996582,
    "best_state": {
        "sample": [
            0,
            0,
            0,
            0,
            1,
            0,
            0,
            0,
            0,
            0,
            0,
            0,
            0,
            0,
            0,
            0,
            0,
            0,
            0,
            1,
            0,
            0,
            0,
            0,
            0,
            0,
            0,
            0,
            1,
            0,
            1,
            0,
            1,
            1,
            1,
            0,
            1,
            0,
            1,
            1,
            0,
            1,
            0,
            1,
            0,
            1,
            0,
            0,
            0,
            0,
            1,
            0,
            0,
            0,
            0,
            0,
            0,
            0,
            0,
            1,
            0,
            0,
            0,
            0,
            0,
            0,
            0,
            0,
            0,
            0,
            1,
            1,
            1,
            1,
            0,
            0,
            0,
            0,
            0,
            0,
            0,
            1,
            1,
            1,
            1,
            1,
            1
        ],
        "energy": 697.0,
        "chain_break_fraction": 0.0
    },
    "chain_strength_prefactor": 0.35,
    "chain_strength": 4447.851426715817,
    "max_chain_length": 4,
    "timing_info": {
        "qpu_sampling_time": 289380.0,
        "qpu_anneal_time_per_sample": 200.0,
        "qpu_readout_time_per_sample": 68.84,
        "qpu_access_time": 305305.17,
        "qpu_access_overhead_time": 1548.83,
        "qpu_programming_time": 15925.17,
        "qpu_delay_time_per_sample": 20.54,
        "total_post_processing_time": 1.0,
        "post_processing_overhead_time": 1.0
    },
    "embedding_info": {
        "embedding": {
            "33": [
                3923,
                3922
            ],
            "34": [
                1549,
                1548
            ],
            "39": [
                1518,
                3727,
                1519
            ],
            "35": [
                3833,
                1625
            ],
            "40": [
                1504,
                3848,
                3817
            ],
            "36": [
                3879,
                1714,
                3878
            ],
            "41": [
                3908,
                3907,
                1760
            ],
            "37": [
                1669,
                1670,
                3653
            ],
            "42": [
                1578,
                3668,
                1579,
                1580
            ],
            "38": [
                3864,
                3863,
                1729
            ],
            "43": [
                3757,
                1534
            ],
            "44": [
                3803,
                1564
            ],
            "45": [
                3713,
                1639,
                1640
            ],
            "46": [
                3698,
                1624
            ],
            "47": [
                3773,
                3772
            ],
            "48": [
                1609,
                1610,
                1608
            ],
            "49": [
                1593,
                1594
            ],
            "50": [
                3818,
                1684,
                3819
            ],
            "51": [
                3669,
                1654,
                3728,
                1655
            ],
            "52": [
                1759,
                3758
            ],
            "53": [
                3788,
                1699,
                3789
            ],
            "5": [
                3921
            ],
            "9": [
                3924
            ],
            "6": [
                3880
            ],
            "19": [
                1820,
                3984
            ],
            "7": [
                1668
            ],
            "24": [
                3894,
                1775,
                3939
            ],
            "8": [
                3865
            ],
            "29": [
                3834
            ],
            "14": [
                3832,
                1399
            ],
            "11": [
                3787
            ],
            "15": [
                1474,
                1473,
                1475
            ],
            "12": [
                3999,
                1745,
                4000
            ],
            "20": [
                3969,
                3968
            ],
            "13": [
                3623
            ],
            "25": [
                4044,
                4043,
                4045
            ],
            "16": [
                3534,
                3535,
                3533
            ],
            "21": [
                3744,
                3743,
                1804
            ],
            "17": [
                3578,
                1758
            ],
            "26": [
                3593,
                3594,
                1698
            ],
            "18": [
                1878,
                1879
            ],
            "30": [
                1744,
                3714
            ],
            "22": [
                1773
            ],
            "27": [
                3670,
                1908
            ],
            "23": [
                1849,
                3804
            ],
            "31": [
                3699,
                3700
            ],
            "28": [
                3790,
                1939
            ],
            "32": [
                3729,
                1819
            ],
            "0": [
                3909
            ],
            "54": [
                1850
            ],
            "55": [
                3954
            ],
            "56": [
                1805
            ],
            "1": [
                3906
            ],
            "58": [
                1400
            ],
            "59": [
                1490,
                3982
            ],
            "60": [
                3893,
                1595
            ],
            "61": [
                1565
            ],
            "2": [
                3802
            ],
            "63": [
                1489,
                3742,
                3683
            ],
            "64": [
                3684
            ],
            "65": [
                1728
            ],
            "66": [
                3624,
                1743
            ],
            "3": [
                3895
            ],
            "69": [
                1970
            ],
            "70": [
                1953,
                1954,
                1955
            ],
            "71": [
                1968
            ],
            "72": [
                1984,
                3685
            ],
            "73": [
                1863,
                3715
            ],
            "77": [
                1653
            ],
            "78": [
                3519
            ],
            "79": [
                1818,
                3564
            ],
            "80": [
                1924,
                1923
            ],
            "4": [
                1909
            ],
            "84": [
                3850
            ],
            "85": [
                1864
            ],
            "86": [
                3759
            ],
            "87": [
                3774
            ],