{
    "config": "N_1000-326.25407788000643s-1_A200",
    "num_vars": 72,
    "num_qubit": 134,
    "time_elapsed": 0.02394580841064453,
    "best_state": {
        "sample": [
            1,
            1,
            0,
            0,
            0,
            0,
            0,
            0,
            0,
            0,
            0,
            0,
            0,
            0,
            0,
            1,
            1,
            0,
            0,
            0,
            0,
            0,
            0,
            0,
            1,
            0,
            0,
            1,
            1,
            1,
            1,
            1,
            1,
            0,
            0,
            0,
            0,
            0,
            0,
            1,
            0,
            0,
            1,
            1,
            1,
            0,
            0,
            1,
            1,
            1,
            0,
            0,
            1,
            1,
            1,
            1,
            0,
            1,
            1,
            1,
            1,
            1,
            1,
            0,
            0,
            0,
            0,
            0,
            1,
            1,
            1,
            1
        ],
        "energy": 2049.0,
        "chain_break_fraction": 0.09722222222222222
    },
    "chain_strength_prefactor": 0.1,
    "chain_strength": 326.25407788000643,
    "max_chain_length": 4,
    "timing_info": {
        "qpu_sampling_time": 292800.0,
        "qpu_anneal_time_per_sample": 200.0,
        "qpu_readout_time_per_sample": 72.26,
        "qpu_access_time": 308726.37,
        "qpu_access_overhead_time": 1704.63,
        "qpu_programming_time": 15926.37,
        "qpu_delay_time_per_sample": 20.54,
        "total_post_processing_time": 18.0,
        "post_processing_overhead_time": 18.0
    },
    "embedding_info": {
        "embedding": {
            "27": [
                401,
                402
            ],
            "28": [
                507,
                5176
            ],
            "33": [
                431,
                5117
            ],
            "29": [
                5147,
                5146
            ],
            "34": [
                5085,
                237,
                5086
            ],
            "30": [
                4981,
                491,
                492
            ],
            "35": [
                417,
                416,
                418
            ],
            "31": [
                5205,
                5206,
                222
            ],
            "36": [
                5070,
                5071
            ],
            "32": [
                387,
                5191,
                386
            ],
            "37": [
                311,
                5056
            ],
            "38": [
                5131,
                5132
            ],
            "39": [
                462,
                461,
                5312,
                5237
            ],
            "40": [
                343,
                342,
                341,
                5011
            ],
            "41": [
                446,
                5102,
                5041
            ],
            "42": [
                5160,
                5161,
                281
            ],
            "43": [
                356,
                357
            ],
            "44": [
                5116,
                296
            ],
            "45": [
                372,
                5236,
                371
            ],
            "46": [
                5026,
                5025
            ],
            "47": [
                5101,
                251
            ],
            "3": [
                508
            ],
            "8": [
                5252
            ],
            "4": [
                5145
            ],
            "12": [
                5282,
                5281,
                537
            ],
            "5": [
                4951
            ],
            "23": [
                432
            ],
            "6": [
                192
            ],
            "13": [
                238
            ],
            "7": [
                419
            ],
            "16": [
                5371,
                5370
            ],
            "9": [
                404,
                403
            ],
            "17": [
                5386,
                5385,
                463
            ],
            "10": [
                328,
                5416
            ],
            "20": [
                5356
            ],
            "11": [
                5040
            ],
            "24": [
                447
            ],
            "14": [
                178,
                177
            ],
            "18": [
                5265,
                162,
                5175
            ],
            "15": [
                131,
                132,
                5115
            ],
            "25": [
                326,
                327
            ],
            "19": [
                5355,
                297
            ],
            "21": [
                374,
                373,
                5446
            ],
            "22": [
                5235,
                252
            ],
            "26": [
                267,
                5340,
                266
            ],
            "0": [
                5267
            ],
            "48": [
                477
            ],
            "49": [
                5297
            ],
            "52": [
                493
            ],
            "53": [
                5341
            ],
            "1": [
                5130
            ],
            "55": [
                207
            ],
            "56": [
                5190
            ],
            "57": [
                312
            ],
            "58": [
                5295,
                5296
            ],
            "61": [
                5430,
                5431
            ],
            "62": [
                5445
            ],
            "63": [
                5476,
                163,
                5475
            ],
            "66": [
                313
            ],
            "67": [
                5326
            ],
            "2": [
                4966
            ],
            "69": [
                236
            ],
            "70": [
                5055
            ],
            "71": [
                147,
                146
            ],
            "72": [
                5220
            ],
            "59": [
                223,
                5415
            ],
            "60": [
                5250,
                117
            ],
            "64": [
                193
            ],
            "65": [
                208,
                5325
            ],
            "68": [
                5311,
                358
            ],
            "73": [
                5266
            ],
            "74": [
                282,
                5221
            ]
        },
        "chain_break_method": "majority_vote",
        "embedding_parameters": {},
        "chain_strength": 326.25407788000643
    }
}