{
    "config": "N_1000-1305.0163115200257s-1_A200",
    "num_vars": 72,
    "num_qubit": 124,
    "time_elapsed": 0.03918790817260742,
    "best_state": {
        "sample": [
            1,
            0,
            0,
            1,
            1,
            0,
            0,
            0,
            0,
            0,
            0,
            0,
            0,
            0,
            0,
            0,
            0,
            0,
            0,
            0,
            1,
            0,
            0,
            0,
            0,
            0,
            0,
            1,
            1,
            0,
            1,
            1,
            0,
            0,
            0,
            0,
            0,
            0,
            0,
            0,
            0,
            0,
            1,
            1,
            0,
            1,
            0,
            0,
            1,
            1,
            1,
            1,
            0,
            0,
            0,
            0,
            0,
            0,
            0,
            0,
            1,
            1,
            1,
            1,
            1,
            1,
            0,
            0,
            0,
            0,
            0,
            0
        ],
        "energy": 183.0,
        "chain_break_fraction": 0.0
    },
    "chain_strength_prefactor": 0.4,
    "chain_strength": 1305.0163115200257,
    "max_chain_length": 3,
    "timing_info": {
        "qpu_sampling_time": 351920.0,
        "qpu_anneal_time_per_sample": 200.0,
        "qpu_readout_time_per_sample": 131.38,
        "qpu_access_time": 367677.97,
        "qpu_access_overhead_time": 2140.03,
        "qpu_programming_time": 15757.97,
        "qpu_delay_time_per_sample": 20.54,
        "total_post_processing_time": 54.0,
        "post_processing_overhead_time": 54.0
    },
    "embedding_info": {
        "embedding": {
            "27": [
                1926,
                1925
            ],
            "28": [
                4000,
                2016,
                3999
            ],
            "33": [
                3954,
                1910
            ],
            "29": [
                4135,
                4134,
                2031
            ],
            "34": [
                1880,
                4030,
                1881
            ],
            "30": [
                4165
            ],
            "35": [
                1941,
                1940
            ],
            "31": [
                4149,
                4150
            ],
            "36": [
                1776,
                4164,
                4104
            ],
            "32": [
                1970,
                4045,
                2001
            ],
            "37": [
                4060,
                4059
            ],
            "38": [
                4240,
                1866,
                1865
            ],
            "39": [
                1986,
                1987,
                4015
            ],
            "40": [
                4089,
                1895,
                1821
            ],
            "41": [
                4076,
                4075
            ],
            "42": [
                4255,
                1911,
                4180
            ],
            "43": [
                4179,
                1791
            ],
            "44": [
                1851,
                1852
            ],
            "45": [
                4195,
                1896,
                4194
            ],
            "46": [
                4210,
                1971,
                1972
            ],
            "47": [
                1836,
                1837
            ],
            "3": [
                2017
            ],
            "8": [
                1775
            ],
            "4": [
                4148
            ],
            "19": [
                1761,
                1760
            ],
            "5": [
                4044
            ],
            "23": [
                3970
            ],
            "6": [
                1882
            ],
            "12": [
                4225
            ],
            "7": [
                4118,
                1716
            ],
            "20": [
                4224
            ],
            "9": [
                1867
            ],
            "13": [
                2002,
                4315
            ],
            "10": [
                1988
            ],
            "16": [
                4330
            ],
            "11": [
                4074
            ],
            "24": [
                2060
            ],
            "14": [
                4375,
                1942
            ],
            "17": [
                1912
            ],
            "15": [
                1792,
                4239
            ],
            "21": [
                1822
            ],
            "18": [
                4390,
                4389
            ],
            "25": [
                1927,
                4360
            ],
            "22": [
                4329,
                1762
            ],
            "26": [
                1717,
                4344
            ],
            "0": [
                1790
            ],
            "48": [
                3984
            ],
            "49": [
                3969
            ],
            "52": [
                4345
            ],
            "53": [
                2061,
                2062
            ],
            "55": [
                4299
            ],
            "56": [
                4314
            ],
            "57": [
                1807
            ],
            "60": [
                2003
            ],
            "61": [
                4405
            ],
            "1": [
                4163
            ],
            "63": [
                1686
            ],
            "64": [
                1701
            ],
            "65": [
                4404,
                1702
            ],
            "66": [
                1732
            ],
            "2": [
                1685
            ],
            "69": [
                1700,
                4103
            ],
            "70": [
                1746,
                1747
            ],
            "71": [
                1838,
                4359
            ],
            "72": [
                4374
            ],
            "58": [
                1957,
                1956
            ],
            "59": [
                4284,
                4285
            ],
            "62": [
                1897
            ],
            "67": [
                4209
            ],
            "68": [
                1731,
                4254
            ],
            "73": [
                2046,
                2045,
                2047
            ],
            "74": [
                1777,
                4269,
                4270
            ]
        },
        "chain_break_method": "majority_vote",
        "embedding_parameters": {},
        "chain_strength": 1305.0163115200257
    }
}