{
    "config": "N_1000-978.7622336400193s-1_A200",
    "num_vars": 72,
    "num_qubit": 125,
    "time_elapsed": 0.019503355026245117,
    "best_state": {
        "sample": [
            0,
            0,
            1,
            1,
            0,
            0,
            0,
            0,
            0,
            0,
            0,
            0,
            0,
            0,
            0,
            0,
            0,
            0,
            0,
            0,
            0,
            0,
            0,
            1,
            1,
            0,
            0,
            0,
            1,
            0,
            1,
            1,
            0,
            1,
            0,
            1,
            1,
            0,
            0,
            1,
            1,
            0,
            1,
            1,
            0,
            0,
            0,
            0,
            0,
            0,
            1,
            1,
            0,
            0,
            0,
            0,
            0,
            0,
            0,
            0,
            0,
            0,
            0,
            0,
            0,
            0,
            1,
            1,
            1,
            1,
            1,
            1
        ],
        "energy": 183.0,
        "chain_break_fraction": 0.013888888888888888
    },
    "chain_strength": 978.7622336400193,
    "max_chain_length": 3,
    "timing_info": {
        "qpu_sampling_time": 320840.0,
        "qpu_anneal_time_per_sample": 200.0,
        "qpu_readout_time_per_sample": 100.3,
        "qpu_access_time": 336767.97,
        "qpu_access_overhead_time": 2871.03,
        "qpu_programming_time": 15927.97,
        "qpu_delay_time_per_sample": 20.54,
        "total_post_processing_time": 1.0,
        "post_processing_overhead_time": 1.0
    },
    "embedding_info": {
        "embedding": {
            "27": [
                4660,
                2064
            ],
            "28": [
                2019,
                4630,
                4631
            ],
            "33": [
                1929,
                4705
            ],
            "29": [
                2124,
                4706
            ],
            "34": [
                1959,
                4675
            ],
            "30": [
                2185,
                4781,
                2184
            ],
            "35": [
                4735,
                4736
            ],
            "31": [
                2110,
                2109,
                4825
            ],
            "36": [
                1989,
                1990
            ],
            "32": [
                2170,
                4796,
                2169
            ],
            "37": [
                2049,
                4810
            ],
            "38": [
                4645,
                1974
            ],
            "39": [
                2035,
                2034,
                4840
            ],
            "40": [
                2005,
                2004
            ],
            "41": [
                4691,
                1899,
                4690
            ],
            "42": [
                2094,
                2095,
                2093
            ],
            "43": [
                4720,
                4721,
                1944
            ],
            "44": [
                4750,
                4751
            ],
            "45": [
                4855,
                2020
            ],
            "46": [
                2079,
                2080
            ],
            "47": [
                4765,
                4766
            ],
            "3": [
                4629
            ],
            "8": [
                2289
            ],
            "4": [
                4811
            ],
            "15": [
                4617,
                4616
            ],
            "5": [
                2171
            ],
            "23": [
                4885,
                4886
            ],
            "6": [
                4570
            ],
            "19": [
                4795
            ],
            "7": [
                2050
            ],
            "24": [
                1960
            ],
            "9": [
                1975
            ],
            "12": [
                1794,
                1795,
                4644
            ],
            "10": [
                2245,
                4841
            ],
            "16": [
                4600,
                4601
            ],
            "11": [
                4585
            ],
            "20": [
                4780
            ],
            "13": [
                4899,
                4901,
                4900
            ],
            "17": [
                4946,
                4945
            ],
            "14": [
                4719,
                1810
            ],
            "21": [
                1945
            ],
            "18": [
                2036,
                5005
            ],
            "25": [
                4989,
                4990,
                1915
            ],
            "22": [
                1870,
                1869
            ],
            "26": [
                1855,
                4854
            ],
            "0": [
                2304
            ],
            "48": [
                4602
            ],
            "49": [
                2215,
                2214
            ],
            "52": [
                1898
            ],
            "53": [
                1914,
                1913
            ],
            "55": [
                4930
            ],
            "56": [
                4839,
                1885
            ],
            "1": [
                4826
            ],
            "58": [
                2155
            ],
            "59": [
                4916
            ],
            "60": [
                4915
            ],
            "61": [
                2021
            ],
            "64": [
                1840,
                1839
            ],
            "65": [
                4734,
                1825
            ],
            "66": [
                4809
            ],
            "2": [
                2186
            ],
            "69": [
                4961
            ],
            "70": [
                4976
            ],
            "71": [
                4975,
                1961
            ],
            "72": [
                1856,
                4960
            ],
            "57": [
                4869,
                1750
            ],
            "62": [
                2139,
                2140
            ],
            "63": [
                4931
            ],
            "67": [
                1930
            ],
            "68": [
                4824
            ],
            "73": [
                4870
            ],
            "74": [
                1900
            ]
        },
        "chain_break_method": "majority_vote",
        "embedding_parameters": {},
        "chain_strength": 978.7622336400193
    }
}