{
    "config": "N_1000-1468.1433504600288s-1_A200",
    "num_vars": 72,
    "num_qubit": 131,
    "time_elapsed": 0.022915124893188477,
    "best_state": {
        "sample": [
            1,
            0,
            0,
            1,
            0,
            1,
            0,
            0,
            0,
            0,
            0,
            0,
            0,
            0,
            0,
            0,
            0,
            0,
            0,
            0,
            0,
            0,
            0,
            0,
            1,
            0,
            0,
            1,
            1,
            1,
            1,
            0,
            1,
            1,
            0,
            1,
            0,
            0,
            0,
            1,
            0,
            0,
            1,
            0,
            1,
            0,
            0,
            1,
            1,
            1,
            1,
            1,
            0,
            0,
            0,
            0,
            0,
            0,
            0,
            0,
            0,
            0,
            0,
            0,
            0,
            0,
            1,
            1,
            1,
            1,
            1,
            1
        ],
        "energy": 183.0,
        "chain_break_fraction": 0.0
    },
    "chain_strength_prefactor": 0.45,
    "chain_strength": 1468.1433504600288,
    "max_chain_length": 3,
    "timing_info": {
        "qpu_sampling_time": 294740.0,
        "qpu_anneal_time_per_sample": 200.0,
        "qpu_readout_time_per_sample": 74.2,
        "qpu_access_time": 310669.17,
        "qpu_access_overhead_time": 1581.83,
        "qpu_programming_time": 15929.17,
        "qpu_delay_time_per_sample": 20.54,
        "total_post_processing_time": 1.0,
        "post_processing_overhead_time": 1.0
    },
    "embedding_info": {
        "embedding": {
            "27": [
                2263,
                5412
            ],
            "28": [
                2368,
                2369,
                5352
            ],
            "33": [
                2398,
                2399
            ],
            "29": [
                5382,
                5381,
                2458
            ],
            "34": [
                2413,
                5503
            ],
            "30": [
                2354,
                2353
            ],
            "35": [
                5397,
                2443,
                5396
            ],
            "31": [
                5547,
                5546
            ],
            "36": [
                2383,
                2384
            ],
            "32": [
                5517,
                2233,
                5516
            ],
            "37": [
                5487,
                5488,
                5486
            ],
            "38": [
                2338,
                5457,
                5337
            ],
            "39": [
                5322,
                2203,
                5323
            ],
            "40": [
                2309,
                2308,
                5592
            ],
            "41": [
                5473,
                5472,
                2488
            ],
            "42": [
                5427,
                2428,
                5426
            ],
            "43": [
                2339,
                5532,
                5667
            ],
            "44": [
                5502,
                2278
            ],
            "45": [
                2323,
                2324,
                5367
            ],
            "46": [
                2293,
                5442,
                5441
            ],
            "47": [
                2204,
                5606,
                5607
            ],
            "3": [
                5307
            ],
            "8": [
                2262,
                5277
            ],
            "4": [
                2174
            ],
            "19": [
                2143,
                2144
            ],
            "5": [
                5515
            ],
            "23": [
                2098
            ],
            "6": [
                5395,
                2038
            ],
            "15": [
                5261,
                2173
            ],
            "7": [
                5485
            ],
            "24": [
                2083,
                2082
            ],
            "9": [
                5336
            ],
            "12": [
                5351,
                2247
            ],
            "10": [
                5321
            ],
            "16": [
                5276
            ],
            "11": [
                2264
            ],
            "20": [
                2219,
                5591
            ],
            "13": [
                5410,
                5411,
                2188
            ],
            "17": [
                2113,
                5365
            ],
            "14": [
                2234
            ],
            "21": [
                5666,
                2084
            ],
            "18": [
                5456,
                5455
            ],
            "25": [
                5440,
                2053
            ],
            "22": [
                5560,
                2114
            ],
            "26": [
                5605,
                2054
            ],
            "0": [
                2277
            ],
            "48": [
                5366,
                2158
            ],
            "49": [
                5471
            ],
            "52": [
                5292,
                2232
            ],
            "53": [
                2218
            ],
            "55": [
                2128,
                2129
            ],
            "56": [
                5621
            ],
            "58": [
                2023
            ],
            "59": [
                5425
            ],
            "60": [
                1978
            ],
            "1": [
                5576
            ],
            "63": [
                5561
            ],
            "64": [
                5711,
                2279
            ],
            "65": [
                5725,
                5726
            ],
            "66": [
                2069
            ],
            "2": [
                5500
            ],
            "69": [
                2009
            ],
            "70": [
                5575,
                1994
            ],
            "71": [
                2039
            ],
            "72": [
                1964,
                5590
            ],
            "57": [
                2248,
                2249
            ],
            "61": [
                5350,
                2097
            ],
            "62": [
                1963
            ],
            "67": [
                2159
            ],
            "68": [
                5651
            ],
            "73": [
                5530
            ],
            "74": [
                2024
            ]
        },
        "chain_break_method": "majority_vote",
        "embedding_parameters": {},
        "chain_strength": 1468.1433504600288
    }
}