{
    "config": "N_1000-23587.5558824084s-1_A200",
    "num_vars": 115,
    "num_qubit": 220,
    "time_elapsed": 0.04421424865722656,
    "best_state": {
        "sample": [
            0,
            1,
            0,
            0,
            0,
            0,
            0,
            0,
            0,
            0,
            0,
            0,
            0,
            0,
            0,
            0,
            0,
            0,
            0,
            0,
            0,
            0,
            0,
            1,
            0,
            0,
            0,
            0,
            1,
            0,
            0,
            0,
            0,
            0,
            0,
            1,
            0,
            0,
            1,
            1,
            0,
            0,
            0,
            1,
            0,
            1,
            0,
            0,
            0,
            0,
            1,
            1,
            1,
            1,
            0,
            0,
            0,
            0,
            0,
            1,
            0,
            0,
            0,
            0,
            0,
            0,
            0,
            0,
            0,
            0,
            0,
            0,
            0,
            0,
            0,
            0,
            1,
            1,
            0,
            0,
            0,
            1,
            1,
            0,
            0,
            1,
            1,
            0,
            0,
            1,
            1,
            1,
            0,
            1,
            1,
            1,
            0,
            0,
            0,
            0,
            1,
            0,
            0,
            1,
            1,
            1,
            1,
            1,
            1,
            1,
            1,
            1,
            1,
            1,
            1
        ],
        "energy": 9795.0,
        "chain_break_fraction": 0.008695652173913044
    },
    "chain_strength_prefactor": 0.2,
    "chain_strength": 23587.5558824084,
    "max_chain_length": 4,
    "timing_info": {
        "qpu_sampling_time": 325260.0,
        "qpu_anneal_time_per_sample": 200.0,
        "qpu_readout_time_per_sample": 104.72,
        "qpu_access_time": 341186.77,
        "qpu_access_overhead_time": 1253.23,
        "qpu_programming_time": 15926.77,
        "qpu_delay_time_per_sample": 20.54,
        "total_post_processing_time": 795.0,
        "post_processing_overhead_time": 795.0
    },
    "embedding_info": {
        "embedding": {
            "44": [
                1627,
                1628,
                4238
            ],
            "45": [
                4328,
                1702,
                1672
            ],
            "50": [
                4268,
                1747,
                4267
            ],
            "46": [
                1568,
                1567
            ],
            "51": [
                1583,
                1582
            ],
            "47": [
                4388,
                1478,
                1612
            ],
            "52": [
                4374,
                4373,
                1792
            ],
            "48": [
                4448,
                4447,
                1613,
                4449
            ],
            "53": [
                4344,
                1762,
                1763,
                4343
            ],
            "49": [
                4419,
                4418,
                4420
            ],
            "54": [
                4298,
                4299,
                4297,
                1732
            ],
            "55": [
                1643,
                1642,
                4358
            ],
            "56": [
                4313,
                1687,
                1657
            ],
            "57": [
                4508,
                4389,
                1673
            ],
            "58": [
                4434,
                1748,
                4433,
                4435
            ],
            "59": [
                4523,
                1658,
                4522
            ],
            "60": [
                4478,
                4477
            ],
            "61": [
                1538,
                4553,
                1537
            ],
            "62": [
                4403,
                4404,
                1493
            ],
            "63": [
                1598,
                1597,
                1599
            ],
            "64": [
                1553,
                1552,
                1554,
                4763
            ],
            "2": [
                1521
            ],
            "8": [
                1626
            ],
            "3": [
                1701
            ],
            "14": [
                1671
            ],
            "4": [
                4583
            ],
            "20": [
                1566,
                4148
            ],
            "5": [
                4357
            ],
            "26": [
                1716,
                4149,
                4283
            ],
            "6": [
                1867
            ],
            "32": [
                4210,
                1837,
                1838
            ],
            "7": [
                4421
            ],
            "38": [
                1942,
                1943
            ],
            "9": [
                1686
            ],
            "15": [
                4147,
                1506
            ],
            "10": [
                4568
            ],
            "21": [
                4073,
                1581,
                4074
            ],
            "11": [
                4372
            ],
            "27": [
                1791
            ],
            "12": [
                1882
            ],
            "33": [
                1852,
                1851
            ],
            "13": [
                4300,
                2062
            ],
            "39": [
                1927
            ],
            "16": [
                1644
            ],
            "22": [
                1596,
                4223,
                4222
            ],
            "17": [
                4312
            ],
            "28": [
                4224
            ],
            "18": [
                4390
            ],
            "34": [
                1777,
                4359
            ],
            "19": [
                1973
            ],
            "40": [
                1897,
                1898
            ],
            "23": [
                4507,
                1523
            ],
            "29": [
                1733,
                4614,
                4524
            ],
            "24": [
                4479
            ],
            "35": [
                1688,
                4643
            ],
            "25": [
                4554,
                4555
            ],
            "41": [
                1659,
                4599,
                4600
            ],
            "30": [
                4539,
                1824,
                1823
            ],
            "36": [
                4688,
                4687,
                1494,
                1584
            ],
            "31": [
                4704,
                4703
            ],
            "42": [
                4658,
                4659
            ],
            "37": [
                4734,
                4733
            ],
            "43": [
                4764,
                4765
            ],
            "0": [
                1641
            ],
            "65": [
                3998
            ],
            "66": [
                1656
            ],
            "67": [
                4164,
                4163
            ],