{
    "config": "N_1000-887.7272385141733s-1_A200",
    "num_vars": 84,
    "num_qubit": 158,
    "time_elapsed": 0.022590160369873047,
    "best_state": {
        "sample": [
            0,
            1,
            1,
            0,
            0,
            0,
            0,
            0,
            0,
            0,
            0,
            0,
            1,
            0,
            1,
            0,
            0,
            0,
            1,
            0,
            0,
            0,
            0,
            0,
            0,
            0,
            0,
            0,
            0,
            0,
            0,
            1,
            1,
            0,
            1,
            1,
            1,
            1,
            0,
            0,
            0,
            1,
            0,
            0,
            0,
            1,
            1,
            1,
            1,
            1,
            1,
            1,
            1,
            1,
            1,
            1,
            1,
            1,
            1,
            1,
            1,
            1,
            1,
            0,
            0,
            1,
            1,
            1,
            1,
            1,
            1,
            0,
            0,
            0,
            0,
            0,
            0,
            0,
            0,
            0,
            0,
            0,
            0,
            0
        ],
        "energy": 239.0,
        "chain_break_fraction": 0.011904761904761904
    },
    "chain_strength": 887.7272385141733,
    "max_chain_length": 3,
    "timing_info": {
        "qpu_sampling_time": 329840.0,
        "qpu_anneal_time_per_sample": 200.0,
        "qpu_readout_time_per_sample": 109.3,
        "qpu_access_time": 345763.97,
        "qpu_access_overhead_time": 2447.03,
        "qpu_programming_time": 15923.97,
        "qpu_delay_time_per_sample": 20.54,
        "total_post_processing_time": 1.0,
        "post_processing_overhead_time": 1.0
    },
    "embedding_info": {
        "embedding": {
            "31": [
                340,
                4936
            ],
            "32": [
                4875,
                4876
            ],
            "37": [
                220,
                221,
                4725
            ],
            "33": [
                264,
                265,
                4650
            ],
            "38": [
                249,
                4710,
                250
            ],
            "34": [
                4921,
                325
            ],
            "39": [
                295,
                294,
                4951
            ],
            "35": [
                355,
                4846,
                4845
            ],
            "40": [
                4800,
                4801
            ],
            "36": [
                4890,
                130,
                4891
            ],
            "41": [
                235,
                236
            ],
            "42": [
                159,
                158,
                160
            ],
            "43": [
                175,
                4830
            ],
            "44": [
                205,
                4785
            ],
            "45": [
                4905,
                145
            ],
            "46": [
                279,
                4665,
                280
            ],
            "47": [
                189,
                190,
                4620
            ],
            "48": [
                370,
                4771,
                4770
            ],
            "49": [
                4816,
                4815,
                490
            ],
            "50": [
                310,
                4786,
                4906
            ],
            "51": [
                4861,
                4860,
                415
            ],
            "5": [
                414,
                413,
                4651
            ],
            "12": [
                263
            ],
            "6": [
                4847
            ],
            "22": [
                4606,
                354
            ],
            "7": [
                191
            ],
            "26": [
                129
            ],
            "8": [
                4952
            ],
            "17": [
                293,
                4470
            ],
            "9": [
                4500
            ],
            "13": [
                4530,
                248
            ],
            "10": [
                4831
            ],
            "18": [
                173,
                174
            ],
            "11": [
                206
            ],
            "27": [
                144
            ],
            "14": [
                4681,
                4682
            ],
            "19": [
                4531,
                278
            ],
            "15": [
                4726,
                324,
                4727
            ],
            "23": [
                443,
                4621
            ],
            "16": [
                386,
                385
            ],
            "28": [
                400,
                399,
                4711
            ],
            "20": [
                458,
                459
            ],
            "24": [
                489
            ],
            "21": [
                401,
                4967
            ],
            "29": [
                444,
                445
            ],
            "25": [
                4862,
                505
            ],
            "30": [
                4787
            ],
            "0": [
                113,
                4545
            ],
            "52": [
                234,
                4576
            ],
            "53": [
                219,
                4680
            ],
            "1": [
                233
            ],
            "56": [
                4425,
                143
            ],
            "2": [
                398
            ],
            "58": [
                4501
            ],
            "59": [
                4515,
                4516
            ],
            "60": [
                428
            ],
            "61": [
                308,
                4546
            ],
            "62": [
                4756,
                309
            ],
            "3": [
                551
            ],
            "66": [
                4907,
                460
            ],
            "67": [
                625,
                624,
                4832
            ],
            "68": [
                4697
            ],
            "69": [
                4742,
                534
            ],
            "70": [
                535,
                4922
            ],
            "4": [
                595
            ],
            "74": [
                580
            ],
            "75": [
                4712
            ],
            "76": [
                549,
                4562,
                550
            ],
            "77": [
                4757,
                565
            ],
            "80": [
                5026,
                5025
            ],
            "81": [
                416,
                5011
            ],
            "82": [
                4937
            ],
            "83": [
                520
            ],
            "63": [
                369,
                4591
            ],
            "64": [
                339
            ],
            "65": [
                4741
            ],
            "71": [
                4485
            ],
            "72": [
                4486,
                338,
                473
            ],
            "73": [
                474,
                475
            ],