{
    "config": "L_1000-589.1491378816289s-1_A200",
    "num_vars": 108,
    "num_qubit": 273,
    "time_elapsed": 0.03787541389465332,
    "best_state": {
        "sample": [
            0,
            0,
            1,
            0,
            1,
            0,
            0,
            0,
            1,
            0,
            1,
            0,
            0,
            1,
            0,
            1,
            1,
            0,
            0,
            1,
            0,
            1,
            0,
            1,
            0,
            0,
            1,
            1,
            0,
            0,
            0,
            0,
            0,
            0,
            0,
            0,
            1,
            0,
            0,
            0,
            0,
            0,
            0,
            0,
            0,
            0,
            0,
            0,
            0,
            0,
            1,
            0,
            0,
            0,
            0,
            0,
            0,
            0,
            0,
            0,
            0,
            0,
            0,
            0,
            0,
            0,
            0,
            0,
            0,
            1,
            0,
            0,
            0,
            0,
            0,
            0,
            1,
            0,
            1,
            1,
            0,
            0,
            1,
            0,
            0,
            0,
            1,
            0,
            0,
            0,
            0,
            0,
            0,
            0,
            0,
            0,
            0,
            0,
            0,
            0,
            0,
            0,
            0,
            0,
            0,
            0,
            0,
            0
        ],
        "energy": 733.0,
        "chain_break_fraction": 0.009259259259259259
    },
    "chain_strength_prefactor": 0.3,
    "chain_strength": 589.1491378816289,
    "max_chain_length": 5,
    "timing_info": {
        "qpu_sampling_time": 304660.0,
        "qpu_anneal_time_per_sample": 200.0,
        "qpu_readout_time_per_sample": 84.12,
        "qpu_access_time": 320585.57,
        "qpu_access_overhead_time": 1682.43,
        "qpu_programming_time": 15925.57,
        "qpu_delay_time_per_sample": 20.54,
        "total_post_processing_time": 45.0,
        "post_processing_overhead_time": 45.0
    },
    "embedding_info": {
        "embedding": {
            "3": [
                2193,
                2192,
                2191,
                3537,
                3312
            ],
            "0": [
                2267,
                2266,
                3507,
                3508
            ],
            "6": [
                3222,
                3221,
                3223,
                2611
            ],
            "9": [
                2147,
                3341,
                3416,
                2146
            ],
            "12": [
                2252,
                2251,
                3566,
                2148
            ],
            "16": [
                3147,
                3148,
                3149,
                2206,
                3236
            ],
            "20": [
                3402,
                2342,
                3342,
                2341,
                3403
            ],
            "24": [
                3371,
                2236,
                3370
            ],
            "1": [
                2447,
                3493,
                3494
            ],
            "2": [
                3598,
                2538
            ],
            "4": [
                3552,
                2432,
                2313,
                2431
            ],
            "5": [
                2194,
                3672,
                3673
            ],
            "7": [
                2656,
                2657,
                2658
            ],
            "8": [
                3284
            ],
            "10": [
                2027,
                2028
            ],
            "11": [
                3415
            ],
            "13": [
                3492,
                3491,
                2297
            ],
            "14": [
                3611,
                2163
            ],
            "15": [
                2118,
                3521,
                2042
            ],
            "17": [
                3164,
                3162,
                3161,
                3163
            ],
            "18": [
                2521,
                3133
            ],
            "19": [
                2386
            ],
            "21": [
                3297,
                3298
            ],
            "22": [
                2522
            ],
            "23": [
                2537
            ],
            "25": [
                2071,
                3356
            ],
            "26": [
                3296
            ],
            "27": [
                2086
            ],
            "43": [
                2508,
                3553,
                3538
            ],
            "54": [
                3479,
                3478,
                2612
            ],
            "68": [
                3567,
                3568
            ],
            "80": [
                2581,
                2582,
                2580,
                3329
            ],
            "91": [
                3448,
                2597
            ],
            "44": [
                2478,
                3628,
                2477
            ],
            "55": [
                3614,
                3613,
                2733
            ],
            "69": [
                3463,
                2523,
                3462
            ],
            "81": [
                2567,
                2566,
                2565,
                2568
            ],
            "92": [
                2552,
                2553,
                3283
            ],
            "28": [
                2402,
                3523
            ],
            "70": [
                3642,
                3641,
                2418,
                2417
            ],
            "82": [
                2312,
                2311,
                2310,
                3432
            ],
            "93": [
                2387,
                3417
            ],
            "29": [
                2403,
                3688,
                2448
            ],
            "71": [
                2298,
                3612
            ],
            "83": [
                2328,
                2327,
                2326,
                3657
            ],
            "94": [
                2373,
                2374,
                2372
            ],
            "31": [
                2718,
                3509
            ],
            "84": [
                2717,
                3254,
                2716
            ],
            "95": [
                2641,
                2642
            ],
            "32": [
                2703,
                2702
            ],
            "85": [
                3269,
                2701,
                2776
            ],
            "96": [
                3299,
                2626
            ],
            "72": [
                3565
            ],
            "102": [
                2057,
                3445,
                2056
            ],
            "73": [
                2087,
                3400
            ],
            "103": [
                3311,
                2012
            ],
            "34": [
                3522,
                2343,
                2208
            ],
            "45": [
                3581,
                2238,
                2283,
                2178
            ],