{
    "config": "N_1000-1234.0968276436013s-1_A200",
    "num_vars": 72,
    "num_qubit": 120,
    "time_elapsed": 0.021000385284423828,
    "best_state": {
        "sample": [
            1,
            0,
            1,
            0,
            0,
            0,
            0,
            0,
            0,
            0,
            0,
            0,
            1,
            0,
            0,
            0,
            1,
            1,
            0,
            0,
            0,
            0,
            0,
            0,
            0,
            0,
            0,
            0,
            1,
            1,
            0,
            0,
            0,
            1,
            1,
            0,
            1,
            1,
            0,
            0,
            0,
            0,
            0,
            0,
            0,
            1,
            1,
            1,
            1,
            1,
            1,
            1,
            1,
            1,
            1,
            1,
            1,
            1,
            1,
            1,
            0,
            0,
            0,
            0,
            0,
            0,
            0,
            0,
            0,
            0,
            0,
            0
        ],
        "energy": 316.0,
        "chain_break_fraction": 0.013888888888888888
    },
    "chain_strength_prefactor": 0.2,
    "chain_strength": 1234.0968276436013,
    "max_chain_length": 3,
    "timing_info": {
        "qpu_sampling_time": 300060.0,
        "qpu_anneal_time_per_sample": 200.0,
        "qpu_readout_time_per_sample": 79.52,
        "qpu_access_time": 315821.17,
        "qpu_access_overhead_time": 3160.83,
        "qpu_programming_time": 15761.17,
        "qpu_delay_time_per_sample": 20.54,
        "total_post_processing_time": 138.0,
        "post_processing_overhead_time": 138.0
    },
    "embedding_info": {
        "embedding": {
            "27": [
                4585,
                1913
            ],
            "28": [
                4690,
                1989
            ],
            "33": [
                1868,
                4570
            ],
            "29": [
                1943,
                1944
            ],
            "34": [
                4629,
                1809
            ],
            "30": [
                2019,
                4555,
                2020
            ],
            "35": [
                4479,
                1898,
                1899
            ],
            "31": [
                1914,
                4720
            ],
            "36": [
                4750,
                1840,
                1839
            ],
            "32": [
                4659,
                4660,
                1854
            ],
            "37": [
                4539,
                1883
            ],
            "38": [
                4614,
                1718,
                4615
            ],
            "39": [
                1958,
                1959,
                4480
            ],
            "40": [
                1974,
                1973
            ],
            "41": [
                1779,
                4599,
                4600
            ],
            "42": [
                4644,
                4643,
                4645
            ],
            "43": [
                4705,
                1929
            ],
            "44": [
                1824,
                4674,
                4675
            ],
            "45": [
                4734,
                1794,
                4735
            ],
            "46": [
                2004,
                2005,
                4540
            ],
            "47": [
                4765,
                1884,
                4764
            ],
            "5": [
                4554
            ],
            "15": [
                4885,
                1945
            ],
            "6": [
                4824
            ],
            "19": [
                4809,
                1855
            ],
            "7": [
                1853
            ],
            "23": [
                4689
            ],
            "8": [
                4478
            ],
            "16": [
                1900
            ],
            "9": [
                4869
            ],
            "20": [
                4854
            ],
            "10": [
                4613
            ],
            "12": [
                4628
            ],
            "11": [
                1778
            ],
            "24": [
                1749
            ],
            "13": [
                1614
            ],
            "17": [
                1644,
                1645
            ],
            "14": [
                4584
            ],
            "25": [
                4673
            ],
            "18": [
                4733,
                1675
            ],
            "21": [
                4749,
                1734
            ],
            "22": [
                1689
            ],
            "26": [
                1719,
                4823
            ],
            "0": [
                1975
            ],
            "48": [
                4780
            ],
            "49": [
                1869
            ],
            "1": [
                4900
            ],
            "51": [
                1915
            ],
            "54": [
                1629
            ],
            "55": [
                1659,
                4553
            ],
            "2": [
                1748
            ],
            "57": [
                4493,
                1733
            ],
            "58": [
                1599,
                1598
            ],
            "59": [
                4748
            ],
            "60": [
                4808,
                1630
            ],
            "3": [
                1780
            ],
            "63": [
                1795
            ],
            "64": [
                4884,
                4883
            ],
            "65": [
                1660
            ],
            "66": [
                4779
            ],
            "4": [
                4494
            ],
            "69": [
                1793,
                4509
            ],
            "70": [
                4569
            ],
            "71": [
                1688
            ],
            "72": [
                1704,
                1703
            ],
            "56": [
                4703,
                1674
            ],
            "61": [
                4838,
                4839
            ],
            "62": [
                4853
            ],
            "67": [
                1810
            ],
            "68": [
                4794
            ],
            "73": [
                1764
            ],
            "74": [
                4658
            ]
        },
        "chain_break_method": "majority_vote",
        "embedding_parameters": {},
        "chain_strength": 1234.0968276436013
    }
}