{
    "config": "N_1000-22400.56588148276s-1_A200",
    "num_vars": 77,
    "num_qubit": 141,
    "time_elapsed": 0.057456016540527344,
    "best_state": {
        "sample": [
            1,
            0,
            0,
            1,
            0,
            0,
            0,
            0,
            0,
            0,
            1,
            0,
            0,
            0,
            0,
            0,
            0,
            0,
            0,
            0,
            0,
            0,
            0,
            0,
            0,
            0,
            0,
            0,
            0,
            1,
            1,
            1,
            1,
            1,
            1,
            0,
            1,
            1,
            1,
            0,
            1,
            1,
            1,
            1,
            1,
            1,
            0,
            0,
            0,
            0,
            1,
            1,
            1,
            1,
            1,
            1,
            0,
            0,
            0,
            0,
            0,
            0,
            0,
            0,
            0,
            0,
            0,
            0,
            0,
            0,
            0,
            0,
            0,
            0,
            0,
            0,
            0
        ],
        "energy": 6441.0,
        "chain_break_fraction": 0.0
    },
    "chain_strength": 22400.56588148276,
    "max_chain_length": 3,
    "timing_info": {
        "qpu_sampling_time": 293620.0,
        "qpu_anneal_time_per_sample": 200.0,
        "qpu_readout_time_per_sample": 73.08,
        "qpu_access_time": 309545.57,
        "qpu_access_overhead_time": 2360.43,
        "qpu_programming_time": 15925.57,
        "qpu_delay_time_per_sample": 20.54,
        "total_post_processing_time": 643.0,
        "post_processing_overhead_time": 643.0
    },
    "embedding_info": {
        "embedding": {
            "29": [
                1571,
                4987,
                4986
            ],
            "30": [
                1481,
                1482,
                4912
            ],
            "35": [
                1632,
                5123,
                5122
            ],
            "31": [
                1541,
                5017,
                5138
            ],
            "36": [
                1421,
                1422
            ],
            "32": [
                1467,
                1466
            ],
            "37": [
                5092,
                5093,
                5091
            ],
            "33": [
                1451,
                5062
            ],
            "38": [
                1436,
                4972
            ],
            "34": [
                5002,
                5001,
                1496
            ],
            "39": [
                1345,
                4957,
                1346
            ],
            "40": [
                5153,
                5152
            ],
            "41": [
                1511,
                5047
            ],
            "42": [
                1376,
                1375
            ],
            "43": [
                1360,
                1361
            ],
            "44": [
                5181,
                5182,
                1302
            ],
            "45": [
                5031,
                5032,
                1331
            ],
            "46": [
                1317,
                1316,
                5137
            ],
            "47": [
                1406,
                5106,
                5107
            ],
            "48": [
                5077,
                1497,
                5076
            ],
            "49": [
                5016,
                1391,
                5015
            ],
            "3": [
                4897,
                4898
            ],
            "9": [
                5212
            ],
            "4": [
                1617
            ],
            "13": [
                1542,
                5243
            ],
            "5": [
                1601,
                1600
            ],
            "10": [
                5121
            ],
            "6": [
                1272
            ],
            "17": [
                1242,
                1241
            ],
            "7": [
                5302,
                1437
            ],
            "21": [
                4971,
                1121
            ],
            "8": [
                4866
            ],
            "25": [
                4942
            ],
            "11": [
                1407
            ],
            "14": [
                1647,
                1646
            ],
            "12": [
                4881,
                4882
            ],
            "26": [
                4927
            ],
            "15": [
                5241,
                5242
            ],
            "18": [
                1257
            ],
            "16": [
                1332
            ],
            "22": [
                1286,
                1287
            ],
            "19": [
                1137,
                5240
            ],
            "23": [
                1151,
                1150,
                5090
            ],
            "20": [
                1195,
                1196
            ],
            "27": [
                1226,
                5061
            ],
            "24": [
                1061
            ],
            "28": [
                1107,
                1106
            ],
            "0": [
                5197
            ],
            "50": [
                1557
            ],
            "52": [
                1255,
                1256
            ],
            "53": [
                4941
            ],
            "1": [
                1585
            ],
            "55": [
                4913
            ],
            "56": [
                1631,
                4988
            ],
            "57": [
                4928
            ],
            "2": [
                1602
            ],
            "59": [
                5272,
                5273
            ],
            "60": [
                5166,
                1392
            ],
            "61": [
                5196
            ],
            "62": [
                5211
            ],
            "65": [
                1227,
                5151
            ],
            "66": [
                5180,
                1181
            ],
            "67": [
                5030
            ],
            "70": [
                5226,
                5225,
                1347
            ],
            "71": [
                1092
            ],
            "72": [
                5120
            ],
            "75": [
                1180
            ],
            "76": [
                5000
            ],
            "77": [
                4985
            ],
            "63": [
                5227,
                5228
            ],
            "64": [
                1362,
                5332
            ],
            "68": [
                5136
            ],
            "69": [
                5165,
                1166
            ],
            "73": [
                4956,
                4955
            ],
            "74": [
                1076
            ],
            "78": [
                1301
            ],
            "79": [
                5046,
                1211,
                5045
            ]
        },
        "chain_break_method": "majority_vote",
        "embedding_parameters": {},
        "chain_strength": 22400.56588148276
    }
}