{
    "config": "N_1000-176.19032323030683s-1_A200",
    "num_vars": 48,
    "num_qubit": 88,
    "time_elapsed": 0.02030324935913086,
    "best_state": {
        "sample": [
            1,
            0,
            0,
            0,
            1,
            0,
            1,
            0,
            0,
            1,
            0,
            1,
            0,
            0,
            0,
            0,
            1,
            1,
            1,
            0,
            0,
            1,
            0,
            0,
            0,
            0,
            1,
            0,
            0,
            0,
            1,
            0,
            0,
            1,
            0,
            1,
            1,
            1,
            1,
            1,
            0,
            1,
            1,
            1,
            1,
            0,
            0,
            0
        ],
        "energy": 74.0,
        "chain_break_fraction": 0.041666666666666664
    },
    "chain_strength_prefactor": 0.2,
    "chain_strength": 176.19032323030683,
    "max_chain_length": 3,
    "timing_info": {
        "qpu_sampling_time": 317420.0,
        "qpu_anneal_time_per_sample": 200.0,
        "qpu_readout_time_per_sample": 96.88,
        "qpu_access_time": 333343.97,
        "qpu_access_overhead_time": 1033.03,
        "qpu_programming_time": 15923.97,
        "qpu_delay_time_per_sample": 20.54,
        "total_post_processing_time": 1.0,
        "post_processing_overhead_time": 1.0
    },
    "embedding_info": {
        "embedding": {
            "17": [
                1419,
                4687
            ],
            "18": [
                4627,
                4628
            ],
            "23": [
                1494,
                1495
            ],
            "19": [
                1509,
                1508
            ],
            "24": [
                4718,
                4717
            ],
            "20": [
                1464,
                4552,
                1463
            ],
            "25": [
                4642,
                1434
            ],
            "21": [
                1449,
                4582,
                4672
            ],
            "26": [
                1480,
                1479
            ],
            "22": [
                1523,
                1524
            ],
            "27": [
                4732,
                4733
            ],
            "28": [
                1644,
                1645,
                4568
            ],
            "29": [
                4598,
                1614,
                4597
            ],
            "30": [
                1629,
                4583
            ],
            "31": [
                4613,
                1599
            ],
            "32": [
                1568,
                1569,
                4477
            ],
            "33": [
                1539,
                1538,
                4807
            ],
            "34": [
                4763,
                1630
            ],
            "35": [
                4703,
                4702
            ],
            "36": [
                4657,
                1584
            ],
            "37": [
                1554,
                4822,
                4688
            ],
            "1": [
                4553
            ],
            "2": [
                4537
            ],
            "4": [
                4837
            ],
            "3": [
                1660
            ],
            "14": [
                1675,
                4838
            ],
            "5": [
                4853,
                1600
            ],
            "6": [
                4538
            ],
            "7": [
                4508,
                1598
            ],
            "10": [
                4778,
                4779,
                1570
            ],
            "8": [
                4764
            ],
            "15": [
                4808
            ],
            "11": [
                4704,
                1779
            ],
            "12": [
                4614,
                1659
            ],
            "13": [
                1749,
                4689
            ],
            "16": [
                1704,
                4673
            ],
            "40": [
                1765
            ],
            "41": [
                1719,
                4794
            ],
            "43": [
                1703
            ],
            "44": [
                4599
            ],
            "0": [
                4734
            ],
            "46": [
                1764
            ],
            "47": [
                4658
            ],
            "48": [
                4749
            ],
            "49": [
                1734
            ],
            "42": [
                1688,
                1689
            ],
            "45": [
                1824,
                1825
            ],
            "50": [
                4823
            ]
        },
        "chain_break_method": "majority_vote",
        "embedding_parameters": {},
        "chain_strength": 176.19032323030683
    }
}