{
    "config": "N_1000-308.33306565303695s-1_A200",
    "num_vars": 48,
    "num_qubit": 88,
    "time_elapsed": 0.07021284103393555,
    "best_state": {
        "sample": [
            1,
            0,
            0,
            0,
            0,
            0,
            1,
            1,
            0,
            1,
            1,
            0,
            0,
            1,
            0,
            0,
            1,
            1,
            0,
            0,
            1,
            1,
            1,
            0,
            0,
            0,
            0,
            0,
            0,
            0,
            0,
            1,
            1,
            1,
            1,
            1,
            0,
            1,
            1,
            1,
            1,
            1,
            1,
            1,
            1,
            1,
            1,
            1
        ],
        "energy": 64.0,
        "chain_break_fraction": 0.0
    },
    "chain_strength_prefactor": 0.35,
    "chain_strength": 308.33306565303695,
    "max_chain_length": 3,
    "timing_info": {
        "qpu_sampling_time": 329060.0,
        "qpu_anneal_time_per_sample": 200.0,
        "qpu_readout_time_per_sample": 108.52,
        "qpu_access_time": 344986.77,
        "qpu_access_overhead_time": 1739.23,
        "qpu_programming_time": 15926.77,
        "qpu_delay_time_per_sample": 20.54,
        "total_post_processing_time": 1.0,
        "post_processing_overhead_time": 1.0
    },
    "embedding_info": {
        "embedding": {
            "17": [
                4303,
                2512,
                4304
            ],
            "18": [
                4334,
                2767,
                4333
            ],
            "23": [
                2782,
                4349
            ],
            "19": [
                4379,
                4378
            ],
            "24": [
                4514,
                2663,
                2662
            ],
            "20": [
                2692,
                2693
            ],
            "25": [
                2602,
                4318,
                4319
            ],
            "21": [
                4363,
                4364
            ],
            "26": [
                2648,
                2649,
                2647
            ],
            "22": [
                2587,
                4394
            ],
            "27": [
                4409,
                2632
            ],
            "28": [
                2753,
                2752,
                4499
            ],
            "29": [
                4453,
                4454
            ],
            "30": [
                2618,
                2617,
                4498
            ],
            "31": [
                4469,
                4468
            ],
            "32": [
                2678,
                2677
            ],
            "33": [
                4529,
                2738,
                2633
            ],
            "34": [
                2723,
                4484
            ],
            "35": [
                4424,
                2708
            ],
            "36": [
                4439,
                2558
            ],
            "37": [
                4483,
                2573,
                4482
            ],
            "1": [
                4574
            ],
            "2": [
                2527,
                4348
            ],
            "4": [
                2783
            ],
            "3": [
                4633
            ],
            "11": [
                2784,
                4724,
                2619
            ],
            "5": [
                2513
            ],
            "14": [
                2528
            ],
            "6": [
                2574,
                4589
            ],
            "9": [
                2679
            ],
            "7": [
                4648
            ],
            "12": [
                2634,
                4694
            ],
            "10": [
                2559,
                4543
            ],
            "15": [
                4528
            ],
            "13": [
                2498,
                4573
            ],
            "16": [
                2483,
                4588
            ],
            "0": [
                2694
            ],
            "40": [
                4709
            ],
            "41": [
                2664,
                4604
            ],
            "42": [
                2603
            ],
            "43": [
                2588
            ],
            "45": [
                2544
            ],
            "46": [
                2529
            ],
            "48": [
                4558
            ],
            "49": [
                2468
            ],
            "44": [
                4619
            ],
            "47": [
                4663,
                2499
            ],
            "50": [
                4513
            ]
        },
        "chain_break_method": "majority_vote",
        "embedding_parameters": {},
        "chain_strength": 308.33306565303695
    }
}