{
    "config": "N_1000-264.28548484546025s-1_A200",
    "num_vars": 48,
    "num_qubit": 86,
    "time_elapsed": 0.019936323165893555,
    "best_state": {
        "sample": [
            1,
            0,
            1,
            0,
            0,
            0,
            1,
            1,
            1,
            0,
            0,
            0,
            0,
            0,
            0,
            0,
            0,
            0,
            0,
            0,
            0,
            0,
            1,
            0,
            0,
            0,
            0,
            0,
            0,
            0,
            0,
            1,
            1,
            1,
            0,
            1,
            1,
            1,
            1,
            1,
            1,
            1,
            0,
            0,
            0,
            1,
            1,
            1
        ],
        "energy": 64.0,
        "chain_break_fraction": 0.020833333333333332
    },
    "chain_strength_prefactor": 0.3,
    "chain_strength": 264.28548484546025,
    "max_chain_length": 3,
    "timing_info": {
        "qpu_sampling_time": 278760.0,
        "qpu_anneal_time_per_sample": 200.0,
        "qpu_readout_time_per_sample": 58.22,
        "qpu_access_time": 294685.97,
        "qpu_access_overhead_time": 1923.03,
        "qpu_programming_time": 15925.97,
        "qpu_delay_time_per_sample": 20.54,
        "total_post_processing_time": 48.0,
        "post_processing_overhead_time": 48.0
    },
    "embedding_info": {
        "embedding": {
            "17": [
                3726,
                1368,
                1249
            ],
            "18": [
                3636,
                1279,
                1323
            ],
            "23": [
                3771,
                1384
            ],
            "19": [
                3697,
                1429
            ],
            "24": [
                3817,
                3816
            ],
            "20": [
                1295,
                1294
            ],
            "25": [
                3906,
                1369
            ],
            "21": [
                3712,
                1459
            ],
            "26": [
                3787,
                3786,
                1399
            ],
            "22": [
                3756,
                3757
            ],
            "27": [
                1234,
                1235
            ],
            "28": [
                1309,
                1310,
                3877
            ],
            "29": [
                3651,
                1338,
                1339
            ],
            "30": [
                3742,
                3741
            ],
            "31": [
                1265,
                3966,
                1264
            ],
            "32": [
                1460,
                3862
            ],
            "33": [
                1354,
                1353
            ],
            "34": [
                3832,
                1519,
                3831
            ],
            "35": [
                1445,
                3892,
                1444
            ],
            "36": [
                1324,
                3921
            ],
            "37": [
                3802,
                3801,
                1489
            ],
            "1": [
                1579
            ],
            "2": [
                1383
            ],
            "4": [
                1385
            ],
            "3": [
                3907
            ],
            "8": [
                4042,
                1370
            ],
            "5": [
                3743
            ],
            "11": [
                3607,
                1518
            ],
            "6": [
                1534,
                3922
            ],
            "9": [
                3967
            ],
            "7": [
                3848
            ],
            "15": [
                3863
            ],
            "10": [
                3728,
                3727
            ],
            "12": [
                3652,
                1503
            ],
            "13": [
                3713
            ],
            "16": [
                3803
            ],
            "0": [
                3982
            ],
            "40": [
                1490
            ],
            "41": [
                1475
            ],
            "42": [
                1504
            ],
            "43": [
                3772,
                1474
            ],
            "45": [
                1624
            ],
            "46": [
                1639
            ],
            "48": [
                1564
            ],
            "49": [
                3788,
                1594
            ],
            "44": [
                1415,
                1414
            ],
            "47": [
                3698
            ],
            "50": [
                1549
            ]
        },
        "chain_break_method": "majority_vote",
        "embedding_parameters": {},
        "chain_strength": 264.28548484546025
    }
}