{
    "config": "F_1000-881.9087963049238s-1_A200",
    "num_vars": 40,
    "num_qubit": 90,
    "time_elapsed": 0.05232429504394531,
    "best_state": {
        "sample": [
            1,
            0,
            0,
            0,
            0,
            0,
            1,
            1,
            1,
            0,
            0,
            0,
            1,
            0,
            0,
            0,
            1,
            0,
            0,
            1,
            1,
            0,
            1,
            1,
            1,
            0,
            0,
            0,
            0,
            0,
            0,
            0,
            0,
            0,
            1,
            1,
            1,
            0,
            1,
            1
        ],
        "energy": 45.0,
        "chain_break_fraction": 0.0
    },
    "chain_strength": 881.9087963049238,
    "max_chain_length": 3,
    "timing_info": {
        "qpu_sampling_time": 307180.0,
        "qpu_anneal_time_per_sample": 200.0,
        "qpu_readout_time_per_sample": 86.64,
        "qpu_access_time": 322938.37,
        "qpu_access_overhead_time": 1960.63,
        "qpu_programming_time": 15758.37,
        "qpu_delay_time_per_sample": 20.54,
        "total_post_processing_time": 38.0,
        "post_processing_overhead_time": 38.0
    },
    "embedding_info": {
        "embedding": {
            "19": [
                2097,
                5215
            ],
            "20": [
                1978,
                5350
            ],
            "25": [
                2082,
                5246
            ],
            "21": [
                5155,
                1977
            ],
            "26": [
                5291,
                5290
            ],
            "22": [
                5201,
                5200,
                2052
            ],
            "27": [
                5231,
                2142,
                2143
            ],
            "23": [
                2022,
                5170,
                2023
            ],
            "28": [
                2112
            ],
            "24": [
                1992,
                1993
            ],
            "29": [
                5261,
                5260,
                1902
            ],
            "30": [
                2037,
                5245,
                2038
            ],
            "31": [
                5320,
                5319,
                5321
            ],
            "32": [
                2127,
                2128,
                5156
            ],
            "33": [
                2067,
                5365
            ],
            "34": [
                1917,
                5230
            ],
            "35": [
                5141,
                5140,
                1947
            ],
            "36": [
                2007,
                2008
            ],
            "37": [
                5306,
                5305,
                2188
            ],
            "38": [
                5336,
                5335
            ],
            "39": [
                2173,
                5276,
                5275
            ],
            "1": [
                1916,
                5019
            ],
            "6": [
                1871
            ],
            "2": [
                5184,
                5185
            ],
            "13": [
                5169
            ],
            "3": [
                1933,
                5349
            ],
            "16": [
                5364
            ],
            "4": [
                5095,
                5094
            ],
            "7": [
                1946,
                5080,
                5034
            ],
            "5": [
                1722,
                5244
            ],
            "10": [
                1827,
                1828,
                1826
            ],
            "8": [
                1782,
                1781,
                5229
            ],
            "11": [
                1842,
                5214,
                5125
            ],
            "9": [
                1886,
                1887
            ],
            "14": [
                1857,
                5110
            ],
            "12": [
                1872
            ],
            "17": [
                5259,
                1843
            ],
            "15": [
                1797,
                5274,
                1813
            ],
            "18": [
                5199,
                1932
            ],
            "0": [
                5079,
                1796
            ]
        },
        "chain_break_method": "majority_vote",
        "embedding_parameters": {},
        "chain_strength": 881.9087963049238
    }
}