{
    "config": "N_1000-128.56674300691998s-1_A200",
    "num_vars": 54,
    "num_qubit": 98,
    "time_elapsed": 0.0210113525390625,
    "best_state": {
        "sample": [
            1,
            0,
            0,
            0,
            0,
            0,
            0,
            0,
            0,
            1,
            1,
            0,
            0,
            0,
            0,
            1,
            0,
            1,
            1,
            1,
            1,
            0,
            0,
            0,
            0,
            0,
            0,
            0,
            0,
            1,
            0,
            0,
            0,
            0,
            0,
            0,
            1,
            0,
            0,
            0,
            0,
            0,
            0,
            1,
            1,
            0,
            1,
            1,
            1,
            1,
            1,
            1,
            1,
            1
        ],
        "energy": 46.0,
        "chain_break_fraction": 0.018518518518518517
    },
    "chain_strength_prefactor": 0.2,
    "chain_strength": 128.56674300691998,
    "max_chain_length": 3,
    "timing_info": {
        "qpu_sampling_time": 296820.0,
        "qpu_anneal_time_per_sample": 200.0,
        "qpu_readout_time_per_sample": 76.28,
        "qpu_access_time": 312583.57,
        "qpu_access_overhead_time": 1548.43,
        "qpu_programming_time": 15763.57,
        "qpu_delay_time_per_sample": 20.54,
        "total_post_processing_time": 108.0,
        "post_processing_overhead_time": 108.0
    },
    "embedding_info": {
        "embedding": {
            "19": [
                2547,
                2548,
                5128
            ],
            "20": [
                5158,
                2502
            ],
            "25": [
                5173,
                5172
            ],
            "21": [
                2457,
                2456
            ],
            "26": [
                2442,
                2441
            ],
            "22": [
                5367,
                2398,
                2397
            ],
            "27": [
                5187,
                2352,
                5188
            ],
            "23": [
                5218,
                5217
            ],
            "28": [
                5082,
                2367,
                5083
            ],
            "24": [
                5278,
                5368,
                2592
            ],
            "29": [
                5233,
                2577
            ],
            "30": [
                5262,
                5263,
                2337
            ],
            "31": [
                2517,
                5308
            ],
            "32": [
                2383,
                5323,
                2382
            ],
            "33": [
                2533,
                2532
            ],
            "34": [
                5247,
                5248
            ],
            "35": [
                2427,
                5352,
                2426
            ],
            "36": [
                2487,
                2488,
                5143
            ],
            "37": [
                2412,
                5232
            ],
            "38": [
                2472,
                2473,
                5293
            ],
            "39": [
                5203,
                5202
            ],
            "1": [
                5366
            ],
            "9": [
                5412
            ],
            "2": [
                5533,
                2593
            ],
            "15": [
                5413,
                2563
            ],
            "3": [
                5142
            ],
            "4": [
                2353
            ],
            "6": [
                2338
            ],
            "5": [
                2534
            ],
            "16": [
                5428,
                5427
            ],
            "7": [
                2323,
                2322
            ],
            "13": [
                2368
            ],
            "8": [
                5473,
                2384
            ],
            "17": [
                5397,
                5398
            ],
            "10": [
                2308,
                2307
            ],
            "14": [
                5201,
                2262
            ],
            "11": [
                5457,
                5458
            ],
            "18": [
                5487,
                5488
            ],
            "42": [
                5382
            ],
            "43": [
                2413
            ],
            "45": [
                2232,
                2233
            ],
            "46": [
                2369,
                5472
            ],
            "48": [
                5157
            ],
            "49": [
                2292
            ],
            "0": [
                5548
            ],
            "51": [
                2549
            ],
            "52": [
                5503
            ],
            "53": [
                2458
            ],
            "54": [
                2443
            ],
            "44": [
                5442
            ],
            "47": [
                2293
            ],
            "50": [
                5277
            ],
            "55": [
                2518
            ],
            "56": [
                5443,
                2503
            ]
        },
        "chain_break_method": "majority_vote",
        "embedding_parameters": {},
        "chain_strength": 128.56674300691998
    }
}