{
    "config": "N_1000-160.70842875864994s-1_A200",
    "num_vars": 54,
    "num_qubit": 97,
    "time_elapsed": 0.016008377075195312,
    "best_state": {
        "sample": [
            1,
            0,
            0,
            0,
            0,
            0,
            0,
            0,
            0,
            0,
            0,
            0,
            1,
            0,
            1,
            1,
            0,
            1,
            1,
            0,
            1,
            0,
            1,
            0,
            0,
            0,
            0,
            0,
            0,
            1,
            0,
            1,
            0,
            0,
            0,
            0,
            1,
            1,
            0,
            0,
            1,
            1,
            0,
            0,
            0,
            0,
            1,
            1,
            1,
            1,
            1,
            1,
            1,
            1
        ],
        "energy": 45.0,
        "chain_break_fraction": 0.0
    },
    "chain_strength_prefactor": 0.25,
    "chain_strength": 160.70842875864994,
    "max_chain_length": 3,
    "timing_info": {
        "qpu_sampling_time": 273680.0,
        "qpu_anneal_time_per_sample": 200.0,
        "qpu_readout_time_per_sample": 53.14,
        "qpu_access_time": 289605.57,
        "qpu_access_overhead_time": 1675.43,
        "qpu_programming_time": 15925.57,
        "qpu_delay_time_per_sample": 20.54,
        "total_post_processing_time": 94.0,
        "post_processing_overhead_time": 94.0
    },
    "embedding_info": {
        "embedding": {
            "19": [
                3919,
                3920
            ],
            "20": [
                3875,
                935,
                3829
            ],
            "25": [
                3830,
                1144
            ],
            "21": [
                1039,
                1040
            ],
            "26": [
                3785,
                1159,
                1160
            ],
            "22": [
                979,
                980,
                3754
            ],
            "27": [
                994,
                3769
            ],
            "23": [
                3890,
                950,
                3891
            ],
            "28": [
                1009,
                1010,
                3995
            ],
            "24": [
                4025,
                1055,
                1056
            ],
            "29": [
                3905,
                3904
            ],
            "30": [
                3814,
                3815
            ],
            "31": [
                3845,
                1054
            ],
            "32": [
                3980,
                1085
            ],
            "33": [
                1070,
                1071,
                1069
            ],
            "34": [
                1025,
                1026,
                1024
            ],
            "35": [
                1115,
                3965,
                3861
            ],
            "36": [
                3949,
                1130,
                3950
            ],
            "37": [
                3860
            ],
            "38": [
                965,
                4040,
                964
            ],
            "39": [
                4130,
                1101,
                1100
            ],
            "1": [
                4084
            ],
            "9": [
                4055
            ],
            "2": [
                1057
            ],
            "15": [
                4175,
                1041
            ],
            "3": [
                4056
            ],
            "4": [
                3981
            ],
            "12": [
                4145,
                1086
            ],
            "5": [
                1072
            ],
            "16": [
                4160
            ],
            "7": [
                4099
            ],
            "10": [
                4071,
                4070
            ],
            "8": [
                1175,
                3966
            ],
            "13": [
                1116
            ],
            "11": [
                952,
                951
            ],
            "17": [
                4129,
                966
            ],
            "14": [
                1161,
                4251
            ],
            "18": [
                4206,
                1146
            ],
            "42": [
                1131
            ],
            "43": [
                4085
            ],
            "45": [
                921
            ],
            "46": [
                4114
            ],
            "48": [
                1191,
                1190
            ],
            "49": [
                1176
            ],
            "0": [
                4340
            ],
            "51": [
                4325
            ],
            "52": [
                4235,
                1027
            ],
            "53": [
                4250
            ],
            "54": [
                4190,
                1087
            ],
            "44": [
                4100
            ],
            "47": [
                936
            ],
            "50": [
                4115
            ],
            "55": [
                996
            ],
            "56": [
                4205
            ]
        },
        "chain_break_method": "majority_vote",
        "embedding_parameters": {},
        "chain_strength": 160.70842875864994
    }
}