{
    "config": "N_1000-192.85011451037994s-1_A200",
    "num_vars": 54,
    "num_qubit": 100,
    "time_elapsed": 0.01799941062927246,
    "best_state": {
        "sample": [
            1,
            0,
            0,
            0,
            0,
            0,
            0,
            0,
            0,
            0,
            0,
            0,
            1,
            0,
            1,
            1,
            0,
            1,
            1,
            1,
            1,
            1,
            1,
            0,
            0,
            0,
            0,
            0,
            0,
            1,
            1,
            1,
            0,
            1,
            1,
            0,
            0,
            0,
            0,
            0,
            0,
            0,
            0,
            1,
            1,
            0,
            1,
            1,
            1,
            1,
            1,
            1,
            1,
            1
        ],
        "energy": 45.0,
        "chain_break_fraction": 0.018518518518518517
    },
    "chain_strength": 192.85011451037994,
    "max_chain_length": 3,
    "timing_info": {
        "qpu_sampling_time": 267720.0,
        "qpu_anneal_time_per_sample": 200.0,
        "qpu_readout_time_per_sample": 47.18,
        "qpu_access_time": 283647.97,
        "qpu_access_overhead_time": 970.03,
        "qpu_programming_time": 15927.97,
        "qpu_delay_time_per_sample": 20.54,
        "total_post_processing_time": 1.0,
        "post_processing_overhead_time": 1.0
    },
    "embedding_info": {
        "embedding": {
            "19": [
                435,
                3181
            ],
            "20": [
                300,
                3030,
                3031
            ],
            "25": [
                420,
                3196
            ],
            "21": [
                495,
                496
            ],
            "26": [
                3046
            ],
            "22": [
                3137,
                3136
            ],
            "27": [
                361,
                360
            ],
            "23": [
                345,
                3016,
                346
            ],
            "28": [
                375,
                376
            ],
            "24": [
                3107,
                3106,
                270
            ],
            "29": [
                3122,
                3121,
                450
            ],
            "30": [
                406,
                405,
                3226
            ],
            "31": [
                315,
                3091
            ],
            "32": [
                3076,
                3077
            ],
            "33": [
                465,
                3092,
                466
            ],
            "34": [
                391,
                390,
                3211
            ],
            "35": [
                330,
                3001
            ],
            "36": [
                481,
                480
            ],
            "37": [
                510,
                2972,
                2971
            ],
            "38": [
                525,
                2987,
                2986
            ],
            "39": [
                3062,
                3061,
                600
            ],
            "1": [
                3167
            ],
            "6": [
                3302
            ],
            "2": [
                586
            ],
            "15": [
                556,
                557
            ],
            "3": [
                421,
                3256
            ],
            "4": [
                3078
            ],
            "12": [
                540,
                3002
            ],
            "5": [
                3287,
                601
            ],
            "16": [
                541
            ],
            "7": [
                436,
                3347
            ],
            "10": [
                3152
            ],
            "8": [
                3273,
                3272
            ],
            "17": [
                3257
            ],
            "11": [
                3032,
                630
            ],
            "13": [
                645,
                3047
            ],
            "14": [
                3123
            ],
            "18": [
                3138
            ],
            "42": [
                526,
                527
            ],
            "43": [
                3332,
                451
            ],
            "45": [
                511,
                3182,
                3317
            ],
            "46": [
                615
            ],
            "48": [
                675
            ],
            "49": [
                3093,
                690
            ],
            "0": [
                3227
            ],
            "51": [
                3212
            ],
            "52": [
                3288,
                676
            ],
            "53": [
                736,
                737
            ],
            "54": [
                721
            ],
            "44": [
                542
            ],
            "47": [
                3153
            ],
            "50": [
                660
            ],
            "55": [
                3242
            ],
            "56": [
                571,
                3168
            ]
        },
        "chain_break_method": "majority_vote",
        "embedding_parameters": {},
        "chain_strength": 192.85011451037994
    }
}