{
    "config": "N_1000-257.13348601383996s-1_A200",
    "num_vars": 54,
    "num_qubit": 98,
    "time_elapsed": 0.061774253845214844,
    "best_state": {
        "sample": [
            1,
            0,
            0,
            0,
            0,
            0,
            0,
            0,
            1,
            1,
            0,
            1,
            0,
            0,
            0,
            0,
            1,
            0,
            1,
            1,
            0,
            0,
            0,
            0,
            0,
            0,
            0,
            0,
            0,
            0,
            0,
            0,
            0,
            0,
            1,
            0,
            1,
            1,
            0,
            0,
            1,
            1,
            1,
            1,
            1,
            1,
            1,
            1,
            0,
            0,
            0,
            0,
            1,
            1
        ],
        "energy": 45.0,
        "chain_break_fraction": 0.0
    },
    "chain_strength_prefactor": 0.4,
    "chain_strength": 257.13348601383996,
    "max_chain_length": 3,
    "timing_info": {
        "qpu_sampling_time": 371480.0,
        "qpu_anneal_time_per_sample": 200.0,
        "qpu_readout_time_per_sample": 150.94,
        "qpu_access_time": 387240.77,
        "qpu_access_overhead_time": 2758.23,
        "qpu_programming_time": 15760.77,
        "qpu_delay_time_per_sample": 20.54,
        "total_post_processing_time": 16.0,
        "post_processing_overhead_time": 16.0
    },
    "embedding_info": {
        "embedding": {
            "19": [
                3676,
                333
            ],
            "20": [
                3571,
                3570
            ],
            "25": [
                243,
                242
            ],
            "21": [
                289,
                3811,
                288
            ],
            "26": [
                258,
                3720
            ],
            "22": [
                438,
                439,
                3586
            ],
            "27": [
                3630,
                3631
            ],
            "23": [
                348,
                349
            ],
            "28": [
                3691,
                229
            ],
            "24": [
                273,
                3601,
                274
            ],
            "29": [
                3706,
                214
            ],
            "30": [
                3646,
                303,
                3645
            ],
            "31": [
                3616,
                3615,
                423
            ],
            "32": [
                364,
                3661,
                363
            ],
            "33": [
                318,
                319,
                3511
            ],
            "34": [
                3735,
                3736,
                199
            ],
            "35": [
                3750,
                3751,
                184
            ],
            "36": [
                3856,
                304
            ],
            "37": [
                409,
                3692,
                3721
            ],
            "38": [
                379,
                380,
                378
            ],
            "39": [
                3766,
                3765
            ],
            "1": [
                483
            ],
            "9": [
                3872
            ],
            "2": [
                275
            ],
            "16": [
                3871
            ],
            "3": [
                259
            ],
            "4": [
                3662
            ],
            "10": [
                424
            ],
            "5": [
                365
            ],
            "13": [
                3796
            ],
            "7": [
                334,
                3841
            ],
            "14": [
                3781,
                3780
            ],
            "8": [
                3930,
                230
            ],
            "17": [
                305,
                3886
            ],
            "11": [
                410,
                3916
            ],
            "15": [
                544,
                545
            ],
            "12": [
                3961
            ],
            "18": [
                3946
            ],
            "42": [
                244
            ],
            "43": [
                3915
            ],
            "0": [
                498
            ],
            "45": [
                3677
            ],
            "46": [
                560,
                559
            ],
            "47": [
                3977,
                485
            ],
            "48": [
                3976,
                440
            ],
            "51": [
                3826
            ],
            "52": [
                469,
                3827
            ],
            "54": [
                290,
                4036
            ],
            "55": [
                350
            ],
            "44": [
                215
            ],
            "49": [
                3887
            ],
            "50": [
                395
            ],
            "53": [
                3797,
                3782
            ],
            "56": [
                335
            ]
        },
        "chain_break_method": "majority_vote",
        "embedding_parameters": {},
        "chain_strength": 257.13348601383996
    }
}