{
    "config": "N_1000-2975.1105255331154s-1_A200",
    "num_vars": 116,
    "num_qubit": 211,
    "time_elapsed": 0.026909828186035156,
    "best_state": {
        "sample": [
            1,
            0,
            0,
            0,
            1,
            0,
            0,
            0,
            0,
            0,
            0,
            0,
            0,
            0,
            0,
            0,
            0,
            0,
            0,
            0,
            0,
            0,
            0,
            0,
            0,
            0,
            0,
            0,
            0,
            0,
            0,
            0,
            0,
            0,
            1,
            1,
            0,
            0,
            0,
            0,
            0,
            0,
            0,
            0,
            0,
            0,
            1,
            0,
            0,
            0,
            1,
            1,
            0,
            0,
            0,
            1,
            0,
            0,
            0,
            0,
            1,
            1,
            1,
            1,
            1,
            1,
            1,
            1,
            1,
            1,
            1,
            0,
            0,
            0,
            1,
            0,
            0,
            0,
            1,
            0,
            0,
            0,
            0,
            0,
            0,
            0,
            0,
            0,
            0,
            0,
            0,
            0,
            0,
            0,
            0,
            0,
            0,
            1,
            1,
            1,
            1,
            1,
            1,
            1,
            1,
            1,
            1,
            0,
            0,
            0,
            0,
            0,
            0,
            0,
            0,
            0
        ],
        "energy": 524.0,
        "chain_break_fraction": 0.0
    },
    "chain_strength_prefactor": 0.45,
    "chain_strength": 2975.1105255331154,
    "max_chain_length": 4,
    "timing_info": {
        "qpu_sampling_time": 286520.0,
        "qpu_anneal_time_per_sample": 200.0,
        "qpu_readout_time_per_sample": 65.98,
        "qpu_access_time": 302443.17,
        "qpu_access_overhead_time": 9920.83,
        "qpu_programming_time": 15923.17,
        "qpu_delay_time_per_sample": 20.54,
        "total_post_processing_time": 80.0,
        "post_processing_overhead_time": 80.0
    },
    "embedding_info": {
        "embedding": {
            "45": [
                1231,
                3171,
                3170
            ],
            "46": [
                1156,
                3351,
                1155
            ],
            "51": [
                3321,
                3320,
                1246
            ],
            "47": [
                1216,
                1217,
                3306
            ],
            "52": [
                3156,
                3155
            ],
            "48": [
                3364,
                1006,
                3365,
                1005
            ],
            "53": [
                1021,
                3305
            ],
            "49": [
                1186,
                3246,
                3380
            ],
            "54": [
                3230,
                1066
            ],
            "50": [
                3260,
                3259,
                1051,
                3261
            ],
            "55": [
                946,
                3229,
                976
            ],
            "56": [
                1127,
                1126,
                1128
            ],
            "57": [
                3245,
                1036
            ],
            "58": [
                1096,
                3110,
                1097
            ],
            "59": [
                990,
                3095,
                991
            ],
            "60": [
                3290,
                1141,
                1140
            ],
            "61": [
                1112,
                1111,
                3410
            ],
            "62": [
                3184,
                3185,
                975
            ],
            "63": [
                1082,
                1081
            ],
            "64": [
                3199,
                3198,
                3200
            ],
            "65": [
                3213,
                3214,
                901,
                3215
            ],
            "5": [
                3169
            ],
            "11": [
                3291
            ],
            "6": [
                1232
            ],
            "16": [
                1262
            ],
            "7": [
                1218
            ],
            "22": [
                3426,
                1172,
                3395
            ],
            "8": [
                3034
            ],
            "27": [
                1007
            ],
            "9": [
                1306
            ],
            "33": [
                1052
            ],
            "10": [
                811
            ],
            "39": [
                857,
                3469,
                856
            ],
            "12": [
                1247
            ],
            "17": [
                3319
            ],
            "13": [
                3019,
                1020
            ],
            "28": [
                3394,
                1022,
                3393
            ],
            "14": [
                3231
            ],
            "34": [
                1067
            ],
            "15": [
                3244
            ],
            "40": [
                3439,
                947
            ],
            "18": [
                3590
            ],
            "23": [
                3486
            ],
            "19": [
                1035
            ],
            "29": [
                1037,
                1038,
                3425
            ],
            "20": [
                3111
            ],
            "35": [
                1098,
                3530
            ],
            "21": [
                3094
            ],
            "41": [
                3500,
                992,
                3499
            ],
            "24": [
                3050
            ],
            "30": [
                932,
                3289,
                933
            ],
            "25": [
                1185,
                3141
            ],
            "36": [
                917,
                3409,
                3379
            ],
            "26": [
                3064
            ],
            "42": [
                886
            ],
            "31": [
                1080,
                2975,
                2974,
                750
            ],
            "37": [
                3140
            ],
            "32": [
                780
            ],
            "43": [
                766,
                3228
            ],
            "38": [
                735,
                736
            ],
            "44": [
                690,
                691
            ],
            "0": [
                3276
            ],
            "66": [
                1277
            ],
            "67": [
                3441
            ],
            "68": [
                1142,
                3440
            ],
            "69": [
                3455
            ],
            "70": [
                3470
            ],
            "1": [
                3154
            ],
            "72": [
                752,
                751
            ],
            "73": [
                767
            ],
            "74": [
                3335,
                3334
            ],