{
    "config": "N_1000-5814.446052106523s-1_A200",
    "num_vars": 42,
    "num_qubit": 62,
    "time_elapsed": 0.013951539993286133,
    "best_state": {
        "sample": [
            1,
            0,
            1,
            0,
            0,
            1,
            0,
            0,
            0,
            0,
            0,
            0,
            0,
            0,
            0,
            1,
            0,
            0,
            1,
            0,
            0,
            0,
            1,
            1,
            1,
            0,
            0,
            0,
            0,
            1,
            0,
            0,
            1,
            0,
            0,
            0,
            0,
            0,
            1,
            1,
            1,
            1
        ],
        "energy": 897.0,
        "chain_break_fraction": 0.0
    },
    "chain_strength_prefactor": 0.3,
    "chain_strength": 5814.446052106523,
    "max_chain_length": 3,
    "timing_info": {
        "qpu_sampling_time": 332180.0,
        "qpu_anneal_time_per_sample": 200.0,
        "qpu_readout_time_per_sample": 111.64,
        "qpu_access_time": 347941.17,
        "qpu_access_overhead_time": 1282.83,
        "qpu_programming_time": 15761.17,
        "qpu_delay_time_per_sample": 20.54,
        "total_post_processing_time": 1.0,
        "post_processing_overhead_time": 1.0
    },
    "embedding_info": {
        "embedding": {
            "17": [
                907,
                4249
            ],
            "18": [
                4234
            ],
            "22": [
                4458,
                831,
                832
            ],
            "19": [
                772
            ],
            "23": [
                757,
                4219
            ],
            "20": [
                4263,
                786,
                787
            ],
            "24": [
                816,
                817
            ],
            "21": [
                4204,
                922,
                4203
            ],
            "25": [
                4189,
                4188
            ],
            "26": [
                4293,
                862
            ],
            "27": [
                4399,
                847
            ],
            "28": [
                802,
                801
            ],
            "29": [
                4308
            ],
            "30": [
                742,
                4338
            ],
            "31": [
                727,
                4278
            ],
            "3": [
                788
            ],
            "11": [
                4323,
                697
            ],
            "4": [
                4202
            ],
            "14": [
                651
            ],
            "5": [
                728
            ],
            "7": [
                4174
            ],
            "6": [
                4187
            ],
            "15": [
                4173
            ],
            "8": [
                758
            ],
            "12": [
                4398
            ],
            "9": [
                712,
                4353
            ],
            "13": [
                667,
                4307
            ],
            "10": [
                4248
            ],
            "16": [
                4233
            ],
            "0": [
                4383
            ],
            "32": [
                652
            ],
            "36": [
                682
            ],
            "1": [
                4518
            ],
            "37": [
                4503
            ],
            "38": [
                773
            ],
            "39": [
                4368
            ],
            "2": [
                486
            ],
            "41": [
                4172,
                501
            ],
            "42": [
                606
            ],
            "43": [
                4218,
                577
            ],
            "40": [
                637
            ],
            "44": [
                636
            ]
        },
        "chain_break_method": "majority_vote",
        "embedding_parameters": {},
        "chain_strength": 5814.446052106523
    }
}