{
    "config": "N_1000-4845.37171008877s-1_A200",
    "num_vars": 42,
    "num_qubit": 59,
    "time_elapsed": 0.01295614242553711,
    "best_state": {
        "sample": [
            1,
            0,
            1,
            0,
            0,
            1,
            0,
            0,
            0,
            0,
            0,
            0,
            0,
            0,
            0,
            1,
            0,
            1,
            1,
            1,
            0,
            1,
            1,
            1,
            0,
            0,
            0,
            0,
            0,
            0,
            0,
            1,
            1,
            0,
            0,
            0,
            0,
            0,
            1,
            1,
            1,
            1
        ],
        "energy": 897.0,
        "chain_break_fraction": 0.023809523809523808
    },
    "chain_strength_prefactor": 0.25,
    "chain_strength": 4845.37171008877,
    "max_chain_length": 3,
    "timing_info": {
        "qpu_sampling_time": 276660.0,
        "qpu_anneal_time_per_sample": 200.0,
        "qpu_readout_time_per_sample": 56.12,
        "qpu_access_time": 292585.17,
        "qpu_access_overhead_time": 1785.83,
        "qpu_programming_time": 15925.17,
        "qpu_delay_time_per_sample": 20.54,
        "total_post_processing_time": 9.0,
        "post_processing_overhead_time": 9.0
    },
    "embedding_info": {
        "embedding": {
            "17": [
                442,
                4366
            ],
            "18": [
                427,
                4351
            ],
            "22": [
                338,
                337
            ],
            "19": [
                413,
                412
            ],
            "23": [
                398,
                4516
            ],
            "20": [
                4291,
                502
            ],
            "24": [
                4382,
                4381
            ],
            "21": [
                503,
                4412
            ],
            "25": [
                368,
                458,
                4471
            ],
            "26": [
                4456,
                4457
            ],
            "27": [
                472,
                4306
            ],
            "28": [
                4441
            ],
            "29": [
                548,
                4397
            ],
            "30": [
                4427,
                488
            ],
            "31": [
                457
            ],
            "3": [
                4292
            ],
            "11": [
                4337
            ],
            "4": [
                4547
            ],
            "14": [
                518
            ],
            "5": [
                4321
            ],
            "7": [
                4561
            ],
            "6": [
                4472
            ],
            "15": [
                4562
            ],
            "8": [
                4307
            ],
            "12": [
                4322
            ],
            "9": [
                578,
                4367
            ],
            "13": [
                4352
            ],
            "10": [
                4517
            ],
            "16": [
                563,
                4487
            ],
            "0": [
                532
            ],
            "32": [
                517
            ],
            "36": [
                593
            ],
            "1": [
                652
            ],
            "37": [
                637
            ],
            "38": [
                4398,
                682
            ],
            "39": [
                607
            ],
            "2": [
                4532
            ],
            "41": [
                608
            ],
            "42": [
                623
            ],
            "43": [
                4502
            ],
            "40": [
                622
            ],
            "44": [
                533
            ]
        },
        "chain_break_method": "majority_vote",
        "embedding_parameters": {},
        "chain_strength": 4845.37171008877
    }
}