{
    "config": "N_1000-9422.48929001538s-1_A200",
    "num_vars": 88,
    "num_qubit": 156,
    "time_elapsed": 0.07203531265258789,
    "best_state": {
        "sample": [
            1,
            0,
            0,
            0,
            0,
            0,
            1,
            0,
            0,
            0,
            0,
            0,
            0,
            0,
            0,
            0,
            0,
            0,
            0,
            0,
            0,
            1,
            1,
            0,
            0,
            0,
            0,
            0,
            0,
            0,
            0,
            0,
            0,
            0,
            1,
            1,
            1,
            1,
            1,
            0,
            1,
            0,
            0,
            0,
            0,
            0,
            0,
            0,
            0,
            0,
            1,
            0,
            1,
            0,
            0,
            1,
            1,
            1,
            0,
            1,
            0,
            1,
            1,
            0,
            0,
            0,
            0,
            1,
            1,
            1,
            1,
            1,
            1,
            1,
            1,
            1,
            0,
            0,
            0,
            0,
            0,
            0,
            0,
            0,
            0,
            0,
            0,
            0
        ],
        "energy": 1449.0,
        "chain_break_fraction": 0.011363636363636364
    },
    "chain_strength_prefactor": 0.25,
    "chain_strength": 9422.48929001538,
    "max_chain_length": 3,
    "timing_info": {
        "qpu_sampling_time": 277440.0,
        "qpu_anneal_time_per_sample": 200.0,
        "qpu_readout_time_per_sample": 56.9,
        "qpu_access_time": 293363.97,
        "qpu_access_overhead_time": 983.03,
        "qpu_programming_time": 15923.97,
        "qpu_delay_time_per_sample": 20.54,
        "total_post_processing_time": 1.0,
        "post_processing_overhead_time": 1.0
    },
    "embedding_info": {
        "embedding": {
            "34": [
                815,
                4098
            ],
            "35": [
                695,
                3948
            ],
            "40": [
                845,
                846
            ],
            "36": [
                3979,
                3978
            ],
            "41": [
                800,
                3934,
                3933
            ],
            "37": [
                830,
                4054
            ],
            "42": [
                4068,
                4069,
                635
            ],
            "38": [
                755,
                756
            ],
            "43": [
                740,
                741,
                3903
            ],
            "39": [
                3994,
                3993,
                965
            ],
            "44": [
                4008,
                4009
            ],
            "45": [
                860,
                4039
            ],
            "46": [
                4023,
                4024
            ],
            "47": [
                3918,
                710
            ],
            "48": [
                3874,
                875,
                3873
            ],
            "49": [
                920,
                921,
                919
            ],
            "50": [
                3889,
                770,
                814
            ],
            "51": [
                890,
                3919
            ],
            "52": [
                784,
                785,
                3844
            ],
            "53": [
                906,
                905
            ],
            "54": [
                3963,
                650,
                3964
            ],
            "4": [
                4097
            ],
            "8": [
                816
            ],
            "5": [
                694
            ],
            "12": [
                696
            ],
            "6": [
                4055
            ],
            "20": [
                4053,
                726
            ],
            "7": [
                4040,
                936
            ],
            "30": [
                951,
                950
            ],
            "9": [
                3768,
                844
            ],
            "13": [
                4083,
                4082
            ],
            "10": [
                4070
            ],
            "21": [
                620
            ],
            "11": [
                739
            ],
            "26": [
                3902,
                515
            ],
            "14": [
                4025
            ],
            "22": [
                665,
                664
            ],
            "15": [
                798,
                799
            ],
            "27": [
                634,
                3917
            ],
            "16": [
                3875
            ],
            "31": [
                3814,
                829
            ],
            "17": [
                3739,
                3738
            ],
            "23": [
                918,
                3619,
                3618
            ],
            "18": [
                813,
                3634
            ],
            "28": [
                949,
                3784
            ],
            "19": [
                935,
                3904
            ],
            "32": [
                964
            ],
            "24": [
                3633,
                783
            ],
            "29": [
                3753,
                859
            ],
            "25": [
                3859,
                889
            ],
            "33": [
                904
            ],
            "0": [
                4128
            ],
            "55": [
                4113
            ],
            "56": [
                711
            ],
            "57": [
                4158,
                4159
            ],
            "59": [
                605
            ],
            "60": [
                3947
            ],
            "62": [
                3693,
                709
            ],
            "63": [
                3828
            ],
            "64": [
                3813
            ],
            "1": [
                963
            ],
            "66": [
                978,
                3680
            ],
            "67": [
                979
            ],
            "68": [
                1054,
                3845
            ],
            "70": [
                995
            ],
            "71": [
                1040,
                1039,
                3980
            ],
            "72": [
                3724,
                3723
            ],
            "73": [
                3664,
                754
            ],
            "74": [
                3694
            ],
            "2": [
                724
            ],
            "79": [
                3648
            ],
            "80": [
                3573,
                693
            ],
            "81": [
                3588
            ],
            "82": [
                769,
                768
            ],
            "3": [
                1055
            ],
            "85": [
                1070
            ],
            "86": [
                3890
            ],
            "87": [
                994,
                3860
            ],
            "88": [
                3754
            ],
            "69": [
                934,
                3710
            ],
            "75": [
                4038,
                576
            ],