{
    "config": "N_1000-15075.982864024609s-1_A200",
    "num_vars": 88,
    "num_qubit": 157,
    "time_elapsed": 0.08201408386230469,
    "best_state": {
        "sample": [
            1,
            0,
            0,
            0,
            0,
            1,
            0,
            0,
            0,
            0,
            0,
            0,
            0,
            1,
            0,
            0,
            0,
            0,
            0,
            0,
            0,
            0,
            0,
            0,
            0,
            0,
            0,
            0,
            0,
            0,
            0,
            0,
            0,
            0,
            1,
            1,
            1,
            1,
            0,
            1,
            0,
            0,
            0,
            0,
            1,
            1,
            1,
            0,
            1,
            0,
            0,
            1,
            0,
            1,
            1,
            1,
            1,
            1,
            1,
            1,
            1,
            1,
            1,
            0,
            0,
            0,
            0,
            0,
            0,
            0,
            0,
            0,
            0,
            0,
            0,
            0,
            0,
            0,
            0,
            0,
            0,
            0,
            0,
            0,
            0,
            0,
            0,
            0
        ],
        "energy": 1445.0,
        "chain_break_fraction": 0.0
    },
    "chain_strength_prefactor": 0.4,
    "chain_strength": 15075.982864024609,
    "max_chain_length": 3,
    "timing_info": {
        "qpu_sampling_time": 288340.0,
        "qpu_anneal_time_per_sample": 200.0,
        "qpu_readout_time_per_sample": 67.8,
        "qpu_access_time": 304101.97,
        "qpu_access_overhead_time": 1713.03,
        "qpu_programming_time": 15761.97,
        "qpu_delay_time_per_sample": 20.54,
        "total_post_processing_time": 48.0,
        "post_processing_overhead_time": 48.0
    },
    "embedding_info": {
        "embedding": {
            "34": [
                1849,
                3759
            ],
            "35": [
                3639,
                1834,
                3638
            ],
            "40": [
                3773,
                1729,
                3804
            ],
            "36": [
                1774,
                3714,
                3715
            ],
            "41": [
                3788,
                1699,
                3789
            ],
            "37": [
                3654,
                1878
            ],
            "42": [
                1759,
                1758,
                3758
            ],
            "38": [
                1789,
                1788,
                3744
            ],
            "43": [
                1819,
                1818,
                3699
            ],
            "39": [
                3670,
                1863
            ],
            "44": [
                1803,
                3609,
                1804
            ],
            "45": [
                1655,
                1654
            ],
            "46": [
                3923,
                1714,
                1713
            ],
            "47": [
                1669,
                3684,
                1668
            ],
            "48": [
                1728,
                3728,
                3729
            ],
            "49": [
                1744,
                3849,
                1743
            ],
            "50": [
                3743,
                1683,
                1609
            ],
            "51": [
                3669,
                1698,
                3668
            ],
            "52": [
                3593,
                1608,
                3594
            ],
            "53": [
                3622,
                3623,
                3624
            ],
            "54": [
                1653,
                3578,
                3579
            ],
            "4": [
                1879
            ],
            "8": [
                3685
            ],
            "5": [
                1835
            ],
            "12": [
                3700
            ],
            "6": [
                1775,
                4029
            ],
            "17": [
                1894,
                3774
            ],
            "7": [
                3534
            ],
            "27": [
                3834,
                3833
            ],
            "9": [
                3819
            ],
            "13": [
                1864
            ],
            "10": [
                1700
            ],
            "18": [
                3790,
                1909
            ],
            "11": [
                3757
            ],
            "23": [
                1760
            ],
            "14": [
                3968
            ],
            "19": [
                3984,
                3983
            ],
            "15": [
                3922
            ],
            "24": [
                1745
            ],
            "16": [
                3563
            ],
            "28": [
                1670
            ],
            "20": [
                3848,
                1549
            ],
            "25": [
                3879,
                3878,
                1820
            ],
            "21": [
                1624,
                1623
            ],
            "29": [
                3698,
                1594
            ],
            "22": [
                1533,
                3683
            ],
            "31": [
                1474,
                3727
            ],
            "26": [
                3652,
                1444,
                1518
            ],
            "32": [
                1489,
                1488
            ],
            "30": [
                3577
            ],
            "33": [
                3608,
                3607
            ],
            "0": [
                1999
            ],
            "55": [
                1984
            ],
            "56": [
                1939,
                3805
            ],
            "57": [
                3835
            ],
            "59": [
                3880
            ],
            "60": [
                3895,
                3894
            ],
            "62": [
                1850
            ],
            "63": [
                3969
            ],
            "64": [
                3953,
                1715
            ],
            "66": [
                3998,
                1685
            ],
            "67": [
                1580
            ],
            "68": [
                1490,
                3863,
                3952
            ],
            "69": [
                1564
            ],
            "70": [
                3713
            ],
            "1": [
                3772
            ],
            "75": [
                1534
            ],
            "76": [
                3907
            ],
            "77": [
                3802,
                1504
            ],
            "78": [
                3787
            ],
            "2": [
                3519
            ],
            "81": [
                1712
            ],
            "82": [
                3548
            ],
            "83": [
                1638
            ],
            "84": [
                1563,
                3533
            ],
            "3": [
                1548
            ],
            "87": [
                3592
            ],
            "88": [
                1428
            ],
            "89": [
                1413
            ],
            "71": [
                3909,
                1790
            ],