{
    "config": "N_1000-13191.48500602153s-1_A200",
    "num_vars": 88,
    "num_qubit": 157,
    "time_elapsed": 0.04271697998046875,
    "best_state": {
        "sample": [
            1,
            0,
            0,
            0,
            0,
            1,
            0,
            0,
            0,
            0,
            0,
            0,
            0,
            1,
            0,
            0,
            0,
            0,
            0,
            0,
            0,
            0,
            0,
            0,
            0,
            0,
            0,
            0,
            0,
            0,
            0,
            0,
            0,
            0,
            1,
            1,
            1,
            1,
            0,
            1,
            0,
            0,
            1,
            0,
            0,
            1,
            1,
            0,
            1,
            1,
            0,
            0,
            0,
            0,
            1,
            1,
            1,
            1,
            1,
            1,
            1,
            1,
            1,
            0,
            0,
            0,
            0,
            0,
            0,
            0,
            0,
            0,
            0,
            0,
            0,
            0,
            0,
            0,
            0,
            0,
            0,
            0,
            0,
            0,
            0,
            0,
            0,
            0
        ],
        "energy": 1445.0,
        "chain_break_fraction": 0.0
    },
    "chain_strength_prefactor": 0.35,
    "chain_strength": 13191.48500602153,
    "max_chain_length": 4,
    "timing_info": {
        "qpu_sampling_time": 359860.0,
        "qpu_anneal_time_per_sample": 200.0,
        "qpu_readout_time_per_sample": 139.32,
        "qpu_access_time": 375618.77,
        "qpu_access_overhead_time": 3112.23,
        "qpu_programming_time": 15758.77,
        "qpu_delay_time_per_sample": 20.54,
        "total_post_processing_time": 1.0,
        "post_processing_overhead_time": 1.0
    },
    "embedding_info": {
        "embedding": {
            "34": [
                2135,
                2136,
                3926
            ],
            "35": [
                3911,
                2165,
                2166
            ],
            "40": [
                3941,
                2225,
                2226
            ],
            "36": [
                2151,
                2150,
                4106
            ],
            "41": [
                4151,
                4152
            ],
            "37": [
                2270,
                2269
            ],
            "42": [
                2195,
                3882,
                2196
            ],
            "38": [
                2240,
                4032,
                3971
            ],
            "43": [
                2285,
                2286
            ],
            "39": [
                4091,
                2181,
                4001
            ],
            "44": [
                4167,
                4166
            ],
            "45": [
                2346,
                4047,
                4046
            ],
            "46": [
                3986,
                3987,
                2315
            ],
            "47": [
                2300
            ],
            "48": [
                4016,
                4017,
                2376
            ],
            "49": [
                2210,
                3867,
                3868,
                2211
            ],
            "50": [
                4062,
                2301,
                4063
            ],
            "51": [
                4077,
                2316,
                4078,
                4076
            ],
            "52": [
                3972,
                2360,
                2420
            ],
            "53": [
                2255,
                2254,
                2256
            ],
            "54": [
                4002,
                2361
            ],
            "4": [
                4196
            ],
            "8": [
                2134
            ],
            "5": [
                2239
            ],
            "12": [
                3851
            ],
            "6": [
                4105
            ],
            "17": [
                2180,
                3896
            ],
            "7": [
                3807
            ],
            "23": [
                3837
            ],
            "9": [
                2224
            ],
            "13": [
                4181
            ],
            "10": [
                2091,
                2090
            ],
            "18": [
                2120,
                2121,
                3955
            ],
            "11": [
                2406
            ],
            "30": [
                4212,
                2331
            ],
            "14": [
                2016
            ],
            "19": [
                2345
            ],
            "15": [
                3927
            ],
            "24": [
                2329,
                3777,
                2314
            ],
            "16": [
                4243,
                2377
            ],
            "31": [
                2436,
                4122,
                2435
            ],
            "20": [
                2525
            ],
            "25": [
                2390,
                2391
            ],
            "21": [
                4064
            ],
            "27": [
                2450
            ],
            "22": [
                2526,
                2527,
                4138
            ],
            "32": [
                2511
            ],
            "26": [
                4034,
                2510,
                4033
            ],
            "28": [
                3973
            ],
            "29": [
                4003
            ],
            "33": [
                4108,
                2600,
                4107
            ],
            "0": [
                2149
            ],
            "55": [
                3866
            ],
            "56": [
                2089
            ],
            "57": [
                2074,
                3836
            ],
            "59": [
                2106
            ],
            "60": [
                4211
            ],
            "62": [
                3897
            ],
            "63": [
                2330,
                3912
            ],
            "64": [
                2434
            ],
            "66": [
                4120,
                1986
            ],
            "67": [
                4136,
                4135,
                4137
            ],
            "68": [
                4092,
                2466
            ],
            "69": [
                4153,
                2451
            ],
            "70": [
                4168
            ],
            "1": [
                3792
            ],
            "75": [
                2404
            ],
            "76": [
                2465,
                3883
            ],
            "77": [
                3988
            ],
            "78": [
                2495
            ],
            "2": [
                4079
            ],
            "81": [
                2706
            ],
            "82": [
                4049
            ],
            "83": [
                2556
            ],
            "3": [
                2421
            ],
            "85": [
                4258
            ],
            "86": [
                2542
            ],
            "87": [
                2541
            ],
            "88": [
                4093,
                2585
            ],