{
    "config": "N_1000-19786.16611476834s-1_A200",
    "num_vars": 87,
    "num_qubit": 164,
    "time_elapsed": 0.052748918533325195,
    "best_state": {
        "sample": [
            1,
            1,
            0,
            1,
            0,
            0,
            0,
            0,
            0,
            0,
            0,
            0,
            0,
            0,
            0,
            0,
            0,
            0,
            0,
            0,
            0,
            0,
            0,
            0,
            0,
            0,
            0,
            0,
            0,
            0,
            0,
            0,
            0,
            1,
            1,
            1,
            1,
            1,
            1,
            0,
            0,
            0,
            0,
            0,
            1,
            1,
            1,
            0,
            1,
            1,
            0,
            0,
            0,
            0,
            1,
            1,
            1,
            1,
            1,
            1,
            1,
            1,
            0,
            0,
            0,
            0,
            0,
            0,
            0,
            0,
            0,
            0,
            0,
            0,
            0,
            0,
            0,
            0,
            0,
            0,
            0,
            0,
            0,
            0,
            0,
            0,
            0
        ],
        "energy": 3883.0,
        "chain_break_fraction": 0.011494252873563218
    },
    "chain_strength_prefactor": 0.35,
    "chain_strength": 19786.16611476834,
    "max_chain_length": 3,
    "timing_info": {
        "qpu_sampling_time": 297860.0,
        "qpu_anneal_time_per_sample": 200.0,
        "qpu_readout_time_per_sample": 77.32,
        "qpu_access_time": 313785.17,
        "qpu_access_overhead_time": 1795.83,
        "qpu_programming_time": 15925.17,
        "qpu_delay_time_per_sample": 20.54,
        "total_post_processing_time": 1.0,
        "post_processing_overhead_time": 1.0
    },
    "embedding_info": {
        "embedding": {
            "33": [
                928,
                929,
                5299
            ],
            "34": [
                807,
                808
            ],
            "39": [
                5538,
                5539
            ],
            "35": [
                703,
                5448,
                5449
            ],
            "40": [
                898,
                899,
                897
            ],
            "36": [
                5374,
                5373,
                1048
            ],
            "41": [
                5404,
                973,
                5405
            ],
            "37": [
                838,
                5434,
                5388
            ],
            "42": [
                1003,
                5389,
                5510
            ],
            "38": [
                778,
                5418
            ],
            "43": [
                5523,
                793,
                5524
            ],
            "44": [
                5284,
                822,
                823
            ],
            "45": [
                5329,
                868,
                869
            ],
            "46": [
                5495,
                988,
                5494
            ],
            "47": [
                763,
                764,
                5314
            ],
            "48": [
                883,
                882
            ],
            "49": [
                913,
                914,
                5344
            ],
            "50": [
                5463,
                5464,
                673
            ],
            "51": [
                5479,
                5480
            ],
            "52": [
                853,
                854,
                5419
            ],
            "53": [
                779,
                5509
            ],
            "3": [
                5300
            ],
            "7": [
                5298
            ],
            "4": [
                5104,
                806
            ],
            "11": [
                5238
            ],
            "5": [
                5375
            ],
            "20": [
                5164,
                1047,
                5163
            ],
            "6": [
                5417
            ],
            "29": [
                733
            ],
            "8": [
                5149
            ],
            "15": [
                5254,
                972
            ],
            "9": [
                1108
            ],
            "21": [
                1123,
                5270
            ],
            "10": [
                5511
            ],
            "24": [
                1002
            ],
            "12": [
                852
            ],
            "16": [
                5239
            ],
            "13": [
                5496
            ],
            "25": [
                987,
                5209
            ],
            "14": [
                5403,
                5402
            ],
            "30": [
                657,
                5313
            ],
            "17": [
                5359,
                5358,
                5360
            ],
            "22": [
                5135,
                5134,
                1077
            ],
            "18": [
                1004,
                5568,
                5569
            ],
            "26": [
                5269,
                5268
            ],
            "19": [
                5478
            ],
            "31": [
                642,
                5357
            ],
            "23": [
                1094,
                5435
            ],
            "27": [
                959,
                5465
            ],
            "28": [
                5598,
                674
            ],
            "32": [
                749,
                5508
            ],
            "0": [
                5283
            ],
            "54": [
                702
            ],
            "55": [
                717
            ],
            "56": [
                732,
                5208
            ],
            "58": [
                5285,
                5286
            ],
            "59": [
                1017
            ],
            "1": [
                5119
            ],
            "61": [
                912
            ],
            "62": [
                927
            ],
            "63": [
                5224,
                5223
            ],
            "65": [
                5193,
                777
            ],
            "66": [
                792,
                791
            ],
            "67": [
                5253
            ],
            "68": [
                687,
                688
            ],
            "72": [
                1213,
                5390
            ],
            "73": [
                1078
            ],
            "74": [
                1063
            ],
            "77": [
                5585,
                1139
            ],
            "78": [
                5570
            ],
            "79": [
                5554,
                5555,
                5553
            ],
            "80": [
                704
            ],
            "2": [
                523
            ],
            "84": [
                538,
                5387
            ],
            "85": [
                643
            ],
            "86": [
                5522,
                628
            ],
            "87": [
                5493
            ],
            "69": [
                5343,
                837
            ],