{
    "config": "N_1000-11306.38063701048s-1_A200",
    "num_vars": 87,
    "num_qubit": 167,
    "time_elapsed": 0.021365642547607422,
    "best_state": {
        "sample": [
            1,
            1,
            0,
            1,
            0,
            0,
            0,
            0,
            0,
            0,
            0,
            0,
            0,
            0,
            0,
            0,
            0,
            0,
            0,
            0,
            0,
            0,
            0,
            0,
            0,
            0,
            0,
            0,
            0,
            0,
            0,
            0,
            0,
            1,
            1,
            0,
            1,
            1,
            0,
            1,
            0,
            1,
            1,
            0,
            0,
            1,
            1,
            0,
            1,
            1,
            1,
            1,
            0,
            0,
            1,
            1,
            1,
            1,
            1,
            1,
            1,
            1,
            0,
            0,
            0,
            0,
            0,
            0,
            0,
            0,
            0,
            0,
            0,
            0,
            0,
            0,
            0,
            0,
            0,
            0,
            0,
            0,
            0,
            0,
            0,
            0,
            0
        ],
        "energy": 3883.0,
        "chain_break_fraction": 0.022988505747126436
    },
    "chain_strength_prefactor": 0.2,
    "chain_strength": 11306.38063701048,
    "max_chain_length": 4,
    "timing_info": {
        "qpu_sampling_time": 336880.0,
        "qpu_anneal_time_per_sample": 200.0,
        "qpu_readout_time_per_sample": 116.34,
        "qpu_access_time": 352805.97,
        "qpu_access_overhead_time": 1257.03,
        "qpu_programming_time": 15925.97,
        "qpu_delay_time_per_sample": 20.54,
        "total_post_processing_time": 9.0,
        "post_processing_overhead_time": 9.0
    },
    "embedding_info": {
        "embedding": {
            "33": [
                2753,
                2754,
                4529
            ],
            "34": [
                4483,
                4484,
                2573
            ],
            "39": [
                4574,
                2693
            ],
            "35": [
                2664,
                2663
            ],
            "40": [
                2724,
                4709
            ],
            "36": [
                4558,
                4559,
                2498
            ],
            "41": [
                4648,
                4649,
                2559
            ],
            "37": [
                4468,
                4469
            ],
            "42": [
                4454,
                2708,
                2709
            ],
            "38": [
                2648
            ],
            "43": [
                4543,
                4544,
                4542
            ],
            "44": [
                2678,
                4739,
                2679,
                4738
            ],
            "45": [
                2633,
                4619,
                2632
            ],
            "46": [
                4424,
                2558
            ],
            "47": [
                4513,
                2483,
                4514,
                4573
            ],
            "48": [
                2603,
                4604,
                2602
            ],
            "49": [
                4439,
                4438,
                2723
            ],
            "50": [
                4588,
                4589,
                2468
            ],
            "51": [
                2617,
                2618,
                4379
            ],
            "52": [
                2588,
                4498,
                4528
            ],
            "53": [
                4452,
                2513,
                4453
            ],
            "3": [
                4694,
                2634
            ],
            "7": [
                2755
            ],
            "4": [
                2572
            ],
            "11": [
                2814,
                2813
            ],
            "5": [
                2574
            ],
            "20": [
                4828,
                2530,
                2529
            ],
            "6": [
                2527,
                2528
            ],
            "24": [
                2543,
                2544
            ],
            "8": [
                2725
            ],
            "15": [
                4677,
                4678,
                2619
            ],
            "9": [
                4693
            ],
            "21": [
                2560
            ],
            "10": [
                2258
            ],
            "28": [
                2274,
                4783,
                2273,
                4782
            ],
            "12": [
                2710
            ],
            "16": [
                2334,
                2333,
                2332,
                4737
            ],
            "13": [
                2587
            ],
            "25": [
                4363,
                4362
            ],
            "14": [
                4481,
                4482
            ],
            "29": [
                4512
            ],
            "17": [
                4603,
                2469
            ],
            "22": [
                2604,
                4723
            ],
            "18": [
                2393,
                2394
            ],
            "26": [
                2438,
                2437
            ],
            "19": [
                4587,
                2288
            ],
            "30": [
                2408
            ],
            "23": [
                4632,
                4633,
                4631
            ],
            "31": [
                4618,
                2453
            ],
            "27": [
                4422,
                4423
            ],
            "32": [
                4467,
                2348
            ],
            "0": [
                2740
            ],
            "54": [
                4829
            ],
            "55": [
                4814,
                4813
            ],
            "56": [
                2545
            ],
            "58": [
                4799
            ],
            "59": [
                4784
            ],
            "1": [
                4348
            ],
            "61": [
                4333,
                4332
            ],
            "62": [
                2317
            ],
            "63": [
                2363,
                4392
            ],
            "65": [
                4769
            ],
            "66": [
                4768,
                2439
            ],
            "67": [
                2379,
                4647,
                2380
            ],
            "68": [
                4557
            ],
            "72": [
                4708
            ],
            "73": [
                2499
            ],
            "74": [
                2514,
                4663
            ],
            "2": [
                2542
            ],
            "77": [
                4303
            ],
            "78": [
                2512,
                4318,
                4408
            ],
            "79": [
                4393,
                2422
            ],
            "80": [
                2407
            ],
            "83": [
                4496
            ],
            "84": [
                2228
            ],