{
    "config": "N_1000-11306.38063701048s-1_A200",
    "num_vars": 87,
    "num_qubit": 161,
    "time_elapsed": 0.05222177505493164,
    "best_state": {
        "sample": [
            1,
            0,
            1,
            0,
            0,
            0,
            0,
            0,
            0,
            0,
            0,
            0,
            0,
            0,
            0,
            0,
            1,
            1,
            0,
            1,
            0,
            0,
            0,
            1,
            0,
            0,
            0,
            0,
            0,
            0,
            0,
            0,
            0,
            0,
            1,
            0,
            0,
            1,
            1,
            1,
            0,
            1,
            1,
            1,
            0,
            0,
            0,
            1,
            1,
            1,
            1,
            1,
            1,
            1,
            1,
            1,
            1,
            1,
            1,
            0,
            1,
            1,
            1,
            1,
            1,
            1,
            1,
            1,
            0,
            1,
            1,
            1,
            1,
            1,
            1,
            0,
            0,
            0,
            0,
            0,
            0,
            0,
            0,
            0,
            0,
            0,
            0
        ],
        "energy": 36925.0,
        "chain_break_fraction": 0.034482758620689655
    },
    "chain_strength_prefactor": 0.2,
    "chain_strength": 11306.38063701048,
    "max_chain_length": 3,
    "timing_info": {
        "qpu_sampling_time": 351880.0,
        "qpu_anneal_time_per_sample": 200.0,
        "qpu_readout_time_per_sample": 131.34,
        "qpu_access_time": 367641.17,
        "qpu_access_overhead_time": 3011.83,
        "qpu_programming_time": 15761.17,
        "qpu_delay_time_per_sample": 20.54,
        "total_post_processing_time": 74.0,
        "post_processing_overhead_time": 74.0
    },
    "embedding_info": {
        "embedding": {
            "33": [
                5236,
                387,
                432
            ],
            "34": [
                5101,
                372,
                5102
            ],
            "39": [
                342,
                341
            ],
            "35": [
                431,
                5117
            ],
            "40": [
                5146,
                327,
                5147
            ],
            "36": [
                311,
                5041,
                312
            ],
            "41": [
                5205,
                5206
            ],
            "37": [
                5116,
                222
            ],
            "42": [
                5086,
                417,
                5085
            ],
            "38": [
                5131,
                5132
            ],
            "43": [
                462,
                461,
                5191
            ],
            "44": [
                5161,
                5162,
                5160
            ],
            "45": [
                296,
                297,
                5056
            ],
            "46": [
                282,
                5296,
                281
            ],
            "47": [
                5222,
                5221,
                492
            ],
            "48": [
                402,
                401
            ],
            "49": [
                5176,
                5175
            ],
            "50": [
                476,
                5026,
                477
            ],
            "51": [
                5070,
                5071,
                237
            ],
            "52": [
                446,
                447,
                5011
            ],
            "53": [
                357,
                356
            ],
            "3": [
                5235
            ],
            "7": [
                5237
            ],
            "4": [
                373
            ],
            "11": [
                5103
            ],
            "5": [
                552
            ],
            "15": [
                535,
                536
            ],
            "6": [
                5115
            ],
            "24": [
                4845,
                265,
                266
            ],
            "8": [
                190,
                191,
                192
            ],
            "19": [
                177,
                5250
            ],
            "9": [
                131
            ],
            "25": [
                252,
                251
            ],
            "10": [
                5042
            ],
            "28": [
                5282
            ],
            "12": [
                672
            ],
            "16": [
                522,
                521,
                523
            ],
            "13": [
                4830,
                295
            ],
            "20": [
                5266,
                5265
            ],
            "14": [
                611,
                612
            ],
            "29": [
                5297
            ],
            "17": [
                400,
                4787
            ],
            "21": [
                4996,
                4997,
                4995
            ],
            "18": [
                475,
                4937
            ],
            "30": [
                491,
                5057
            ],
            "22": [
                176,
                5010
            ],
            "26": [
                4936,
                236
            ],
            "23": [
                4861,
                445
            ],
            "31": [
                416,
                4891
            ],
            "27": [
                4951
            ],
            "32": [
                4966
            ],
            "0": [
                582
            ],
            "54": [
                597
            ],
            "55": [
                5087,
                626
            ],
            "56": [
                4847,
                625,
                4846
            ],
            "58": [
                267
            ],
            "59": [
                5281
            ],
            "1": [
                388
            ],
            "61": [
                5251,
                5252
            ],
            "62": [
                5312,
                403
            ],
            "63": [
                418
            ],
            "2": [
                5192
            ],
            "65": [
                5207
            ],
            "66": [
                686,
                687,
                4982
            ],
            "67": [
                596
            ],
            "68": [
                490,
                4907
            ],
            "71": [
                4875,
                4876
            ],
            "72": [
                340,
                4831
            ],
            "73": [
                355
            ],
            "74": [
                4906
            ],
            "78": [
                146,
                5040
            ],
            "79": [
                4965,
                100
            ],
            "80": [
                4905,
                250
            ],
            "83": [
                5027,
                566
            ],
            "84": [
                4922
            ],
            "85": [
                4921,
                280
            ],
            "86": [
                371
            ],
            "69": [
                4772,
                520
            ],