{
    "config": "N_1000-22612.76127402096s-1_A200",
    "num_vars": 87,
    "num_qubit": 166,
    "time_elapsed": 0.025554418563842773,
    "best_state": {
        "sample": [
            1,
            1,
            0,
            1,
            0,
            0,
            0,
            0,
            0,
            0,
            0,
            0,
            0,
            0,
            0,
            0,
            0,
            0,
            0,
            0,
            0,
            0,
            0,
            0,
            0,
            0,
            0,
            0,
            0,
            0,
            0,
            0,
            0,
            1,
            1,
            1,
            1,
            1,
            1,
            0,
            0,
            0,
            0,
            0,
            0,
            1,
            0,
            1,
            1,
            1,
            1,
            0,
            0,
            1,
            1,
            1,
            1,
            1,
            1,
            1,
            1,
            1,
            0,
            0,
            0,
            0,
            0,
            0,
            0,
            0,
            0,
            0,
            0,
            0,
            0,
            0,
            0,
            0,
            0,
            0,
            0,
            0,
            0,
            0,
            0,
            0,
            0
        ],
        "energy": 3883.0,
        "chain_break_fraction": 0.0
    },
    "chain_strength_prefactor": 0.4,
    "chain_strength": 22612.76127402096,
    "max_chain_length": 4,
    "timing_info": {
        "qpu_sampling_time": 297300.0,
        "qpu_anneal_time_per_sample": 200.0,
        "qpu_readout_time_per_sample": 76.76,
        "qpu_access_time": 313223.97,
        "qpu_access_overhead_time": 1319.03,
        "qpu_programming_time": 15923.97,
        "qpu_delay_time_per_sample": 20.54,
        "total_post_processing_time": 32.0,
        "post_processing_overhead_time": 32.0
    },
    "embedding_info": {
        "embedding": {
            "33": [
                2722,
                4259,
                2721
            ],
            "34": [
                2557,
                4303,
                2556
            ],
            "39": [
                4199,
                4198
            ],
            "35": [
                2616,
                2615,
                2617,
                4318
            ],
            "40": [
                2630,
                2631
            ],
            "36": [
                4229,
                2691,
                4228
            ],
            "41": [
                2676,
                4154
            ],
            "37": [
                4169,
                4168
            ],
            "42": [
                2647,
                2646,
                4288
            ],
            "38": [
                2572,
                2571
            ],
            "43": [
                2661,
                4108,
                2662
            ],
            "44": [
                2450,
                2451,
                4003,
                4004
            ],
            "45": [
                2511,
                4183,
                4184
            ],
            "46": [
                2526,
                2527,
                4348
            ],
            "47": [
                4137,
                4138,
                2436
            ],
            "48": [
                4079,
                4078
            ],
            "49": [
                4063,
                4064,
                2481
            ],
            "50": [
                4123,
                4122,
                2496
            ],
            "51": [
                2541,
                2542,
                4153
            ],
            "52": [
                4092,
                2435,
                4093,
                4094
            ],
            "53": [
                4214,
                4213,
                4212,
                2466
            ],
            "3": [
                4319
            ],
            "7": [
                2723
            ],
            "4": [
                2632
            ],
            "11": [
                2587
            ],
            "5": [
                2614
            ],
            "15": [
                4394,
                4393
            ],
            "6": [
                4124
            ],
            "19": [
                2692
            ],
            "8": [
                4139
            ],
            "20": [
                4349,
                2677
            ],
            "9": [
                2497
            ],
            "23": [
                4362,
                4363,
                4364
            ],
            "10": [
                4107
            ],
            "28": [
                4333,
                4334
            ],
            "12": [
                4002,
                2315
            ],
            "16": [
                4408,
                2452
            ],
            "13": [
                2512
            ],
            "24": [
                4347,
                2377,
                2378
            ],
            "14": [
                2346
            ],
            "29": [
                4438,
                2437
            ],
            "17": [
                2482
            ],
            "25": [
                4062
            ],
            "18": [
                2361,
                2362
            ],
            "30": [
                2421,
                4197
            ],
            "21": [
                4273,
                4272,
                4274
            ],
            "26": [
                4033,
                4032,
                4034
            ],
            "22": [
                3973,
                3972,
                3974
            ],
            "31": [
                4048,
                2376
            ],
            "27": [
                4121,
                2286,
                4227
            ],
            "32": [
                2271,
                4242
            ],
            "0": [
                4439
            ],
            "54": [
                4424
            ],
            "55": [
                2602
            ],
            "56": [
                4409
            ],
            "58": [
                2782
            ],
            "59": [
                2767
            ],
            "1": [
                4468
            ],
            "61": [
                4453,
                4452
            ],
            "62": [
                4467
            ],
            "63": [
                2422
            ],
            "2": [
                2629
            ],
            "65": [
                3912,
                3913
            ],
            "66": [
                2330,
                2331
            ],
            "67": [
                2316
            ],
            "68": [
                4182
            ],
            "71": [
                2706
            ],
            "72": [
                2600,
                4049
            ],
            "73": [
                3988,
                2480
            ],
            "76": [
                4243,
                2392
            ],
            "77": [
                4287
            ],
            "78": [
                2332
            ],
            "79": [
                2212,
                4257
            ],
            "83": [
                4017,
                2405
            ],
            "84": [
                2270,
                4047
            ],
            "85": [
                2255,
                4091
            ],