{
    "config": "N_1000-3688.977426411022s-1_A200",
    "num_vars": 107,
    "num_qubit": 200,
    "time_elapsed": 0.024981260299682617,
    "best_state": {
        "sample": [
            1,
            0,
            0,
            1,
            0,
            0,
            0,
            0,
            0,
            0,
            0,
            0,
            0,
            0,
            0,
            0,
            0,
            0,
            0,
            0,
            1,
            0,
            0,
            0,
            0,
            0,
            0,
            0,
            0,
            0,
            0,
            1,
            0,
            0,
            0,
            0,
            0,
            0,
            0,
            0,
            0,
            1,
            1,
            1,
            1,
            0,
            1,
            0,
            0,
            0,
            0,
            0,
            0,
            0,
            0,
            1,
            1,
            0,
            1,
            0,
            1,
            1,
            1,
            1,
            1,
            0,
            0,
            1,
            0,
            1,
            1,
            1,
            1,
            1,
            1,
            1,
            1,
            1,
            1,
            0,
            0,
            0,
            0,
            0,
            0,
            0,
            0,
            0,
            0,
            0,
            0,
            1,
            1,
            1,
            1,
            1,
            1,
            0,
            0,
            0,
            0,
            0,
            0,
            0,
            0,
            0,
            0
        ],
        "energy": 8976.0,
        "chain_break_fraction": 0.06542056074766354
    },
    "chain_strength_prefactor": 0.15,
    "chain_strength": 3688.977426411022,
    "max_chain_length": 4,
    "timing_info": {
        "qpu_sampling_time": 323800.0,
        "qpu_anneal_time_per_sample": 200.0,
        "qpu_readout_time_per_sample": 103.26,
        "qpu_access_time": 339727.97,
        "qpu_access_overhead_time": 2471.03,
        "qpu_programming_time": 15927.97,
        "qpu_delay_time_per_sample": 20.54,
        "total_post_processing_time": 30.0,
        "post_processing_overhead_time": 30.0
    },
    "embedding_info": {
        "embedding": {
            "41": [
                1599,
                4628
            ],
            "42": [
                1644,
                4643,
                1643
            ],
            "47": [
                1613,
                1614,
                4508
            ],
            "43": [
                1733,
                4584
            ],
            "48": [
                1703,
                1702
            ],
            "44": [
                4493,
                4492,
                1718
            ],
            "49": [
                4553,
                1553,
                1674
            ],
            "45": [
                1748,
                1749,
                1747
            ],
            "50": [
                1688,
                1687,
                4614
            ],
            "46": [
                1659,
                4673,
                1658
            ],
            "51": [
                4538,
                1598,
                4539
            ],
            "52": [
                1583,
                4523,
                4524
            ],
            "53": [
                1538,
                1537,
                4568
            ],
            "54": [
                4463,
                4462
            ],
            "55": [
                1823,
                4434,
                4433,
                1522
            ],
            "56": [
                4569,
                1778,
                1777
            ],
            "57": [
                1628,
                4478,
                4479
            ],
            "58": [
                4419,
                1793
            ],
            "59": [
                4374,
                4373,
                1673,
                4375
            ],
            "60": [
                1809,
                4599,
                1808,
                4598
            ],
            "61": [
                4448,
                4449
            ],
            "7": [
                4585
            ],
            "19": [
                1734,
                4749
            ],
            "8": [
                1567,
                1568
            ],
            "24": [
                4794,
                1719
            ],
            "9": [
                1746
            ],
            "30": [
                4719,
                4720
            ],
            "10": [
                1657
            ],
            "35": [
                4674
            ],
            "11": [
                4763
            ],
            "15": [
                1615
            ],
            "12": [
                4343,
                1552
            ],
            "25": [
                1689,
                4808,
                4703
            ],
            "13": [
                4224,
                1686
            ],
            "31": [
                1794
            ],
            "14": [
                1597
            ],
            "36": [
                4659,
                1824
            ],
            "16": [
                1868,
                4554
            ],
            "20": [
                4658,
                4657,
                1584
            ],
            "17": [
                4178,
                1536
            ],
            "26": [
                4718,
                1539
            ],
            "18": [
                1717
            ],
            "37": [
                1883,
                4509,
                4629,
                1884
            ],
            "21": [
                4239,
                1716
            ],
            "27": [
                4570,
                2004
            ],
            "22": [
                4268,
                4269,
                1627
            ],
            "32": [
                1898,
                4540
            ],
            "23": [
                1792
            ],
            "38": [
                4464,
                1912
            ],
            "28": [
                1897,
                4360
            ],
            "33": [
                1987,
                1988
            ],
            "29": [
                4344,
                4345,
                1807
            ],
            "39": [
                4495,
                4494,
                1958
            ],
            "34": [
                4420,
                1882
            ],
            "40": [
                1853
            ],
            "0": [
                4823
            ],
            "62": [
                1675,
                4779
            ],
            "63": [
                1810
            ],
            "64": [
                4809,
                1899
            ],
            "1": [
                4883
            ],
            "66": [
                1660,
                4853
            ],
            "67": [
                4764
            ],
            "68": [
                1779
            ],
            "2": [
                1509
            ],
            "70": [
                1524
            ],
            "71": [
                4672
            ],
            "72": [
                4734,
                4733,
                1569
            ],
            "3": [
                1854
            ],
            "74": [
                1839
            ],
            "75": [
                4615
            ],