{
    "config": "N_1000-8607.613994959052s-1_A200",
    "num_vars": 107,
    "num_qubit": 200,
    "time_elapsed": 0.03844118118286133,
    "best_state": {
        "sample": [
            0,
            1,
            0,
            1,
            0,
            0,
            0,
            0,
            0,
            0,
            0,
            1,
            0,
            0,
            0,
            0,
            0,
            0,
            0,
            1,
            0,
            0,
            0,
            0,
            0,
            0,
            0,
            0,
            0,
            0,
            0,
            0,
            0,
            0,
            0,
            0,
            0,
            0,
            0,
            0,
            0,
            1,
            1,
            0,
            0,
            0,
            1,
            1,
            0,
            0,
            0,
            1,
            0,
            0,
            0,
            1,
            0,
            1,
            1,
            1,
            1,
            1,
            1,
            1,
            1,
            1,
            1,
            1,
            1,
            1,
            1,
            1,
            1,
            1,
            1,
            1,
            1,
            1,
            1,
            0,
            0,
            0,
            0,
            0,
            0,
            0,
            0,
            0,
            0,
            0,
            0,
            0,
            0,
            0,
            0,
            0,
            0,
            0,
            0,
            0,
            0,
            0,
            0,
            0,
            0,
            0,
            0
        ],
        "energy": 1320.0,
        "chain_break_fraction": 0.0
    },
    "chain_strength_prefactor": 0.35,
    "chain_strength": 8607.613994959052,
    "max_chain_length": 4,
    "timing_info": {
        "qpu_sampling_time": 300080.0,
        "qpu_anneal_time_per_sample": 200.0,
        "qpu_readout_time_per_sample": 79.54,
        "qpu_access_time": 316005.97,
        "qpu_access_overhead_time": 2134.03,
        "qpu_programming_time": 15925.97,
        "qpu_delay_time_per_sample": 20.54,
        "total_post_processing_time": 153.0,
        "post_processing_overhead_time": 153.0
    },
    "embedding_info": {
        "embedding": {
            "41": [
                5241,
                1287
            ],
            "42": [
                1212,
                1211
            ],
            "47": [
                1316,
                5046,
                1317
            ],
            "43": [
                5151,
                1122
            ],
            "48": [
                1092,
                5195,
                5196,
                5105
            ],
            "44": [
                5121,
                1272
            ],
            "49": [
                5091,
                5090
            ],
            "45": [
                5166,
                5165,
                1361
            ],
            "50": [
                1331,
                5076,
                1332
            ],
            "46": [
                5137,
                5136
            ],
            "51": [
                5226,
                1302
            ],
            "52": [
                1227,
                1226
            ],
            "53": [
                1151,
                5180,
                5045
            ],
            "54": [
                1376,
                5016,
                5015
            ],
            "55": [
                1242,
                5181,
                5271
            ],
            "56": [
                1107,
                5210,
                5211
            ],
            "57": [
                5107,
                5106,
                1137
            ],
            "58": [
                1257,
                1256,
                5286
            ],
            "59": [
                1181,
                1182
            ],
            "60": [
                1197,
                1196,
                1198
            ],
            "61": [
                1347,
                5256,
                1346
            ],
            "7": [
                5153,
                5152
            ],
            "19": [
                5075
            ],
            "8": [
                5120
            ],
            "24": [
                1271
            ],
            "9": [
                1077
            ],
            "30": [
                5077,
                1526
            ],
            "10": [
                1423,
                1422
            ],
            "35": [
                1467
            ],
            "11": [
                4927
            ],
            "15": [
                4910,
                4911
            ],
            "12": [
                5197
            ],
            "20": [
                1046
            ],
            "13": [
                5089
            ],
            "25": [
                5061,
                1241
            ],
            "14": [
                1303,
                5332
            ],
            "36": [
                5122,
                1421
            ],
            "16": [
                5179
            ],
            "26": [
                4972,
                4971,
                1150
            ],
            "17": [
                1167,
                1166
            ],
            "31": [
                5017
            ],
            "18": [
                1318,
                1319
            ],
            "37": [
                1497,
                5167,
                5182
            ],
            "21": [
                5135,
                1047
            ],
            "27": [
                1392,
                5272
            ],
            "22": [
                1002,
                5240
            ],
            "32": [
                1512,
                1511,
                5108
            ],
            "23": [
                1408,
                5391,
                1258
            ],
            "38": [
                5287,
                1453
            ],
            "28": [
                1123,
                5345
            ],
            "33": [
                5360,
                5361,
                1093
            ],
            "29": [
                5481
            ],
            "39": [
                5526,
                5525
            ],
            "34": [
                5406,
                1273
            ],
            "40": [
                1348,
                5451
            ],
            "0": [
                1061
            ],
            "62": [
                5030,
                5031,
                1076
            ],
            "63": [
                5001,
                1391
            ],
            "64": [
                5092
            ],
            "1": [
                1106
            ],
            "66": [
                4955,
                1000
            ],
            "67": [
                4956,
                5060,
                1121
            ],
            "68": [
                4957,
                1301
            ],
            "2": [
                4942
            ],
            "70": [
                1466
            ],
            "71": [
                1451,
                5062
            ],
            "72": [
                1496
            ],
            "3": [
                5138
            ],
            "74": [
                5212,
                1587
            ],
            "75": [
                1527
            ],
            "76": [
                5242,
                1437
            ],