{
    "config": "F_1000-1610.5258967182117s-1_A200",
    "num_vars": 30,
    "num_qubit": 51,
    "time_elapsed": 0.02007770538330078,
    "best_state": {
        "sample": [
            1,
            0,
            0,
            0,
            0,
            1,
            0,
            0,
            0,
            1,
            1,
            1,
            0,
            1,
            0,
            0,
            0,
            0,
            0,
            0,
            1,
            1,
            0,
            1,
            0,
            0,
            0,
            0,
            0,
            1
        ],
        "energy": 97.0,
        "chain_break_fraction": 0.0
    },
    "chain_strength": 1610.5258967182117,
    "max_chain_length": 2,
    "timing_info": {
        "qpu_sampling_time": 265880.0,
        "qpu_anneal_time_per_sample": 200.0,
        "qpu_readout_time_per_sample": 45.34,
        "qpu_access_time": 281807.97,
        "qpu_access_overhead_time": 908.03,
        "qpu_programming_time": 15927.97,
        "qpu_delay_time_per_sample": 20.54,
        "total_post_processing_time": 240.0,
        "post_processing_overhead_time": 240.0
    },
    "embedding_info": {
        "embedding": {
            "15": [
                3859,
                3860
            ],
            "16": [
                3753,
                799
            ],
            "20": [
                859,
                3709
            ],
            "17": [
                3903,
                770
            ],
            "21": [
                3844
            ],
            "18": [
                920,
                3874
            ],
            "22": [
                889,
                890
            ],
            "19": [
                814,
                813
            ],
            "23": [
                3694,
                874
            ],
            "24": [
                784,
                3768
            ],
            "25": [
                3829,
                3828
            ],
            "26": [
                3799,
                844
            ],
            "27": [
                905,
                3889
            ],
            "28": [
                3784,
                829
            ],
            "29": [
                3814
            ],
            "1": [
                979
            ],
            "3": [
                1039
            ],
            "2": [
                3875
            ],
            "9": [
                1040,
                3949
            ],
            "4": [
                3934,
                935
            ],
            "10": [
                1009,
                3904
            ],
            "5": [
                3739,
                949
            ],
            "12": [
                3754
            ],
            "6": [
                904,
                3634
            ],
            "13": [
                934
            ],
            "7": [
                3890
            ],
            "11": [
                994,
                3919
            ],
            "8": [
                3769,
                919
            ],
            "14": [
                964,
                963
            ],
            "0": [
                950
            ]
        },
        "chain_break_method": "majority_vote",
        "embedding_parameters": {},
        "chain_strength": 1610.5258967182117
    }
}