{
    "config": "F_1000-4394.053957725628s-1_A200",
    "num_vars": 47,
    "num_qubit": 99,
    "time_elapsed": 0.034349679946899414,
    "best_state": {
        "sample": [
            1,
            0,
            0,
            0,
            0,
            0,
            0,
            0,
            0,
            0,
            0,
            0,
            0,
            0,
            0,
            0,
            0,
            1,
            0,
            1,
            1,
            0,
            0,
            0,
            1,
            1,
            0,
            0,
            1,
            0,
            0,
            0,
            0,
            1,
            0,
            1,
            0,
            1,
            0,
            1,
            0,
            0,
            0,
            0,
            1,
            0,
            0
        ],
        "energy": 1973.0,
        "chain_break_fraction": 0.06382978723404255
    },
    "chain_strength": 4394.053957725628,
    "max_chain_length": 3,
    "timing_info": {
        "qpu_sampling_time": 316420.0,
        "qpu_anneal_time_per_sample": 200.0,
        "qpu_readout_time_per_sample": 95.88,
        "qpu_access_time": 332347.57,
        "qpu_access_overhead_time": 1682.43,
        "qpu_programming_time": 15927.57,
        "qpu_delay_time_per_sample": 20.54,
        "total_post_processing_time": 122.0,
        "post_processing_overhead_time": 122.0
    },
    "embedding_info": {
        "embedding": {
            "26": [
                4555,
                1973
            ],
            "27": [
                1943,
                1942,
                1944
            ],
            "32": [
                1928,
                1927,
                4540
            ],
            "28": [
                4509,
                4510,
                1868
            ],
            "33": [
                4494,
                4495
            ],
            "29": [
                1898,
                4644,
                1897
            ],
            "34": [
                1913,
                4585
            ],
            "30": [
                1867,
                4435
            ],
            "35": [
                2003,
                2004,
                4465
            ],
            "31": [
                1988,
                4420
            ],
            "36": [
                1958,
                1957
            ],
            "37": [
                4449,
                1778,
                1777
            ],
            "38": [
                1838,
                4479
            ],
            "39": [
                4359,
                4360
            ],
            "40": [
                4389,
                4390,
                1732
            ],
            "41": [
                1882,
                1883
            ],
            "42": [
                4464,
                1823
            ],
            "43": [
                4525,
                4524,
                1808
            ],
            "44": [
                1912,
                4405
            ],
            "45": [
                1854,
                1853,
                4570
            ],
            "46": [
                4375,
                4374,
                4373
            ],
            "4": [
                1974,
                4645
            ],
            "7": [
                4554
            ],
            "5": [
                1763
            ],
            "13": [
                4584,
                1793
            ],
            "6": [
                1794,
                4614
            ],
            "17": [
                1824
            ],
            "8": [
                4313,
                1702,
                4314
            ],
            "10": [
                1989
            ],
            "9": [
                1839,
                4674
            ],
            "18": [
                4600,
                4599
            ],
            "11": [
                4569,
                1688,
                1687
            ],
            "14": [
                4419
            ],
            "12": [
                4448,
                1717
            ],
            "20": [
                4358,
                1658
            ],
            "15": [
                4463
            ],
            "21": [
                4434,
                4523,
                1673
            ],
            "16": [
                1718,
                4478
            ],
            "23": [
                1748,
                1749
            ],
            "19": [
                4629,
                4628
            ],
            "24": [
                1733,
                4539
            ],
            "22": [
                4493,
                1643,
                1644
            ],
            "25": [
                1628,
                1629
            ],
            "0": [
                4615
            ],
            "1": [
                1809
            ],
            "2": [
                4508,
                1613
            ],
            "3": [
                4643
            ]
        },
        "chain_break_method": "majority_vote",
        "embedding_parameters": {},
        "chain_strength": 4394.053957725628
    }
}