{
    "config": "N_1000-618.9291055097173s-1_A200",
    "num_vars": 68,
    "num_qubit": 119,
    "time_elapsed": 0.024996519088745117,
    "best_state": {
        "sample": [
            1,
            0,
            1,
            0,
            0,
            0,
            0,
            1,
            0,
            0,
            0,
            0,
            0,
            0,
            0,
            0,
            1,
            0,
            0,
            0,
            0,
            0,
            0,
            0,
            0,
            0,
            0,
            1,
            1,
            0,
            1,
            1,
            1,
            1,
            1,
            1,
            1,
            1,
            0,
            1,
            0,
            0,
            1,
            0,
            1,
            1,
            0,
            1,
            1,
            1,
            1,
            0,
            0,
            0,
            0,
            1,
            1,
            1,
            1,
            0,
            0,
            0,
            0,
            0,
            0,
            0,
            0,
            0
        ],
        "energy": 332.0,
        "chain_break_fraction": 0.04411764705882353
    },
    "chain_strength_prefactor": 0.2,
    "chain_strength": 618.9291055097173,
    "max_chain_length": 3,
    "timing_info": {
        "qpu_sampling_time": 286260.0,
        "qpu_anneal_time_per_sample": 200.0,
        "qpu_readout_time_per_sample": 65.72,
        "qpu_access_time": 302185.97,
        "qpu_access_overhead_time": 995.03,
        "qpu_programming_time": 15925.97,
        "qpu_delay_time_per_sample": 20.54,
        "total_post_processing_time": 307.0,
        "post_processing_overhead_time": 307.0
    },
    "embedding_info": {
        "embedding": {
            "26": [
                3685,
                1968
            ],
            "27": [
                3639,
                3640
            ],
            "32": [
                1983,
                3490,
                1984
            ],
            "28": [
                3579,
                1878
            ],
            "33": [
                1908,
                3700
            ],
            "29": [
                3610,
                3609,
                1758
            ],
            "34": [
                3624,
                3625
            ],
            "30": [
                1938,
                3520
            ],
            "35": [
                3535,
                1907,
                1953
            ],
            "31": [
                1788,
                3684,
                3549
            ],
            "36": [
                1863,
                1862
            ],
            "37": [
                1819,
                3729,
                3730
            ],
            "38": [
                1833,
                1832,
                1834
            ],
            "39": [
                1892,
                3414,
                1893
            ],
            "40": [
                3714,
                3715,
                1804
            ],
            "41": [
                1848,
                3505,
                1849
            ],
            "42": [
                1923,
                1922,
                1924
            ],
            "43": [
                1698,
                3743,
                3744
            ],
            "44": [
                1773,
                3564
            ],
            "45": [
                3654,
                1728
            ],
            "46": [
                3669,
                3670
            ],
            "4": [
                1967,
                3370
            ],
            "7": [
                3580
            ],
            "5": [
                3521
            ],
            "19": [
                1998
            ],
            "6": [
                1669
            ],
            "22": [
                3594
            ],
            "8": [
                3429,
                1877
            ],
            "10": [
                3491
            ],
            "9": [
                3445
            ],
            "20": [
                3550,
                2087
            ],
            "11": [
                3369
            ],
            "16": [
                3444
            ],
            "12": [
                1654
            ],
            "23": [
                1803
            ],
            "13": [
                1772,
                3504
            ],
            "17": [
                3459,
                1742
            ],
            "14": [
                3399,
                1937
            ],
            "21": [
                3339,
                3340
            ],
            "15": [
                1683,
                3608
            ],
            "24": [
                1697
            ],
            "18": [
                1743,
                3593
            ],
            "25": [
                3563,
                1727
            ],
            "47": [
                3595
            ],
            "0": [
                3385
            ],
            "49": [
                2102
            ],
            "50": [
                3506
            ],
            "52": [
                1802
            ],
            "1": [
                1757
            ],
            "54": [
                3354
            ],
            "55": [
                1667,
                3443
            ],
            "56": [
                1668,
                3458
            ],
            "2": [
                3384
            ],
            "58": [
                1787
            ],
            "59": [
                3473,
                3474
            ],
            "60": [
                1638
            ],
            "3": [
                2042
            ],
            "62": [
                2057
            ],
            "63": [
                3430
            ],
            "64": [
                3355,
                1982
            ],
            "66": [
                3653
            ],
            "67": [
                1593
            ],
            "68": [
                1653,
                3578
            ],
            "57": [
                1682,
                3398
            ],
            "61": [
                3548,
                1712
            ],
            "65": [
                1997,
                3415
            ],
            "69": [
                1818,
                3519
            ],
            "70": [
                3489
            ]
        },
        "chain_break_method": "majority_vote",
        "embedding_parameters": {},
        "chain_strength": 618.9291055097173
    }
}