{
    "config": "N_1000-928.393658264576s-1_A200",
    "num_vars": 68,
    "num_qubit": 117,
    "time_elapsed": 0.019968748092651367,
    "best_state": {
        "sample": [
            1,
            0,
            0,
            0,
            0,
            0,
            0,
            0,
            1,
            0,
            0,
            0,
            1,
            0,
            0,
            0,
            0,
            0,
            0,
            0,
            0,
            0,
            1,
            0,
            0,
            0,
            0,
            0,
            0,
            1,
            0,
            0,
            1,
            1,
            1,
            1,
            1,
            1,
            1,
            1,
            1,
            1,
            0,
            1,
            0,
            0,
            1,
            0,
            1,
            1,
            1,
            0,
            0,
            0,
            0,
            0,
            0,
            0,
            0,
            0,
            0,
            0,
            0,
            1,
            1,
            1,
            1,
            1
        ],
        "energy": 227.0,
        "chain_break_fraction": 0.029411764705882353
    },
    "chain_strength": 928.393658264576,
    "max_chain_length": 3,
    "timing_info": {
        "qpu_sampling_time": 269340.0,
        "qpu_anneal_time_per_sample": 200.0,
        "qpu_readout_time_per_sample": 48.8,
        "qpu_access_time": 285264.37,
        "qpu_access_overhead_time": 1208.63,
        "qpu_programming_time": 15924.37,
        "qpu_delay_time_per_sample": 20.54,
        "total_post_processing_time": 61.0,
        "post_processing_overhead_time": 61.0
    },
    "embedding_info": {
        "embedding": {
            "26": [
                3543,
                812
            ],
            "27": [
                723,
                3558
            ],
            "32": [
                738,
                3453
            ],
            "28": [
                3514,
                3513
            ],
            "33": [
                3528,
                3529
            ],
            "29": [
                843,
                3679
            ],
            "34": [
                858,
                3573
            ],
            "30": [
                828,
                827,
                3694
            ],
            "35": [
                768,
                769
            ],
            "31": [
                783,
                782
            ],
            "36": [
                708,
                3603
            ],
            "37": [
                693,
                3618,
                3619
            ],
            "38": [
                3588,
                3589,
                888
            ],
            "39": [
                754,
                753
            ],
            "40": [
                797,
                798,
                3484
            ],
            "41": [
                873,
                3649,
                949
            ],
            "42": [
                3633,
                663,
                3634
            ],
            "43": [
                678,
                3648
            ],
            "44": [
                813,
                3723
            ],
            "45": [
                3664,
                3663
            ],
            "46": [
                3738,
                724,
                709
            ],
            "4": [
                3439
            ],
            "7": [
                3408
            ],
            "5": [
                919
            ],
            "16": [
                842
            ],
            "6": [
                3498,
                3499
            ],
            "22": [
                3423
            ],
            "8": [
                3452
            ],
            "10": [
                3454
            ],
            "9": [
                859
            ],
            "17": [
                857
            ],
            "11": [
                755
            ],
            "19": [
                3468,
                3467
            ],
            "12": [
                3483
            ],
            "23": [
                3438,
                3437
            ],
            "13": [
                3798,
                3799
            ],
            "18": [
                948,
                947
            ],
            "14": [
                664
            ],
            "20": [
                3392,
                662
            ],
            "15": [
                544,
                3647
            ],
            "24": [
                3557
            ],
            "21": [
                3678
            ],
            "25": [
                3693
            ],
            "47": [
                3363,
                737
            ],
            "0": [
                962
            ],
            "49": [
                977
            ],
            "50": [
                3424,
                887
            ],
            "52": [
                467
            ],
            "1": [
                3364
            ],
            "54": [
                3379,
                3378,
                3377
            ],
            "55": [
                528,
                527
            ],
            "56": [
                513,
                514
            ],
            "2": [
                904
            ],
            "58": [
                3709
            ],
            "59": [
                3784,
                889
            ],
            "60": [
                933,
                934
            ],
            "3": [
                3813
            ],
            "62": [
                3828
            ],
            "63": [
                679
            ],
            "64": [
                589,
                3722
            ],
            "66": [
                603,
                602
            ],
            "67": [
                3737,
                574
            ],
            "68": [
                633
            ],
            "57": [
                3782,
                3783
            ],
            "61": [
                3469
            ],
            "65": [
                618,
                617
            ],
            "69": [
                632
            ],
            "70": [
                648,
                647
            ]
        },
        "chain_break_method": "majority_vote",
        "embedding_parameters": {},
        "chain_strength": 928.393658264576
    }
}