{
    "config": "N_1000-1083.1259346420052s-1_A200",
    "num_vars": 68,
    "num_qubit": 117,
    "time_elapsed": 0.01900506019592285,
    "best_state": {
        "sample": [
            1,
            0,
            0,
            0,
            0,
            0,
            0,
            0,
            1,
            0,
            0,
            0,
            1,
            0,
            0,
            0,
            0,
            0,
            0,
            1,
            0,
            0,
            0,
            0,
            0,
            0,
            0,
            0,
            1,
            1,
            0,
            1,
            1,
            1,
            1,
            1,
            1,
            1,
            1,
            1,
            1,
            1,
            0,
            1,
            0,
            0,
            1,
            1,
            1,
            1,
            1,
            0,
            0,
            0,
            0,
            0,
            0,
            0,
            0,
            1,
            1,
            1,
            1,
            1,
            0,
            0,
            0,
            0
        ],
        "energy": 227.0,
        "chain_break_fraction": 0.0
    },
    "chain_strength_prefactor": 0.35,
    "chain_strength": 1083.1259346420052,
    "max_chain_length": 3,
    "timing_info": {
        "qpu_sampling_time": 290060.0,
        "qpu_anneal_time_per_sample": 200.0,
        "qpu_readout_time_per_sample": 69.52,
        "qpu_access_time": 305984.77,
        "qpu_access_overhead_time": 2025.23,
        "qpu_programming_time": 15924.77,
        "qpu_delay_time_per_sample": 20.54,
        "total_post_processing_time": 1.0,
        "post_processing_overhead_time": 1.0
    },
    "embedding_info": {
        "embedding": {
            "26": [
                2242,
                4437,
                2241
            ],
            "27": [
                4301,
                4302
            ],
            "32": [
                2256,
                2257
            ],
            "28": [
                4346,
                2377,
                4347
            ],
            "33": [
                4331,
                2167,
                4332
            ],
            "29": [
                2362,
                4317,
                2363
            ],
            "34": [
                2272,
                2271,
                4377
            ],
            "30": [
                2137,
                4316,
                2136
            ],
            "35": [
                4286
            ],
            "31": [
                4391,
                4392,
                2152
            ],
            "36": [
                4406,
                2302,
                4407
            ],
            "37": [
                2212,
                2211,
                4227
            ],
            "38": [
                4197,
                2347
            ],
            "39": [
                2287,
                2286,
                4167
            ],
            "40": [
                4257,
                2332
            ],
            "41": [
                4181,
                4182
            ],
            "42": [
                2196,
                2197,
                4077
            ],
            "43": [
                2317,
                2316
            ],
            "44": [
                2226,
                4212,
                4211
            ],
            "45": [
                4241,
                2182,
                4242
            ],
            "46": [
                4271,
                4272
            ],
            "4": [
                2198
            ],
            "7": [
                4166
            ],
            "5": [
                4136
            ],
            "19": [
                4151
            ],
            "6": [
                4390
            ],
            "23": [
                2092
            ],
            "8": [
                2255
            ],
            "10": [
                4451
            ],
            "9": [
                4405
            ],
            "24": [
                2077
            ],
            "11": [
                2210
            ],
            "13": [
                4061,
                4062
            ],
            "12": [
                4121
            ],
            "20": [
                4091,
                2151
            ],
            "14": [
                4090,
                2106
            ],
            "16": [
                2076,
                2075
            ],
            "15": [
                4016,
                4015
            ],
            "21": [
                4001,
                4000
            ],
            "17": [
                2017,
                4256,
                2032
            ],
            "22": [
                4135,
                2121
            ],
            "18": [
                2122,
                4270
            ],
            "25": [
                2046,
                2047
            ],
            "47": [
                2091
            ],
            "0": [
                2213
            ],
            "49": [
                4466
            ],
            "50": [
                4465,
                4450
            ],
            "52": [
                2270
            ],
            "1": [
                2195
            ],
            "54": [
                3986
            ],
            "55": [
                2150,
                4031
            ],
            "56": [
                2045
            ],
            "2": [
                4105
            ],
            "58": [
                2001
            ],
            "59": [
                4120
            ],
            "60": [
                2061
            ],
            "62": [
                2181
            ],
            "63": [
                2016,
                4046
            ],
            "64": [
                2031
            ],
            "3": [
                1927
            ],
            "67": [
                1957,
                4345
            ],
            "68": [
                1972
            ],
            "69": [
                4315
            ],
            "57": [
                2060
            ],
            "61": [
                4285
            ],
            "65": [
                2166
            ],
            "66": [
                4076,
                2090
            ],
            "70": [
                4300
            ]
        },
        "chain_break_method": "majority_vote",
        "embedding_parameters": {},
        "chain_strength": 1083.1259346420052
    }
}