{
    "config": "N_1000-1237.8582110194345s-1_A200",
    "num_vars": 68,
    "num_qubit": 117,
    "time_elapsed": 0.05132412910461426,
    "best_state": {
        "sample": [
            0,
            1,
            0,
            0,
            0,
            0,
            0,
            0,
            0,
            0,
            1,
            0,
            0,
            1,
            0,
            1,
            0,
            0,
            1,
            0,
            0,
            0,
            0,
            1,
            0,
            0,
            1,
            1,
            0,
            0,
            1,
            1,
            0,
            0,
            0,
            0,
            0,
            0,
            0,
            0,
            0,
            1,
            1,
            1,
            1,
            1,
            1,
            1,
            0,
            1,
            0,
            1,
            1,
            1,
            1,
            1,
            1,
            1,
            0,
            0,
            0,
            0,
            0,
            0,
            0,
            1,
            1,
            1
        ],
        "energy": 213.0,
        "chain_break_fraction": 0.0
    },
    "chain_strength_prefactor": 0.4,
    "chain_strength": 1237.8582110194345,
    "max_chain_length": 3,
    "timing_info": {
        "qpu_sampling_time": 297140.0,
        "qpu_anneal_time_per_sample": 200.0,
        "qpu_readout_time_per_sample": 76.6,
        "qpu_access_time": 312900.37,
        "qpu_access_overhead_time": 1986.63,
        "qpu_programming_time": 15760.37,
        "qpu_delay_time_per_sample": 20.54,
        "total_post_processing_time": 19.0,
        "post_processing_overhead_time": 19.0
    },
    "embedding_info": {
        "embedding": {
            "26": [
                2384,
                5488,
                5489
            ],
            "27": [
                2519,
                2518
            ],
            "32": [
                2549,
                5443
            ],
            "28": [
                2339,
                5562,
                5563
            ],
            "33": [
                2369,
                5577,
                5578
            ],
            "29": [
                5504,
                5503,
                2654
            ],
            "34": [
                5533,
                5532
            ],
            "30": [
                2563,
                2564,
                5398
            ],
            "35": [
                5593,
                2534
            ],
            "31": [
                2669,
                5519,
                5518
            ],
            "36": [
                2579,
                5608
            ],
            "37": [
                2489,
                2488,
                5668
            ],
            "38": [
                5548,
                5547
            ],
            "39": [
                2638,
                5474,
                5473
            ],
            "40": [
                2503,
                2504,
                5383
            ],
            "41": [
                2474,
                2473
            ],
            "42": [
                2594,
                5623,
                2593
            ],
            "43": [
                5638,
                2459,
                5639
            ],
            "44": [
                2443,
                5413,
                2444
            ],
            "45": [
                2458,
                5458,
                2457
            ],
            "46": [
                2608,
                2609,
                2607
            ],
            "4": [
                5487
            ],
            "7": [
                2383
            ],
            "5": [
                2233,
                5517,
                2232
            ],
            "13": [
                2338,
                5397
            ],
            "6": [
                5294
            ],
            "19": [
                5353
            ],
            "8": [
                5444
            ],
            "10": [
                5442
            ],
            "9": [
                2368
            ],
            "14": [
                5457
            ],
            "11": [
                2637
            ],
            "20": [
                2653
            ],
            "12": [
                2502
            ],
            "23": [
                5339,
                5338
            ],
            "15": [
                2323,
                5382
            ],
            "16": [
                5428,
                5427
            ],
            "17": [
                2578,
                5368
            ],
            "21": [
                2442,
                5248
            ],
            "18": [
                5278
            ],
            "24": [
                5323
            ],
            "22": [
                5233
            ],
            "25": [
                5203,
                5202
            ],
            "47": [
                5352
            ],
            "0": [
                5472
            ],
            "49": [
                2263
            ],
            "50": [
                2278
            ],
            "52": [
                2668
            ],
            "1": [
                2247
            ],
            "54": [
                5322
            ],
            "55": [
                2353
            ],
            "56": [
                5412
            ],
            "2": [
                2398
            ],
            "58": [
                5367
            ],
            "59": [
                5308,
                2427
            ],
            "60": [
                2548
            ],
            "62": [
                5309
            ],
            "63": [
                2622
            ],
            "64": [
                2667,
                5234
            ],
            "3": [
                2517
            ],
            "67": [
                5263
            ],
            "68": [
                2487
            ],
            "69": [
                2472
            ],
            "57": [
                2413
            ],
            "61": [
                2533
            ],
            "65": [
                2592,
                5324
            ],
            "66": [
                5218,
                2532
            ],
            "70": [
                2412,
                5217
            ]
        },
        "chain_break_method": "majority_vote",
        "embedding_parameters": {},
        "chain_strength": 1237.8582110194345
    }
}