{
    "config": "N_1000-773.6613818871466s-1_A200",
    "num_vars": 68,
    "num_qubit": 118,
    "time_elapsed": 0.028814315795898438,
    "best_state": {
        "sample": [
            0,
            0,
            1,
            0,
            0,
            0,
            0,
            0,
            1,
            0,
            0,
            0,
            0,
            0,
            0,
            0,
            0,
            0,
            0,
            0,
            1,
            1,
            0,
            0,
            0,
            0,
            0,
            1,
            1,
            0,
            0,
            1,
            1,
            1,
            1,
            0,
            1,
            1,
            0,
            0,
            0,
            0,
            0,
            0,
            0,
            1,
            1,
            0,
            0,
            0,
            1,
            0,
            0,
            0,
            0,
            0,
            0,
            0,
            0,
            0,
            1,
            1,
            1,
            1,
            0,
            0,
            0,
            0
        ],
        "energy": 248.0,
        "chain_break_fraction": 0.029411764705882353
    },
    "chain_strength_prefactor": 0.25,
    "chain_strength": 773.6613818871466,
    "max_chain_length": 3,
    "timing_info": {
        "qpu_sampling_time": 354820.0,
        "qpu_anneal_time_per_sample": 200.0,
        "qpu_readout_time_per_sample": 134.28,
        "qpu_access_time": 370584.37,
        "qpu_access_overhead_time": 1865.63,
        "qpu_programming_time": 15764.37,
        "qpu_delay_time_per_sample": 20.54,
        "total_post_processing_time": 74.0,
        "post_processing_overhead_time": 74.0
    },
    "embedding_info": {
        "embedding": {
            "26": [
                355,
                356
            ],
            "27": [
                5011,
                386
            ],
            "32": [
                340,
                341
            ],
            "28": [
                4921,
                4922
            ],
            "33": [
                325,
                4771,
                326
            ],
            "29": [
                5056,
                5055,
                416
            ],
            "34": [
                371,
                5026,
                5025
            ],
            "30": [
                445,
                446,
                4861
            ],
            "35": [
                430,
                429,
                4891
            ],
            "31": [
                4906,
                295
            ],
            "36": [
                4981,
                4980
            ],
            "37": [
                4936,
                4937
            ],
            "38": [
                5041,
                401,
                5040
            ],
            "39": [
                4966,
                4967,
                475
            ],
            "40": [
                4951,
                4952,
                265
            ],
            "41": [
                236,
                235
            ],
            "42": [
                4830,
                280
            ],
            "43": [
                311,
                310,
                5010
            ],
            "44": [
                4996,
                4995
            ],
            "45": [
                4905,
                221
            ],
            "46": [
                250,
                4875,
                4876
            ],
            "4": [
                4831
            ],
            "7": [
                4801
            ],
            "5": [
                131
            ],
            "16": [
                415
            ],
            "6": [
                384,
                385
            ],
            "20": [
                444
            ],
            "8": [
                4846,
                370
            ],
            "10": [
                339,
                4636
            ],
            "9": [
                4681
            ],
            "21": [
                4742
            ],
            "11": [
                146
            ],
            "17": [
                400,
                4787
            ],
            "12": [
                4950
            ],
            "23": [
                264
            ],
            "13": [
                4860
            ],
            "18": [
                4725
            ],
            "14": [
                220,
                4741,
                4845
            ],
            "22": [
                4650,
                279
            ],
            "15": [
                191
            ],
            "24": [
                4800,
                249
            ],
            "19": [
                145,
                144
            ],
            "25": [
                175
            ],
            "47": [
                4816
            ],
            "0": [
                505
            ],
            "49": [
                489,
                490
            ],
            "50": [
                504
            ],
            "52": [
                4786
            ],
            "1": [
                159
            ],
            "54": [
                174
            ],
            "55": [
                4680,
                189
            ],
            "56": [
                190
            ],
            "58": [
                4965,
                100
            ],
            "59": [
                4890,
                130
            ],
            "60": [
                4785,
                99
            ],
            "2": [
                369
            ],
            "63": [
                4696
            ],
            "64": [
                309
            ],
            "65": [
                324
            ],
            "3": [
                85
            ],
            "67": [
                4935,
                56
            ],
            "68": [
                4920
            ],
            "69": [
                4770,
                160
            ],
            "57": [
                205,
                206
            ],
            "61": [
                4726
            ],
            "62": [
                4710,
                4711
            ],
            "66": [
                4757,
                4756
            ],
            "70": [
                4815
            ]
        },
        "chain_break_method": "majority_vote",
        "embedding_parameters": {},
        "chain_strength": 773.6613818871466
    }
}