{
    "config": "N_1000-502.2983292782733s-1_A200",
    "num_vars": 94,
    "num_qubit": 177,
    "time_elapsed": 0.039913177490234375,
    "best_state": {
        "sample": [
            0,
            1,
            0,
            0,
            0,
            0,
            0,
            0,
            0,
            0,
            0,
            0,
            0,
            0,
            0,
            0,
            0,
            0,
            0,
            1,
            0,
            0,
            0,
            1,
            0,
            0,
            0,
            0,
            0,
            0,
            1,
            1,
            0,
            0,
            0,
            0,
            0,
            0,
            0,
            0,
            0,
            0,
            0,
            0,
            1,
            0,
            0,
            0,
            1,
            0,
            1,
            1,
            1,
            1,
            1,
            0,
            0,
            0,
            1,
            0,
            0,
            0,
            0,
            0,
            0,
            0,
            0,
            0,
            0,
            1,
            1,
            1,
            1,
            1,
            1,
            1,
            1,
            0,
            0,
            0,
            0,
            0,
            0,
            0,
            0,
            0,
            0,
            0,
            0,
            1,
            1,
            1,
            1,
            1
        ],
        "energy": 93.0,
        "chain_break_fraction": 0.0
    },
    "chain_strength_prefactor": 0.35,
    "chain_strength": 502.2983292782733,
    "max_chain_length": 4,
    "timing_info": {
        "qpu_sampling_time": 296740.0,
        "qpu_anneal_time_per_sample": 200.0,
        "qpu_readout_time_per_sample": 76.2,
        "qpu_access_time": 312665.97,
        "qpu_access_overhead_time": 1721.03,
        "qpu_programming_time": 15925.97,
        "qpu_delay_time_per_sample": 20.54,
        "total_post_processing_time": 323.0,
        "post_processing_overhead_time": 323.0
    },
    "embedding_info": {
        "embedding": {
            "35": [
                5162,
                5161
            ],
            "36": [
                5177,
                5176
            ],
            "41": [
                5132,
                417
            ],
            "37": [
                5026,
                5027,
                656,
                657
            ],
            "42": [
                462,
                461
            ],
            "38": [
                627,
                5192,
                687
            ],
            "43": [
                537,
                5237
            ],
            "39": [
                567,
                568,
                566
            ],
            "44": [
                5282,
                492,
                491
            ],
            "40": [
                5012,
                626,
                5011
            ],
            "45": [
                476,
                5147
            ],
            "46": [
                536,
                5102,
                552
            ],
            "47": [
                507,
                506,
                5252
            ],
            "48": [
                521,
                522,
                4997
            ],
            "49": [
                5056,
                446,
                5057
            ],
            "50": [
                5223,
                5222
            ],
            "51": [
                732,
                5088,
                5087
            ],
            "52": [
                596,
                5042,
                597
            ],
            "53": [
                582,
                5072,
                5133
            ],
            "54": [
                5148,
                611,
                612
            ],
            "55": [
                5118,
                5117
            ],
            "3": [
                357
            ],
            "10": [
                672,
                673
            ],
            "4": [
                432,
                431
            ],
            "14": [
                688,
                5357
            ],
            "5": [
                4892
            ],
            "24": [
                463,
                5417
            ],
            "6": [
                5013
            ],
            "30": [
                401,
                402
            ],
            "7": [
                5312
            ],
            "15": [
                5342,
                5341
            ],
            "8": [
                5372,
                5373,
                538
            ],
            "19": [
                477
            ],
            "9": [
                490
            ],
            "25": [
                493
            ],
            "11": [
                5253
            ],
            "20": [
                372,
                5206,
                373
            ],
            "12": [
                640
            ],
            "26": [
                5297,
                5296,
                5298
            ],
            "13": [
                5058
            ],
            "31": [
                5041,
                416
            ],
            "16": [
                822,
                5224
            ],
            "21": [
                5314,
                792
            ],
            "17": [
                5178
            ],
            "27": [
                912,
                913,
                5089
            ],
            "18": [
                4939,
                820,
                4938
            ],
            "32": [
                4954,
                4953
            ],
            "22": [
                5208,
                702
            ],
            "28": [
                5134
            ],
            "23": [
                717,
                716
            ],
            "33": [
                5104,
                851,
                5103
            ],
            "29": [
                5073,
                701
            ],
            "34": [
                5119
            ],
            "56": [
                5386,
                5387
            ],
            "57": [
                403,
                5371
            ],
            "59": [
                508,
                5356
            ],
            "61": [
                5281
            ],
            "62": [
                342,
                341
            ],
            "0": [
                447
            ],
            "64": [
                5327
            ],
            "65": [
                5313,
                5328
            ],
            "66": [
                5329,
                928
            ],
            "67": [
                927,
                926
            ],
            "68": [
                5059,
                911
            ],
            "1": [
                5388
            ],
            "72": [
                778
            ],
            "73": [
                5299,
                763
            ],
            "74": [
                867
            ],
            "75": [
                852
            ],
            "76": [
                747,
                5193
            ],
            "80": [
                4907,
                4908
            ],
            "81": [
                790,
                791,
                4893
            ],
            "82": [
                5163
            ],
            "83": [
                777
            ],
            "84": [
                762
            ],