{
    "config": "N_1000-287.02761673044193s-1_A200",
    "num_vars": 94,
    "num_qubit": 184,
    "time_elapsed": 0.025000572204589844,
    "best_state": {
        "sample": [
            0,
            1,
            0,
            0,
            0,
            0,
            0,
            0,
            0,
            0,
            0,
            0,
            0,
            0,
            0,
            0,
            0,
            0,
            0,
            1,
            1,
            0,
            0,
            1,
            0,
            0,
            0,
            0,
            0,
            1,
            0,
            0,
            0,
            0,
            0,
            0,
            0,
            0,
            0,
            1,
            0,
            1,
            1,
            0,
            1,
            1,
            1,
            0,
            1,
            0,
            0,
            1,
            0,
            1,
            1,
            0,
            0,
            0,
            1,
            0,
            1,
            0,
            0,
            0,
            0,
            0,
            0,
            0,
            0,
            1,
            1,
            1,
            1,
            1,
            1,
            1,
            1,
            0,
            0,
            0,
            0,
            0,
            0,
            0,
            0,
            0,
            0,
            0,
            1,
            1,
            1,
            1,
            1,
            1
        ],
        "energy": 96.0,
        "chain_break_fraction": 0.010638297872340425
    },
    "chain_strength_prefactor": 0.2,
    "chain_strength": 287.02761673044193,
    "max_chain_length": 4,
    "timing_info": {
        "qpu_sampling_time": 333780.0,
        "qpu_anneal_time_per_sample": 200.0,
        "qpu_readout_time_per_sample": 113.24,
        "qpu_access_time": 349701.97,
        "qpu_access_overhead_time": 1729.03,
        "qpu_programming_time": 15921.97,
        "qpu_delay_time_per_sample": 20.54,
        "total_post_processing_time": 1.0,
        "post_processing_overhead_time": 1.0
    },
    "embedding_info": {
        "embedding": {
            "35": [
                4879,
                4880,
                835
            ],
            "36": [
                1105,
                1106
            ],
            "41": [
                4939,
                970,
                4940
            ],
            "37": [
                1015,
                4970,
                4969
            ],
            "42": [
                941,
                940,
                5059
            ],
            "38": [
                4909,
                4910
            ],
            "43": [
                925,
                926,
                924
            ],
            "39": [
                4895,
                4896,
                1000
            ],
            "44": [
                4835,
                4834,
                4833
            ],
            "40": [
                850,
                4924,
                4925
            ],
            "45": [
                865,
                4894
            ],
            "46": [
                1030,
                4775,
                1031,
                4774
            ],
            "47": [
                5000,
                4999,
                1165
            ],
            "48": [
                1091,
                1090
            ],
            "49": [
                4865,
                4864
            ],
            "50": [
                911,
                910,
                912
            ],
            "51": [
                1195,
                4985,
                4984
            ],
            "52": [
                956,
                955,
                5044
            ],
            "53": [
                4850,
                4849,
                1150
            ],
            "54": [
                880,
                5029,
                881
            ],
            "55": [
                985,
                986,
                4955
            ],
            "3": [
                4805,
                1194
            ],
            "10": [
                4745,
                4746
            ],
            "4": [
                1014
            ],
            "14": [
                1285,
                4971,
                1286
            ],
            "5": [
                1316
            ],
            "24": [
                1210,
                4881
            ],
            "6": [
                851
            ],
            "29": [
                4594,
                4595,
                849
            ],
            "7": [
                927
            ],
            "19": [
                4669,
                4670
            ],
            "8": [
                4836,
                1345
            ],
            "25": [
                1180,
                1179
            ],
            "9": [
                866
            ],
            "30": [
                864,
                1104,
                4609,
                4610
            ],
            "11": [
                1029
            ],
            "15": [
                4776
            ],
            "12": [
                5136,
                1227,
                1166
            ],
            "20": [
                4700,
                1164
            ],
            "13": [
                820,
                4983
            ],
            "31": [
                1075,
                1074
            ],
            "16": [
                5164,
                5165,
                1196
            ],
            "21": [
                4729,
                4730
            ],
            "17": [
                1211,
                5061
            ],
            "26": [
                1240,
                4941
            ],
            "18": [
                5014,
                5013,
                5015
            ],
            "32": [
                5045
            ],
            "22": [
                1225,
                4820,
                4819,
                1226
            ],
            "27": [
                1151,
                5151
            ],
            "23": [
                5119,
                806,
                821
            ],
            "33": [
                1001
            ],
            "28": [
                5150,
                1062
            ],
            "34": [
                5105
            ],
            "56": [
                1270
            ],
            "57": [
                4596,
                1269,
                1209
            ],
            "59": [
                4655
            ],
            "61": [
                1149
            ],
            "62": [
                4685
            ],
            "0": [
                4654,
                969
            ],
            "64": [
                4760
            ],
            "65": [
                4715,
                1044
            ],
            "66": [
                1120,
                4791
            ],
            "67": [
                1121
            ],
            "68": [
                1136
            ],
            "1": [
                5194
            ],
            "72": [
                5209,
                5210
            ],
            "73": [
                1122
            ],
            "74": [
                1137
            ],
            "75": [
                5090
            ],
            "76": [
                5075,
                5074
            ],
            "2": [
                1301
            ],
            "80": [
                4986
            ],