{
    "config": "N_1000-574.0552334608839s-1_A200",
    "num_vars": 94,
    "num_qubit": 168,
    "time_elapsed": 0.02787637710571289,
    "best_state": {
        "sample": [
            0,
            1,
            0,
            0,
            0,
            0,
            0,
            0,
            0,
            0,
            0,
            0,
            0,
            0,
            0,
            0,
            0,
            0,
            0,
            1,
            0,
            0,
            1,
            0,
            1,
            0,
            1,
            0,
            0,
            0,
            0,
            0,
            0,
            0,
            0,
            0,
            1,
            1,
            0,
            0,
            1,
            1,
            1,
            0,
            1,
            1,
            0,
            0,
            0,
            1,
            0,
            0,
            1,
            1,
            1,
            1,
            0,
            1,
            1,
            0,
            0,
            0,
            0,
            0,
            0,
            0,
            0,
            0,
            0,
            1,
            1,
            1,
            1,
            1,
            1,
            1,
            1,
            0,
            0,
            0,
            1,
            1,
            1,
            1,
            1,
            1,
            0,
            0,
            0,
            0,
            0,
            0,
            0,
            0
        ],
        "energy": 93.0,
        "chain_break_fraction": 0.0
    },
    "chain_strength_prefactor": 0.4,
    "chain_strength": 574.0552334608839,
    "max_chain_length": 3,
    "timing_info": {
        "qpu_sampling_time": 327600.0,
        "qpu_anneal_time_per_sample": 200.0,
        "qpu_readout_time_per_sample": 107.06,
        "qpu_access_time": 343527.97,
        "qpu_access_overhead_time": 1993.03,
        "qpu_programming_time": 15927.97,
        "qpu_delay_time_per_sample": 20.54,
        "total_post_processing_time": 1.0,
        "post_processing_overhead_time": 1.0
    },
    "embedding_info": {
        "embedding": {
            "35": [
                278,
                4531
            ],
            "36": [
                277,
                4440,
                4441
            ],
            "41": [
                4561,
                338
            ],
            "37": [
                427,
                428,
                4382
            ],
            "42": [
                4620,
                4621,
                219
            ],
            "38": [
                368,
                4516
            ],
            "43": [
                292,
                293,
                4396
            ],
            "39": [
                4681,
                399,
                398
            ],
            "44": [
                309,
                308,
                4635
            ],
            "40": [
                4546,
                4545,
                323
            ],
            "45": [
                234,
                4591
            ],
            "46": [
                503,
                4456,
                504
            ],
            "47": [
                413,
                4471,
                4366
            ],
            "48": [
                354,
                4741,
                353
            ],
            "49": [
                4577,
                488,
                4576
            ],
            "50": [
                4486,
                458,
                4485
            ],
            "51": [
                4637,
                4636,
                684
            ],
            "52": [
                4592,
                414
            ],
            "53": [
                443,
                4501,
                444
            ],
            "54": [
                384,
                383,
                4651
            ],
            "55": [
                4696,
                369,
                4697
            ],
            "3": [
                4321
            ],
            "10": [
                4411
            ],
            "4": [
                4383
            ],
            "14": [
                4427,
                4426
            ],
            "5": [
                324
            ],
            "24": [
                4351,
                4350
            ],
            "6": [
                204
            ],
            "30": [
                263
            ],
            "7": [
                4397,
                502
            ],
            "19": [
                4291,
                4290
            ],
            "8": [
                279,
                4665
            ],
            "25": [
                307
            ],
            "9": [
                4695
            ],
            "31": [
                248
            ],
            "11": [
                4457
            ],
            "15": [
                442
            ],
            "12": [
                4367
            ],
            "20": [
                412
            ],
            "13": [
                4726
            ],
            "26": [
                352
            ],
            "16": [
                4502
            ],
            "21": [
                457,
                4322
            ],
            "17": [
                624,
                623,
                4773
            ],
            "27": [
                683,
                682
            ],
            "18": [
                4622,
                534
            ],
            "32": [
                549,
                548
            ],
            "22": [
                4801
            ],
            "28": [
                4563,
                4562
            ],
            "23": [
                4712,
                489
            ],
            "33": [
                4652
            ],
            "29": [
                4698,
                699
            ],
            "34": [
                609,
                4758
            ],
            "56": [
                218
            ],
            "57": [
                4365,
                262
            ],
            "59": [
                4305,
                247
            ],
            "61": [
                4336
            ],
            "62": [
                4276,
                367
            ],
            "0": [
                4398
            ],
            "64": [
                622
            ],
            "65": [
                607
            ],
            "66": [
                517,
                4292
            ],
            "67": [
                4472,
                518
            ],
            "68": [
                4487,
                653
            ],
            "1": [
                487
            ],
            "72": [
                4352
            ],
            "73": [
                593
            ],
            "74": [
                579,
                578
            ],
            "75": [
                594
            ],
            "76": [
                519,
                4682
            ],
            "80": [
                4711
            ],
            "81": [
                4772,
                429
            ],
            "82": [
                4816,
                4817
            ],
            "83": [
                4802
            ],
            "84": [
                639,
                638
            ],
            "2": [
                189
            ],
            "89": [
                4680
            ],
            "90": [
                4756,
                249,
                4757
            ],