{
    "config": "F_1000-289139.9913339903s-1_A200",
    "num_vars": 59,
    "num_qubit": 167,
    "time_elapsed": 0.025599241256713867,
    "best_state": {
        "sample": [
            1,
            1,
            0,
            0,
            0,
            0,
            0,
            0,
            0,
            0,
            1,
            0,
            0,
            0,
            0,
            0,
            0,
            0,
            0,
            0,
            0,
            1,
            0,
            0,
            0,
            0,
            0,
            0,
            0,
            0,
            1,
            1,
            0,
            0,
            1,
            0,
            0,
            0,
            0,
            0,
            0,
            0,
            0,
            0,
            1,
            0,
            0,
            0,
            0,
            0,
            0,
            0,
            0,
            1,
            0,
            1,
            0,
            1,
            1
        ],
        "energy": 146980.0,
        "chain_break_fraction": 0.06779661016949153
    },
    "chain_strength": 289139.9913339903,
    "max_chain_length": 4,
    "timing_info": {
        "qpu_sampling_time": 314480.0,
        "qpu_anneal_time_per_sample": 200.0,
        "qpu_readout_time_per_sample": 93.94,
        "qpu_access_time": 330244.37,
        "qpu_access_overhead_time": 2146.63,
        "qpu_programming_time": 15764.37,
        "qpu_delay_time_per_sample": 20.54,
        "total_post_processing_time": 62.0,
        "post_processing_overhead_time": 62.0
    },
    "embedding_info": {
        "embedding": {
            "38": [
                5246,
                2232,
                2233
            ],
            "39": [
                5261,
                2218
            ],
            "44": [
                2113,
                2112,
                5486
            ],
            "40": [
                2204,
                2203,
                5307
            ],
            "45": [
                5441,
                5440
            ],
            "41": [
                5276,
                2097,
                2098
            ],
            "46": [
                5380,
                2068,
                5381
            ],
            "42": [
                2173,
                2172,
                5351
            ],
            "47": [
                2141,
                2142,
                2143,
                5126
            ],
            "43": [
                5364,
                5366,
                5365,
                1933
            ],
            "48": [
                5185,
                2127,
                2128,
                2096
            ],
            "49": [
                2189,
                5471,
                5472,
                2219
            ],
            "50": [
                2082,
                2083
            ],
            "51": [
                2248,
                5411
            ],
            "52": [
                5336,
                2188
            ],
            "53": [
                2024,
                5515,
                5516,
                5517
            ],
            "54": [
                5456,
                5455,
                2174
            ],
            "55": [
                5395,
                5394,
                5396,
                2053
            ],
            "56": [
                5425,
                5426,
                1903
            ],
            "57": [
                2023,
                5291
            ],
            "58": [
                5141,
                2157,
                2158
            ],
            "6": [
                2231,
                5021,
                5020
            ],
            "10": [
                5215,
                5216
            ],
            "7": [
                5275,
                5274
            ],
            "23": [
                2052,
                5321,
                5230
            ],
            "8": [
                2051,
                5049,
                5050,
                5111
            ],
            "28": [
                5156,
                5155,
                1992
            ],
            "9": [
                1842,
                1843
            ],
            "33": [
                1932,
                5214
            ],
            "11": [
                2114
            ],
            "16": [
                2111,
                5035
            ],
            "12": [
                1993,
                1994,
                5335
            ],
            "18": [
                1977,
                1978,
                1976
            ],
            "13": [
                5350,
                5349,
                2038
            ],
            "24": [
                2067,
                2066,
                5200,
                2065
            ],
            "14": [
                5125,
                1886
            ],
            "29": [
                5066,
                1961,
                5065
            ],
            "15": [
                5184,
                1782,
                1781,
                1783
            ],
            "34": [
                5094,
                5095,
                5096
            ],
            "17": [
                5470
            ],
            "19": [
                5500,
                1844,
                5501
            ],
            "20": [
                1872,
                1873,
                5320,
                5199
            ],
            "25": [
                1887,
                5305,
                1888
            ],
            "21": [
                1947,
                1948,
                1946,
                5019
            ],
            "30": [
                5110,
                2008,
                2007,
                2009
            ],
            "22": [
                1858,
                1857,
                1859
            ],
            "35": [
                5409,
                5410,
                1918,
                1753
            ],
            "26": [
                1901,
                1902
            ],
            "31": [
                5170,
                1962,
                5169,
                1963
            ],
            "27": [
                1813,
                5289,
                1812,
                5290
            ],
            "36": [
                5260,
                5259
            ],
            "32": [
                5139,
                5140,
                1752,
                1736
            ],
            "37": [
                5080,
                5079,
                2022
            ],
            "0": [
                5005,
                2126
            ],
            "1": [
                2129
            ],
            "2": [
                5485
            ],
            "3": [
                1917,
                5245
            ],
            "4": [
                1916
            ],
            "5": [
                1827,
                1828,
                5244
            ]
        },
        "chain_break_method": "majority_vote",
        "embedding_parameters": {},
        "chain_strength": 289139.9913339903
    }
}