{
    "config": "L_1000-13529.317007729996s-1_A200",
    "num_vars": 138,
    "num_qubit": 474,
    "time_elapsed": 0.050835609436035156,
    "best_state": {
        "sample": [
            0,
            1,
            0,
            0,
            1,
            0,
            0,
            0,
            1,
            0,
            0,
            1,
            0,
            0,
            0,
            1,
            0,
            1,
            0,
            1,
            0,
            1,
            0,
            1,
            1,
            0,
            0,
            1,
            0,
            1,
            1,
            0,
            0,
            0,
            0,
            0,
            0,
            0,
            0,
            0,
            0,
            0,
            0,
            0,
            0,
            0,
            0,
            0,
            0,
            0,
            0,
            0,
            0,
            0,
            0,
            0,
            0,
            1,
            0,
            0,
            0,
            0,
            0,
            0,
            0,
            0,
            0,
            1,
            0,
            0,
            0,
            0,
            0,
            0,
            0,
            0,
            0,
            0,
            0,
            0,
            0,
            0,
            0,
            1,
            0,
            0,
            0,
            0,
            0,
            1,
            0,
            0,
            0,
            0,
            0,
            0,
            0,
            0,
            0,
            0,
            0,
            0,
            0,
            0,
            0,
            0,
            0,
            0,
            0,
            0,
            0,
            0,
            0,
            0,
            0,
            0,
            0,
            0,
            1,
            0,
            0,
            0,
            0,
            0,
            0,
            0,
            0,
            0,
            1,
            0,
            0,
            0,
            0,
            0,
            0,
            0,
            0,
            0
        ],
        "energy": 60249.0,
        "chain_break_fraction": 0.028985507246376812
    },
    "chain_strength_prefactor": 0.3,
    "chain_strength": 13529.317007729996,
    "max_chain_length": 7,
    "timing_info": {
        "qpu_sampling_time": 354440.0,
        "qpu_anneal_time_per_sample": 200.0,
        "qpu_readout_time_per_sample": 133.9,
        "qpu_access_time": 370367.17,
        "qpu_access_overhead_time": 1639.83,
        "qpu_programming_time": 15927.17,
        "qpu_delay_time_per_sample": 20.54,
        "total_post_processing_time": 84.0,
        "post_processing_overhead_time": 84.0
    },
    "embedding_info": {
        "embedding": {
            "3": [
                2300,
                3956,
                2301,
                3955,
                2302,
                2299
            ],
            "0": [
                4407,
                4408,
                4409,
                4406,
                2348
            ],
            "6": [
                2152,
                2151,
                4196,
                2153,
                2150
            ],
            "9": [
                2288,
                2287,
                4496,
                2289
            ],
            "12": [
                4242,
                2241,
                2240,
                2332,
                2239,
                4243
            ],
            "16": [
                2406,
                2405,
                4287,
                4288,
                2407,
                4286
            ],
            "20": [
                2256,
                2257,
                4466,
                4136,
                4137,
                2258
            ],
            "24": [
                2226,
                4271,
                2227,
                2225,
                3941,
                4062
            ],
            "1": [
                4363,
                4362,
                2393
            ],
            "2": [
                4498,
                4497
            ],
            "4": [
                3732,
                3731,
                3733,
                2329
            ],
            "5": [
                3717
            ],
            "7": [
                2107,
                2106,
                2105,
                4331,
                2108,
                4105
            ],
            "8": [
                2167,
                4211,
                2168
            ],
            "10": [
                2304,
                4602
            ],
            "11": [
                2364,
                4617
            ],
            "13": [
                3913,
                2660,
                2661,
                3912,
                3911
            ],
            "14": [
                3836,
                3838,
                3837,
                2390
            ],
            "15": [
                2224
            ],
            "17": [
                2482,
                2481,
                2480
            ],
            "18": [
                4198,
                2542
            ],
            "19": [
                4228
            ],
            "21": [
                4588,
                4589,
                2618,
                2617,
                2423,
                4587
            ],
            "22": [
                4647,
                2484,
                4646
            ],
            "23": [
                2273
            ],
            "25": [
                2211,
                4047,
                2212,
                4016,
                4048
            ],
            "26": [
                2271,
                4212
            ],
            "27": [
                4121
            ],
            "58": [
                2213,
                4376,
                4437,
                4438,
                4375
            ],
            "77": [
                4527,
                2408,
                2333,
                2378
            ],
            "84": [
                4378,
                2573,
                4379,
                4377
            ],
            "99": [
                4423,
                4424
            ],
            "113": [
                4453,
                4452,
                2513,
                4467
            ],
            "126": [
                2363,
                4422,
                2318
            ],
            "59": [
                4482,
                4481,
                4480,
                4483
            ],
            "78": [
                4604,
                4603,
                2633
            ],
            "85": [
                2662,
                2663,
                4318,
                2664
            ],
            "100": [
                4528,
                2483,
                4529
            ],
            "114": [
                4543,
                2603,
                4544
            ],
            "127": [
                4317,
                4316,
                2452,
                2453,
                2272
            ],
            "60": [
                3701,
                2149
            ],
            "86": [
                3776,
                3777,
                2254
            ],
            "101": [
                2374,
                3762,
                3761,
                3763,
                2404
            ],
            "128": [
                2179,
                2180
            ],
            "61": [
                3806,
                2104,
                2194
            ],