{
    "config": "N_1000-59477.69643874752s-1_A200",
    "num_vars": 99,
    "num_qubit": 184,
    "time_elapsed": 0.06302690505981445,
    "best_state": {
        "sample": [
            1,
            0,
            0,
            0,
            0,
            0,
            0,
            0,
            0,
            0,
            1,
            1,
            0,
            0,
            0,
            0,
            0,
            0,
            0,
            0,
            0,
            0,
            0,
            0,
            0,
            0,
            0,
            0,
            0,
            0,
            0,
            0,
            0,
            0,
            0,
            0,
            0,
            0,
            0,
            0,
            0,
            0,
            0,
            1,
            1,
            0,
            0,
            1,
            1,
            0,
            0,
            0,
            1,
            1,
            1,
            1,
            1,
            1,
            1,
            1,
            1,
            1,
            1,
            1,
            1,
            1,
            1,
            0,
            0,
            0,
            0,
            0,
            0,
            0,
            0,
            0,
            0,
            0,
            0,
            0,
            0,
            0,
            0,
            0,
            0,
            0,
            0,
            0,
            0,
            0,
            0,
            0,
            0,
            0,
            0,
            0,
            0,
            0,
            0
        ],
        "energy": 7597.0,
        "chain_break_fraction": 0.0
    },
    "chain_strength_prefactor": 0.4,
    "chain_strength": 59477.69643874752,
    "max_chain_length": 4,
    "timing_info": {
        "qpu_sampling_time": 352500.0,
        "qpu_anneal_time_per_sample": 200.0,
        "qpu_readout_time_per_sample": 131.96,
        "qpu_access_time": 368263.17,
        "qpu_access_overhead_time": 2670.83,
        "qpu_programming_time": 15763.17,
        "qpu_delay_time_per_sample": 20.54,
        "total_post_processing_time": 1.0,
        "post_processing_overhead_time": 1.0
    },
    "embedding_info": {
        "embedding": {
            "38": [
                447,
                446,
                5056
            ],
            "39": [
                5102,
                5101,
                567
            ],
            "44": [
                5176,
                5177,
                476
            ],
            "40": [
                222,
                5190,
                5191,
                221
            ],
            "45": [
                5221,
                417
            ],
            "41": [
                4980,
                326,
                327
            ],
            "46": [
                5175,
                281,
                312
            ],
            "42": [
                5116,
                341
            ],
            "47": [
                5071,
                356,
                5072
            ],
            "43": [
                4966,
                311,
                4967
            ],
            "48": [
                5041,
                416,
                5042
            ],
            "49": [
                342,
                5161,
                5162
            ],
            "50": [
                5147,
                5146
            ],
            "51": [
                5026,
                506,
                507
            ],
            "52": [
                402,
                401
            ],
            "53": [
                5132,
                492,
                5131
            ],
            "54": [
                387,
                386
            ],
            "55": [
                5086,
                431,
                5085
            ],
            "56": [
                372,
                371,
                5236
            ],
            "57": [
                295,
                296,
                4891
            ],
            "58": [
                430,
                4981
            ],
            "6": [
                5313,
                5312
            ],
            "10": [
                5282
            ],
            "7": [
                267
            ],
            "18": [
                5192,
                522
            ],
            "8": [
                328
            ],
            "23": [
                5266
            ],
            "9": [
                4995
            ],
            "33": [
                536
            ],
            "11": [
                656
            ],
            "16": [
                687,
                5253
            ],
            "12": [
                5220
            ],
            "19": [
                5222
            ],
            "13": [
                282
            ],
            "24": [
                5252,
                5251,
                5250
            ],
            "14": [
                357,
                358
            ],
            "28": [
                611
            ],
            "15": [
                5040
            ],
            "34": [
                521
            ],
            "17": [
                508
            ],
            "29": [
                5057
            ],
            "20": [
                493,
                5402
            ],
            "25": [
                5130,
                192
            ],
            "21": [
                388,
                5386,
                5281
            ],
            "30": [
                5011,
                5010,
                491
            ],
            "22": [
                131,
                5070
            ],
            "35": [
                266,
                265
            ],
            "26": [
                5205,
                5206
            ],
            "31": [
                4937,
                4936
            ],
            "27": [
                205,
                4845
            ],
            "36": [
                325
            ],
            "32": [
                340,
                4846
            ],
            "37": [
                4831,
                400
            ],
            "59": [
                5297,
                403
            ],
            "60": [
                537,
                5267
            ],
            "0": [
                5328
            ],
            "62": [
                642
            ],
            "63": [
                5207,
                597
            ],
            "64": [
                612
            ],
            "65": [
                627,
                626
            ],
            "66": [
                5087
            ],
            "1": [
                641
            ],
            "68": [
                5058
            ],
            "2": [
                252
            ],
            "70": [
                5235
            ],
            "71": [
                207
            ],
            "72": [
                191,
                206
            ],
            "73": [
                5025
            ],
            "74": [
                251
            ],
            "3": [
                313
            ],
            "78": [
                5311
            ],
            "79": [
                5326,
                5327
            ],
            "80": [
                552,
                553,
                551
            ],
            "81": [
                4922,
                4921,
                310
            ],
            "82": [
                4815
            ],
            "4": [
                343
            ],
            "86": [
                5341
            ],