{
    "config": "N_1000-177194.38452646844s-1_A200",
    "num_vars": 99,
    "num_qubit": 181,
    "time_elapsed": 0.023581743240356445,
    "best_state": {
        "sample": [
            1,
            1,
            0,
            0,
            0,
            0,
            0,
            0,
            0,
            0,
            0,
            0,
            0,
            0,
            0,
            0,
            0,
            0,
            0,
            0,
            0,
            0,
            0,
            0,
            0,
            0,
            0,
            0,
            0,
            0,
            0,
            0,
            0,
            0,
            0,
            0,
            0,
            0,
            0,
            0,
            1,
            0,
            1,
            1,
            0,
            1,
            1,
            1,
            0,
            1,
            0,
            1,
            1,
            1,
            1,
            0,
            0,
            1,
            1,
            1,
            1,
            1,
            1,
            1,
            1,
            1,
            1,
            0,
            0,
            0,
            0,
            0,
            0,
            0,
            0,
            0,
            0,
            0,
            0,
            0,
            0,
            0,
            0,
            0,
            0,
            0,
            0,
            0,
            0,
            0,
            0,
            0,
            0,
            0,
            0,
            0,
            0,
            0,
            0
        ],
        "energy": 76583.0,
        "chain_break_fraction": 0.04040404040404041
    },
    "chain_strength_prefactor": 0.2,
    "chain_strength": 177194.38452646844,
    "max_chain_length": 4,
    "timing_info": {
        "qpu_sampling_time": 370600.0,
        "qpu_anneal_time_per_sample": 200.0,
        "qpu_readout_time_per_sample": 150.06,
        "qpu_access_time": 386360.77,
        "qpu_access_overhead_time": 3574.23,
        "qpu_programming_time": 15760.77,
        "qpu_delay_time_per_sample": 20.54,
        "total_post_processing_time": 1.0,
        "post_processing_overhead_time": 1.0
    },
    "embedding_info": {
        "embedding": {
            "38": [
                4411,
                323
            ],
            "39": [
                247,
                4381,
                4380
            ],
            "44": [
                338,
                337
            ],
            "40": [
                4455,
                292
            ],
            "45": [
                232,
                233,
                4247,
                4246
            ],
            "41": [
                262,
                263
            ],
            "46": [
                4531,
                277,
                278,
                4290
            ],
            "42": [
                4485,
                188,
                4410
            ],
            "47": [
                4500,
                4501
            ],
            "43": [
                4470,
                203
            ],
            "48": [
                4576,
                293,
                234
            ],
            "49": [
                427,
                4366,
                4365
            ],
            "50": [
                4351,
                4350,
                442
            ],
            "51": [
                4440,
                4441,
                173
            ],
            "52": [
                4546,
                308,
                307,
                414
            ],
            "53": [
                4426,
                4427,
                4425
            ],
            "54": [
                158,
                157,
                4305,
                159
            ],
            "55": [
                219,
                4650,
                4651,
                218
            ],
            "56": [
                143,
                4530,
                142
            ],
            "57": [
                4516,
                4515,
                383
            ],
            "58": [
                248,
                249,
                4545
            ],
            "6": [
                246
            ],
            "7": [
                4261
            ],
            "13": [
                4472,
                4471
            ],
            "8": [
                4248
            ],
            "18": [
                548,
                547
            ],
            "9": [
                276
            ],
            "23": [
                4532
            ],
            "10": [
                98
            ],
            "28": [
                4502,
                623
            ],
            "11": [
                294
            ],
            "33": [
                4577
            ],
            "14": [
                4322,
                4321
            ],
            "19": [
                487,
                4367
            ],
            "15": [
                441
            ],
            "24": [
                4412,
                518,
                4547
            ],
            "16": [
                4560
            ],
            "29": [
                4442,
                593
            ],
            "17": [
                415
            ],
            "34": [
                4562
            ],
            "20": [
                413,
                412
            ],
            "25": [
                472,
                473
            ],
            "21": [
                4696,
                4695,
                369
            ],
            "30": [
                4307,
                577,
                4306
            ],
            "22": [
                459,
                4772
            ],
            "35": [
                4682,
                489
            ],
            "26": [
                4620,
                204
            ],
            "31": [
                397,
                4336,
                4335
            ],
            "27": [
                4711,
                444,
                385,
                384
            ],
            "36": [
                428
            ],
            "32": [
                4741
            ],
            "37": [
                4606,
                309
            ],
            "0": [
                683
            ],
            "59": [
                4487
            ],
            "60": [
                4517,
                608
            ],
            "61": [
                503
            ],
            "62": [
                488
            ],
            "1": [
                4231
            ],
            "64": [
                382,
                4201
            ],
            "65": [
                4276
            ],
            "66": [
                4382,
                563,
                502
            ],
            "67": [
                4457
            ],
            "68": [
                533
            ],
            "2": [
                4233
            ],
            "70": [
                592
            ],
            "71": [
                4337
            ],
            "72": [
                517,
                4352
            ],
            "73": [
                578,
                579
            ],
            "74": [
                474,
                4697
            ],
            "3": [
                4141
            ],
            "78": [
                4156
            ],
            "79": [
                4186,
                351
            ],
            "80": [
                4171
            ],