{
    "config": "N_1000-1871.71511437712s-1_A200",
    "num_vars": 98,
    "num_qubit": 187,
    "time_elapsed": 0.033882856369018555,
    "best_state": {
        "sample": [
            0,
            0,
            0,
            0,
            0,
            1,
            1,
            0,
            0,
            0,
            0,
            0,
            0,
            0,
            0,
            0,
            0,
            0,
            0,
            0,
            0,
            0,
            0,
            1,
            0,
            0,
            0,
            0,
            0,
            0,
            1,
            0,
            1,
            1,
            0,
            0,
            0,
            0,
            1,
            1,
            0,
            0,
            0,
            1,
            1,
            1,
            0,
            0,
            0,
            0,
            0,
            0,
            0,
            0,
            0,
            0,
            0,
            0,
            0,
            0,
            0,
            0,
            0,
            1,
            0,
            0,
            0,
            0,
            0,
            0,
            0,
            0,
            0,
            0,
            0,
            0,
            0,
            1,
            1,
            1,
            1,
            1,
            1,
            1,
            1,
            1,
            1,
            0,
            0,
            1,
            1,
            1,
            1,
            1,
            1,
            1,
            1,
            1
        ],
        "energy": 310.0,
        "chain_break_fraction": 0.0
    },
    "chain_strength_prefactor": 0.5,
    "chain_strength": 1871.71511437712,
    "max_chain_length": 4,
    "timing_info": {
        "qpu_sampling_time": 297460.0,
        "qpu_anneal_time_per_sample": 200.0,
        "qpu_readout_time_per_sample": 76.92,
        "qpu_access_time": 313386.77,
        "qpu_access_overhead_time": 1336.23,
        "qpu_programming_time": 15926.77,
        "qpu_delay_time_per_sample": 20.54,
        "total_post_processing_time": 466.0,
        "post_processing_overhead_time": 466.0
    },
    "embedding_info": {
        "embedding": {
            "37": [
                5407,
                5408
            ],
            "38": [
                5393,
                5392,
                1648
            ],
            "43": [
                1468
            ],
            "39": [
                1573,
                1572,
                5483
            ],
            "44": [
                5303,
                1633,
                5302
            ],
            "40": [
                1512,
                5227,
                1513
            ],
            "45": [
                5422,
                1483,
                1482
            ],
            "41": [
                1438,
                5362
            ],
            "46": [
                5332,
                1423,
                5333
            ],
            "42": [
                5453,
                1708,
                5452
            ],
            "47": [
                5378,
                1663,
                5377
            ],
            "48": [
                5287,
                5288
            ],
            "49": [
                1453,
                1452
            ],
            "50": [
                5316,
                5317,
                5318,
                1377
            ],
            "51": [
                5347,
                1498,
                1499
            ],
            "52": [
                5167,
                1422
            ],
            "53": [
                5212,
                5211,
                1557
            ],
            "54": [
                1587,
                1588,
                1586
            ],
            "55": [
                1527,
                5197
            ],
            "56": [
                5272,
                5273,
                1707
            ],
            "57": [
                1542,
                5243,
                1543
            ],
            "7": [
                1571
            ],
            "16": [
                5376,
                1348,
                5482
            ],
            "8": [
                1511
            ],
            "22": [
                1362,
                1363,
                1361
            ],
            "9": [
                5454
            ],
            "32": [
                5438
            ],
            "10": [
                1436,
                5002,
                1437
            ],
            "17": [
                1333,
                1332
            ],
            "11": [
                1303
            ],
            "27": [
                5331,
                1243
            ],
            "12": [
                5348
            ],
            "33": [
                5468,
                1618,
                5467
            ],
            "13": [
                1392,
                1391
            ],
            "18": [
                5286,
                1212
            ],
            "14": [
                5076,
                5077
            ],
            "23": [
                5107,
                5106
            ],
            "15": [
                1288
            ],
            "28": [
                1197
            ],
            "19": [
                5166,
                1331
            ],
            "24": [
                4972,
                1421,
                1375
            ],
            "20": [
                1287
            ],
            "29": [
                1316,
                1317
            ],
            "21": [
                5258,
                5257,
                5256
            ],
            "34": [
                5063,
                5062,
                5061
            ],
            "25": [
                5108,
                5109,
                1556,
                1497
            ],
            "30": [
                5152,
                1467
            ],
            "26": [
                1752,
                5289
            ],
            "35": [
                1706
            ],
            "31": [
                5154,
                1677
            ],
            "36": [
                1662
            ],
            "0": [
                5497
            ],
            "58": [
                1378
            ],
            "59": [
                5437
            ],
            "1": [
                5436
            ],
            "61": [
                5361,
                1258
            ],
            "62": [
                5466
            ],
            "2": [
                5180
            ],
            "64": [
                1181,
                5165
            ],
            "65": [
                1196
            ],
            "3": [
                4987
            ],
            "67": [
                1496,
                4958
            ],
            "68": [
                5047
            ],
            "69": [
                4986,
                1406
            ],
            "70": [
                1301
            ],
            "71": [
                5046
            ],
            "72": [
                1226,
                1227
            ],
            "4": [
                1526
            ],
            "77": [
                5092
            ],
            "78": [
                5091
            ],
            "79": [
                1346,
                5181
            ],
            "80": [
                5182,
                5183
            ],
            "81": [
                5168,
                1767,
                1766
            ],