{
    "config": "N_1000-1123.029068626272s-1_A200",
    "num_vars": 98,
    "num_qubit": 185,
    "time_elapsed": 0.02889561653137207,
    "best_state": {
        "sample": [
            0,
            0,
            0,
            1,
            0,
            0,
            0,
            0,
            0,
            0,
            0,
            0,
            0,
            0,
            0,
            0,
            0,
            1,
            1,
            0,
            0,
            1,
            1,
            0,
            0,
            0,
            0,
            0,
            0,
            0,
            0,
            0,
            0,
            0,
            0,
            0,
            0,
            0,
            1,
            0,
            0,
            1,
            0,
            1,
            0,
            1,
            1,
            0,
            0,
            0,
            0,
            0,
            1,
            1,
            0,
            1,
            0,
            0,
            0,
            1,
            1,
            1,
            1,
            1,
            1,
            1,
            1,
            1,
            1,
            1,
            1,
            1,
            0,
            0,
            1,
            1,
            1,
            1,
            1,
            1,
            0,
            0,
            0,
            0,
            0,
            0,
            0,
            0,
            0,
            0,
            0,
            0,
            0,
            0,
            0,
            0,
            0,
            0
        ],
        "energy": 300.0,
        "chain_break_fraction": 0.01020408163265306
    },
    "chain_strength_prefactor": 0.3,
    "chain_strength": 1123.029068626272,
    "max_chain_length": 4,
    "timing_info": {
        "qpu_sampling_time": 331460.0,
        "qpu_anneal_time_per_sample": 200.0,
        "qpu_readout_time_per_sample": 110.92,
        "qpu_access_time": 347384.77,
        "qpu_access_overhead_time": 1332.23,
        "qpu_programming_time": 15924.77,
        "qpu_delay_time_per_sample": 20.54,
        "total_post_processing_time": 1.0,
        "post_processing_overhead_time": 1.0
    },
    "embedding_info": {
        "embedding": {
            "37": [
                4745,
                1029
            ],
            "38": [
                4790,
                1090,
                4789
            ],
            "43": [
                984,
                4699
            ],
            "39": [
                4728,
                4729,
                4727,
                4730
            ],
            "44": [
                4623,
                4624,
                4622,
                864
            ],
            "40": [
                4760,
                1044
            ],
            "45": [
                4565,
                939,
                4610
            ],
            "41": [
                834,
                833,
                4714,
                4715
            ],
            "46": [
                4654,
                4653
            ],
            "42": [
                940
            ],
            "47": [
                4804,
                1014,
                1013
            ],
            "48": [
                4684,
                969
            ],
            "49": [
                999,
                998,
                4775
            ],
            "50": [
                895,
                894,
                4774
            ],
            "51": [
                1045,
                4819
            ],
            "52": [
                909,
                910,
                4639
            ],
            "53": [
                849,
                4759
            ],
            "54": [
                880,
                4834,
                879
            ],
            "55": [
                4668,
                4669
            ],
            "56": [
                955,
                956,
                954
            ],
            "57": [
                925,
                4849,
                924
            ],
            "7": [
                489
            ],
            "16": [
                534,
                533,
                535
            ],
            "8": [
                1075,
                1074
            ],
            "21": [
                4443,
                4444,
                1043
            ],
            "9": [
                4579
            ],
            "26": [
                4548,
                4549
            ],
            "10": [
                4621
            ],
            "17": [
                520,
                519
            ],
            "11": [
                789
            ],
            "27": [
                729
            ],
            "12": [
                4805
            ],
            "32": [
                745,
                4803
            ],
            "13": [
                1000
            ],
            "22": [
                938,
                4489,
                4488
            ],
            "14": [
                4773
            ],
            "28": [
                4594,
                803
            ],
            "15": [
                4925
            ],
            "33": [
                4818
            ],
            "18": [
                911,
                4954,
                4953,
                610
            ],
            "23": [
                4563,
                4564
            ],
            "19": [
                595,
                4758,
                596
            ],
            "29": [
                4608,
                4609
            ],
            "20": [
                790,
                4924
            ],
            "34": [
                4744,
                775
            ],
            "24": [
                699,
                700,
                4938,
                4713
            ],
            "30": [
                805,
                4908,
                804
            ],
            "25": [
                4893,
                4894
            ],
            "35": [
                881,
                5044,
                5043
            ],
            "31": [
                985,
                4864
            ],
            "36": [
                4848,
                835
            ],
            "0": [
                518
            ],
            "58": [
                4458,
                4457
            ],
            "59": [
                893,
                4459
            ],
            "1": [
                4607
            ],
            "61": [
                4592,
                4593
            ],
            "62": [
                744
            ],
            "2": [
                4474
            ],
            "64": [
                4473
            ],
            "65": [
                819,
                818
            ],
            "3": [
                504
            ],
            "67": [
                4636
            ],
            "68": [
                4562,
                443
            ],
            "69": [
                4652,
                579,
                549
            ],
            "70": [
                669,
                4743
            ],
            "71": [
                670,
                4863
            ],
            "4": [
                4880
            ],
            "75": [
                4865
            ],
            "76": [
                4984,
                1015
            ],
            "77": [
                4999,
                4998
            ],
            "78": [
                746
            ],
            "79": [
                731
            ],
            "5": [
                774
            ],