{
    "config": "N_1000-1310.200580063984s-1_A200",
    "num_vars": 98,
    "num_qubit": 185,
    "time_elapsed": 0.04968881607055664,
    "best_state": {
        "sample": [
            0,
            1,
            0,
            0,
            1,
            0,
            0,
            0,
            0,
            0,
            0,
            0,
            0,
            0,
            0,
            0,
            0,
            1,
            0,
            0,
            0,
            1,
            0,
            0,
            1,
            0,
            0,
            0,
            0,
            1,
            0,
            0,
            0,
            0,
            0,
            0,
            0,
            0,
            1,
            1,
            0,
            0,
            1,
            1,
            1,
            1,
            1,
            1,
            0,
            0,
            0,
            1,
            0,
            0,
            1,
            1,
            1,
            1,
            1,
            1,
            1,
            1,
            1,
            1,
            0,
            0,
            0,
            1,
            1,
            1,
            1,
            1,
            1,
            1,
            1,
            1,
            1,
            1,
            1,
            1,
            0,
            0,
            0,
            0,
            1,
            1,
            0,
            0,
            1,
            1,
            0,
            0,
            0,
            0,
            0,
            0,
            0,
            0
        ],
        "energy": 313.0,
        "chain_break_fraction": 0.0
    },
    "chain_strength_prefactor": 0.35,
    "chain_strength": 1310.200580063984,
    "max_chain_length": 4,
    "timing_info": {
        "qpu_sampling_time": 299580.0,
        "qpu_anneal_time_per_sample": 200.0,
        "qpu_readout_time_per_sample": 79.04,
        "qpu_access_time": 315504.37,
        "qpu_access_overhead_time": 1134.63,
        "qpu_programming_time": 15924.37,
        "qpu_delay_time_per_sample": 20.54,
        "total_post_processing_time": 22.0,
        "post_processing_overhead_time": 22.0
    },
    "embedding_info": {
        "embedding": {
            "37": [
                2419,
                3762
            ],
            "38": [
                3913,
                3912,
                2525
            ],
            "43": [
                3898,
                3899
            ],
            "39": [
                2360,
                3822
            ],
            "44": [
                2405,
                2406,
                2404
            ],
            "40": [
                3867,
                3868,
                2224
            ],
            "45": [
                3882,
                3883
            ],
            "41": [
                3927,
                3928,
                2345
            ],
            "46": [
                3853,
                3854,
                2390
            ],
            "42": [
                2464,
                2465,
                3823
            ],
            "47": [
                2479,
                2480,
                3777
            ],
            "48": [
                2570,
                3973,
                3972,
                2571
            ],
            "49": [
                2494,
                2495
            ],
            "50": [
                2644,
                3869,
                2645,
                3748
            ],
            "51": [
                2554,
                3793,
                2555
            ],
            "52": [
                4033,
                2376,
                2375
            ],
            "53": [
                3958,
                3957,
                3959
            ],
            "54": [
                3943,
                3942
            ],
            "55": [
                2510,
                2509
            ],
            "56": [
                2450,
                4018,
                2449
            ],
            "57": [
                2540,
                3838,
                3839
            ],
            "7": [
                3911
            ],
            "21": [
                2240,
                2239
            ],
            "8": [
                2614
            ],
            "26": [
                4167,
                2346,
                2421
            ],
            "9": [
                3703
            ],
            "32": [
                4003,
                2435
            ],
            "10": [
                4272
            ],
            "16": [
                4182,
                4183,
                2527
            ],
            "11": [
                2300
            ],
            "22": [
                2255,
                3941,
                2254
            ],
            "12": [
                2689
            ],
            "27": [
                2391,
                2392
            ],
            "13": [
                4153
            ],
            "17": [
                4288,
                2572
            ],
            "14": [
                3809
            ],
            "28": [
                4169,
                2646
            ],
            "15": [
                2524
            ],
            "33": [
                2556
            ],
            "18": [
                2541
            ],
            "23": [
                2481,
                4122,
                2361
            ],
            "19": [
                2735,
                2736,
                2734
            ],
            "29": [
                2690,
                2691
            ],
            "20": [
                2660,
                4019,
                2659
            ],
            "34": [
                2615
            ],
            "24": [
                3732,
                3733,
                3734
            ],
            "30": [
                2511,
                4093,
                4094
            ],
            "25": [
                3987,
                3988,
                2600
            ],
            "35": [
                4108,
                4107
            ],
            "31": [
                3989,
                2705
            ],
            "36": [
                3914,
                2750
            ],
            "0": [
                2225
            ],
            "58": [
                4077,
                2331
            ],
            "59": [
                4092
            ],
            "1": [
                2256
            ],
            "61": [
                2270,
                2271
            ],
            "62": [
                4002
            ],
            "2": [
                4259
            ],
            "64": [
                2631
            ],
            "65": [
                4123
            ],
            "3": [
                4287
            ],
            "67": [
                2436
            ],
            "68": [
                2451
            ],
            "69": [
                4213,
                4214
            ],
            "70": [
                2616,
                4154
            ],
            "71": [
                2721,
                4004
            ],
            "4": [
                3926
            ],
            "75": [
                2285
            ],
            "76": [
                4048,
                4047
            ],
            "77": [
                2526
            ],
            "78": [
                4078,
                2496
            ],
            "79": [
                4017,
                2420
            ],
            "5": [
                2629
            ],