{
    "config": "F_1000-50840.27218578633s-1_A200",
    "num_vars": 62,
    "num_qubit": 194,
    "time_elapsed": 0.03921246528625488,
    "best_state": {
        "sample": [
            0,
            0,
            0,
            0,
            0,
            0,
            1,
            0,
            0,
            0,
            0,
            0,
            0,
            0,
            0,
            0,
            0,
            0,
            0,
            0,
            0,
            0,
            0,
            1,
            0,
            0,
            0,
            0,
            0,
            0,
            1,
            1,
            1,
            0,
            1,
            0,
            0,
            0,
            1,
            0,
            0,
            1,
            0,
            0,
            1,
            0,
            1,
            0,
            0,
            0,
            0,
            0,
            0,
            1,
            0,
            1,
            1,
            1,
            1,
            0,
            1,
            1
        ],
        "energy": 9358.0,
        "chain_break_fraction": 0.0967741935483871
    },
    "chain_strength": 50840.27218578633,
    "max_chain_length": 5,
    "timing_info": {
        "qpu_sampling_time": 292420.0,
        "qpu_anneal_time_per_sample": 200.0,
        "qpu_readout_time_per_sample": 71.88,
        "qpu_access_time": 308345.97,
        "qpu_access_overhead_time": 1408.03,
        "qpu_programming_time": 15925.97,
        "qpu_delay_time_per_sample": 20.54,
        "total_post_processing_time": 81.0,
        "post_processing_overhead_time": 81.0
    },
    "embedding_info": {
        "embedding": {
            "41": [
                5503,
                2443,
                5382
            ],
            "42": [
                5547,
                5548
            ],
            "47": [
                2502,
                5158,
                2503,
                2504
            ],
            "43": [
                2384,
                5518,
                5592
            ],
            "48": [
                2534,
                2533,
                5563,
                5428
            ],
            "44": [
                5532,
                5531,
                5530
            ],
            "49": [
                2398,
                2399,
                5293
            ],
            "45": [
                2412,
                2413
            ],
            "50": [
                5338,
                5233,
                2442,
                2532
            ],
            "46": [
                2427,
                2428,
                5323,
                2548
            ],
            "51": [
                2457,
                5278,
                2458
            ],
            "52": [
                2369,
                5607,
                5608,
                5606
            ],
            "53": [
                5577,
                2324,
                2323,
                5578
            ],
            "54": [
                2488,
                2487,
                2489,
                5308,
                2486
            ],
            "55": [
                2549,
                5458
            ],
            "56": [
                5487,
                2248,
                5488
            ],
            "57": [
                5413,
                5412,
                2518,
                2519
            ],
            "58": [
                5472,
                5473
            ],
            "59": [
                2338,
                5352,
                2339
            ],
            "60": [
                5442,
                2278,
                5443
            ],
            "61": [
                5367,
                2473,
                5397
            ],
            "7": [
                5516,
                5517
            ],
            "19": [
                2112,
                2113,
                2114,
                5591
            ],
            "8": [
                5471,
                2068,
                2067
            ],
            "25": [
                2098,
                2097,
                5200
            ],
            "9": [
                5082,
                5081,
                2411
            ],
            "30": [
                5246,
                2172,
                5247
            ],
            "10": [
                5276,
                5277
            ],
            "36": [
                5232,
                2337,
                5231
            ],
            "11": [
                5157,
                5156
            ],
            "15": [
                2397
            ],
            "12": [
                5561,
                2204,
                5562,
                2264
            ],
            "20": [
                5427,
                2263,
                2383,
                2382
            ],
            "13": [
                5098,
                5096,
                5097
            ],
            "31": [
                2367,
                5142,
                5143
            ],
            "14": [
                5261,
                5262,
                5263
            ],
            "37": [
                5216,
                5217,
                2322
            ],
            "16": [
                5456,
                5457,
                2189
            ],
            "21": [
                2158,
                2159,
                2157,
                2156
            ],
            "17": [
                5322,
                5321
            ],
            "26": [
                5576,
                2038,
                5575,
                2039,
                2037
            ],
            "18": [
                5186,
                2231,
                5187
            ],
            "32": [
                5126,
                5127,
                2081,
                5128
            ],
            "22": [
                5410,
                2083,
                2203,
                5411
            ],
            "27": [
                5545,
                2053,
                2052,
                5546
            ],
            "23": [
                2307,
                2306,
                2308,
                2309
            ],
            "33": [
                5306,
                5307,
                2353,
                2352,
                2354
            ],
            "24": [
                2218,
                2219,
                2217
            ],
            "38": [
                2233,
                5426,
                2232,
                5201,
                2234
            ],
            "28": [
                2247,
                2246,
                5350,
                5351
            ],
            "34": [
                2277,
                2276,
                5336,
                5337
            ],
            "29": [
                2143,
                5441,
                2142
            ],
            "39": [
                5381,
                5380,
                2173
            ],
            "35": [
                2188,
                5396,
                5111,
                2187
            ],
            "40": [
                5366,
                2262,
                2261
            ],
            "0": [
                2127
            ],
            "1": [
                5202
            ],
            "2": [
                5141
            ],
            "3": [
                5502,
                5501
            ],
            "4": [
                5395,
                2023,
                2128
            ],
            "5": [
                2202,
                5112
            ],