{
    "config": "N_1000-4918.6365685480305s-1_A200",
    "num_vars": 107,
    "num_qubit": 194,
    "time_elapsed": 0.027834177017211914,
    "best_state": {
        "sample": [
            0,
            0,
            0,
            0,
            0,
            1,
            0,
            0,
            0,
            0,
            0,
            0,
            0,
            0,
            0,
            1,
            0,
            0,
            0,
            0,
            0,
            0,
            0,
            0,
            0,
            0,
            0,
            0,
            0,
            0,
            0,
            0,
            0,
            0,
            0,
            1,
            1,
            1,
            0,
            0,
            0,
            1,
            0,
            1,
            1,
            0,
            0,
            0,
            0,
            0,
            0,
            0,
            1,
            1,
            0,
            0,
            0,
            0,
            0,
            0,
            0,
            1,
            0,
            0,
            0,
            1,
            1,
            1,
            0,
            0,
            0,
            0,
            0,
            0,
            0,
            0,
            0,
            0,
            0,
            0,
            0,
            0,
            0,
            0,
            0,
            0,
            0,
            0,
            0,
            1,
            1,
            1,
            1,
            1,
            1,
            0,
            0,
            0,
            0,
            0,
            0,
            0,
            0,
            1,
            1,
            1,
            1
        ],
        "energy": 1534.0,
        "chain_break_fraction": 0.018691588785046728
    },
    "chain_strength_prefactor": 0.2,
    "chain_strength": 4918.6365685480305,
    "max_chain_length": 4,
    "timing_info": {
        "qpu_sampling_time": 306780.0,
        "qpu_anneal_time_per_sample": 200.0,
        "qpu_readout_time_per_sample": 86.24,
        "qpu_access_time": 322543.17,
        "qpu_access_overhead_time": 2442.83,
        "qpu_programming_time": 15763.17,
        "qpu_delay_time_per_sample": 20.54,
        "total_post_processing_time": 73.0,
        "post_processing_overhead_time": 73.0
    },
    "embedding_info": {
        "embedding": {
            "41": [
                2035
            ],
            "42": [
                4750,
                4751
            ],
            "47": [
                4781,
                4780,
                2185
            ],
            "43": [
                4870,
                4869,
                1990
            ],
            "48": [
                4854,
                4855,
                1855
            ],
            "44": [
                4720,
                2005
            ],
            "49": [
                4735,
                2049,
                2050
            ],
            "45": [
                4766,
                4765,
                2124
            ],
            "50": [
                4796,
                4795,
                2094
            ],
            "46": [
                4809,
                2079,
                4810
            ],
            "51": [
                1960,
                1959,
                4825
            ],
            "52": [
                1914,
                1915
            ],
            "53": [
                1930,
                1929,
                4930
            ],
            "54": [
                1899,
                4705
            ],
            "55": [
                4690,
                4689,
                1884
            ],
            "56": [
                4884,
                4885
            ],
            "57": [
                1869,
                1870,
                4674
            ],
            "58": [
                1840,
                4824,
                1839
            ],
            "59": [
                1944,
                1945,
                1943
            ],
            "60": [
                4600,
                1974,
                1975
            ],
            "61": [
                4659,
                4660,
                1779
            ],
            "7": [
                1735
            ],
            "19": [
                4871
            ],
            "8": [
                2006
            ],
            "24": [
                4721
            ],
            "9": [
                4645
            ],
            "30": [
                2139,
                4661
            ],
            "10": [
                4808
            ],
            "36": [
                4675
            ],
            "11": [
                2184,
                2169
            ],
            "15": [
                4811
            ],
            "12": [
                4853
            ],
            "20": [
                2230,
                4856
            ],
            "13": [
                4990
            ],
            "25": [
                4736
            ],
            "14": [
                2093
            ],
            "31": [
                4691,
                2154
            ],
            "16": [
                4931
            ],
            "26": [
                4629,
                1868,
                1867
            ],
            "17": [
                2019,
                2018
            ],
            "32": [
                2033,
                2034
            ],
            "18": [
                1734
            ],
            "37": [
                2004
            ],
            "21": [
                4915,
                1900
            ],
            "27": [
                1765,
                1764
            ],
            "22": [
                1824,
                1825,
                1823
            ],
            "33": [
                4644,
                4643,
                1898,
                1809
            ],
            "23": [
                4734,
                4733
            ],
            "38": [
                4585,
                4584
            ],
            "28": [
                4464,
                4463
            ],
            "34": [
                4540,
                1928
            ],
            "29": [
                1854,
                4539
            ],
            "39": [
                1973
            ],
            "35": [
                1733,
                4478,
                4554,
                4599
            ],
            "40": [
                1778
            ],
            "0": [
                4886
            ],
            "62": [
                2200
            ],
            "63": [
                2215,
                2214
            ],
            "64": [
                4676
            ],
            "1": [
                2170
            ],
            "66": [
                4826,
                2305
            ],
            "67": [
                2229
            ],
            "68": [
                2244
            ],
            "2": [
                2168
            ],
            "70": [
                4390,
                4391,
                2183
            ],
            "71": [
                4405,
                4406
            ],
            "72": [
                2003,
                4375
            ],
            "3": [
                4899
            ],
            "74": [
                1720
            ],
            "75": [
                1630,
                4838
            ],
            "76": [
                4658,
                1629
            ],
            "77": [
                1659
            ],