{
    "config": "N_1000-6148.295710685037s-1_A200",
    "num_vars": 107,
    "num_qubit": 197,
    "time_elapsed": 0.0299985408782959,
    "best_state": {
        "sample": [
            1,
            1,
            0,
            0,
            0,
            0,
            0,
            0,
            0,
            0,
            0,
            1,
            0,
            0,
            0,
            0,
            0,
            0,
            0,
            0,
            0,
            0,
            0,
            0,
            0,
            0,
            0,
            0,
            0,
            0,
            0,
            0,
            0,
            0,
            0,
            0,
            0,
            0,
            0,
            0,
            0,
            0,
            1,
            0,
            1,
            0,
            1,
            1,
            1,
            1,
            1,
            1,
            0,
            0,
            0,
            0,
            1,
            0,
            1,
            0,
            0,
            1,
            1,
            1,
            1,
            1,
            1,
            1,
            1,
            1,
            1,
            0,
            0,
            0,
            0,
            0,
            0,
            0,
            0,
            0,
            0,
            0,
            0,
            0,
            0,
            0,
            0,
            0,
            0,
            0,
            0,
            0,
            0,
            0,
            0,
            0,
            0,
            0,
            0,
            0,
            0,
            0,
            0,
            0,
            0,
            0,
            0
        ],
        "energy": 1292.0,
        "chain_break_fraction": 0.009345794392523364
    },
    "chain_strength_prefactor": 0.25,
    "chain_strength": 6148.295710685037,
    "max_chain_length": 4,
    "timing_info": {
        "qpu_sampling_time": 373060.0,
        "qpu_anneal_time_per_sample": 200.0,
        "qpu_readout_time_per_sample": 152.52,
        "qpu_access_time": 388819.57,
        "qpu_access_overhead_time": 1639.43,
        "qpu_programming_time": 15759.57,
        "qpu_delay_time_per_sample": 20.54,
        "total_post_processing_time": 1.0,
        "post_processing_overhead_time": 1.0
    },
    "embedding_info": {
        "embedding": {
            "41": [
                4577,
                533
            ],
            "42": [
                4471,
                4472,
                383
            ],
            "47": [
                563,
                4457,
                4456
            ],
            "43": [
                4427,
                548,
                4428
            ],
            "48": [
                4562,
                428,
                427
            ],
            "44": [
                443,
                442,
                4366
            ],
            "49": [
                4412,
                4411,
                472
            ],
            "45": [
                517,
                4367,
                518
            ],
            "50": [
                487,
                488
            ],
            "46": [
                4517,
                4516
            ],
            "51": [
                4486,
                503,
                4485
            ],
            "52": [
                413,
                4441,
                4442
            ],
            "53": [
                4322,
                337,
                4321,
                338
            ],
            "54": [
                577,
                4337,
                578
            ],
            "55": [
                4501,
                4502
            ],
            "56": [
                4396,
                4397,
                352,
                351
            ],
            "57": [
                532,
                4382,
                531
            ],
            "58": [
                307,
                4351,
                4352,
                398
            ],
            "59": [
                4306,
                502
            ],
            "60": [
                368,
                367
            ],
            "61": [
                4291,
                457,
                458
            ],
            "7": [
                728
            ],
            "19": [
                682,
                683,
                4262
            ],
            "8": [
                4365
            ],
            "24": [
                4622,
                4621
            ],
            "9": [
                4307
            ],
            "30": [
                4682,
                519,
                549
            ],
            "10": [
                4515
            ],
            "36": [
                4606,
                293
            ],
            "11": [
                4458
            ],
            "15": [
                4487
            ],
            "12": [
                4426
            ],
            "25": [
                4636,
                4637,
                473
            ],
            "13": [
                562,
                4247
            ],
            "31": [
                4547
            ],
            "14": [
                4470
            ],
            "37": [
                278
            ],
            "16": [
                607
            ],
            "20": [
                652,
                4368
            ],
            "17": [
                4231
            ],
            "26": [
                4323
            ],
            "18": [
                4187
            ],
            "32": [
                697,
                4248
            ],
            "21": [
                411,
                4126,
                4022
            ],
            "27": [
                4082,
                4081,
                440
            ],
            "22": [
                4052,
                4051
            ],
            "33": [
                3992,
                530
            ],
            "23": [
                216,
                4290,
                217
            ],
            "38": [
                276,
                275,
                4260
            ],
            "28": [
                4156,
                396,
                397
            ],
            "34": [
                501,
                4142
            ],
            "29": [
                4201
            ],
            "39": [
                4186
            ],
            "35": [
                4261,
                456
            ],
            "40": [
                412
            ],
            "0": [
                669,
                668
            ],
            "62": [
                684
            ],
            "63": [
                579,
                4608
            ],
            "64": [
                4607
            ],
            "1": [
                623
            ],
            "66": [
                608
            ],
            "67": [
                4532
            ],
            "68": [
                4546,
                4531
            ],
            "2": [
                4443
            ],
            "70": [
                802
            ],
            "71": [
                4338
            ],
            "72": [
                712
            ],
            "3": [
                743
            ],
            "74": [
                4413
            ],
            "75": [
                622,
                621,
                620
            ],
            "76": [
                4006,
                4007
            ],
            "77": [
                3991
            ],