{
    "config": "N_1000-7839.189798100452s-1_A200",
    "num_vars": 109,
    "num_qubit": 205,
    "time_elapsed": 0.026007413864135742,
    "best_state": {
        "sample": [
            0,
            1,
            0,
            0,
            0,
            0,
            0,
            0,
            0,
            0,
            0,
            0,
            0,
            0,
            0,
            0,
            0,
            0,
            0,
            0,
            1,
            1,
            1,
            0,
            0,
            0,
            0,
            1,
            0,
            0,
            0,
            0,
            0,
            0,
            0,
            0,
            0,
            0,
            0,
            0,
            0,
            0,
            1,
            1,
            0,
            1,
            1,
            1,
            1,
            0,
            0,
            0,
            0,
            0,
            0,
            0,
            0,
            1,
            1,
            1,
            1,
            0,
            0,
            0,
            1,
            1,
            1,
            0,
            1,
            1,
            0,
            0,
            1,
            1,
            1,
            1,
            1,
            1,
            1,
            1,
            1,
            1,
            0,
            0,
            0,
            1,
            1,
            1,
            0,
            1,
            1,
            1,
            0,
            0,
            0,
            0,
            0,
            0,
            0,
            0,
            0,
            0,
            0,
            0,
            0,
            0,
            0,
            0,
            0
        ],
        "energy": 2385.0,
        "chain_break_fraction": 0.01834862385321101
    },
    "chain_strength_prefactor": 0.2,
    "chain_strength": 7839.189798100452,
    "max_chain_length": 4,
    "timing_info": {
        "qpu_sampling_time": 336940.0,
        "qpu_anneal_time_per_sample": 200.0,
        "qpu_readout_time_per_sample": 116.4,
        "qpu_access_time": 352864.77,
        "qpu_access_overhead_time": 1494.23,
        "qpu_programming_time": 15924.77,
        "qpu_delay_time_per_sample": 20.54,
        "total_post_processing_time": 11.0,
        "post_processing_overhead_time": 11.0
    },
    "embedding_info": {
        "embedding": {
            "42": [
                1526,
                1525,
                5108
            ],
            "43": [
                5109,
                1662,
                1661
            ],
            "48": [
                5018,
                5017,
                1721
            ],
            "44": [
                5093,
                5092,
                1616
            ],
            "49": [
                4973,
                1481,
                4972
            ],
            "45": [
                5032,
                5033,
                1421
            ],
            "50": [
                1466,
                4913,
                4912
            ],
            "46": [
                4958,
                4957,
                4959
            ],
            "51": [
                1600,
                1601
            ],
            "47": [
                1571,
                1570,
                5063
            ],
            "52": [
                1585,
                4868,
                1586
            ],
            "53": [
                5048,
                1646
            ],
            "54": [
                1676,
                4929
            ],
            "55": [
                1690,
                1691,
                4853
            ],
            "56": [
                4943,
                4944,
                1631
            ],
            "57": [
                5002,
                5003
            ],
            "58": [
                4987,
                4988,
                1451
            ],
            "59": [
                1540,
                1541
            ],
            "60": [
                1555,
                1554,
                4898,
                1556
            ],
            "61": [
                1496,
                4928,
                1495,
                4763
            ],
            "62": [
                4882,
                4883,
                1510
            ],
            "4": [
                5183,
                5182
            ],
            "10": [
                1647
            ],
            "5": [
                5198
            ],
            "15": [
                5228
            ],
            "6": [
                1331,
                5091
            ],
            "20": [
                1497
            ],
            "7": [
                1856,
                5034
            ],
            "25": [
                5152,
                1422
            ],
            "8": [
                4960
            ],
            "31": [
                1436,
                5107,
                1437
            ],
            "9": [
                4778
            ],
            "36": [
                1572
            ],
            "11": [
                1722
            ],
            "16": [
                5168
            ],
            "12": [
                1301
            ],
            "21": [
                1483,
                1482
            ],
            "13": [
                4914
            ],
            "26": [
                1467
            ],
            "14": [
                4793
            ],
            "37": [
                1587
            ],
            "17": [
                1795
            ],
            "27": [
                5138,
                5139,
                1677
            ],
            "18": [
                4854
            ],
            "32": [
                5078,
                5077,
                5079
            ],
            "19": [
                4733,
                1614,
                1615
            ],
            "38": [
                1827,
                1826,
                4974
            ],
            "22": [
                1766,
                1765,
                4794
            ],
            "28": [
                1241,
                5001
            ],
            "23": [
                4869,
                1720,
                1719
            ],
            "33": [
                4942
            ],
            "24": [
                1539,
                4657
            ],
            "39": [
                4837,
                4838
            ],
            "29": [
                4672,
                4673,
                1764
            ],
            "34": [
                4703,
                4702
            ],
            "30": [
                1584
            ],
            "40": [
                4658,
                1599
            ],
            "35": [
                1644,
                4568,
                1645
            ],
            "41": [
                1675,
                1674
            ],
            "63": [
                5242,
                5243
            ],
            "64": [
                5227
            ],
            "65": [
                1452
            ],
            "66": [
                5167
            ],
            "68": [
                5288,
                1617
            ],
            "69": [
                5197,
                1542
            ],
            "70": [
                5212
            ],
            "0": [
                5213
            ],
            "72": [
                1737
            ],
            "73": [
                5304,
                1797
            ],
            "74": [
                1812,
                5229
            ],