{
    "config": "N_1000-9798.987247625566s-1_A200",
    "num_vars": 109,
    "num_qubit": 203,
    "time_elapsed": 0.03697824478149414,
    "best_state": {
        "sample": [
            1,
            0,
            0,
            0,
            0,
            0,
            0,
            0,
            0,
            0,
            1,
            0,
            0,
            0,
            0,
            0,
            0,
            0,
            1,
            0,
            0,
            0,
            0,
            0,
            0,
            0,
            0,
            0,
            0,
            0,
            0,
            0,
            1,
            0,
            0,
            0,
            0,
            0,
            0,
            0,
            0,
            0,
            0,
            0,
            0,
            1,
            0,
            1,
            0,
            1,
            1,
            0,
            1,
            1,
            1,
            1,
            1,
            1,
            0,
            1,
            0,
            0,
            1,
            1,
            1,
            1,
            1,
            0,
            0,
            0,
            1,
            1,
            1,
            1,
            0,
            0,
            0,
            0,
            0,
            0,
            0,
            0,
            0,
            0,
            0,
            0,
            0,
            0,
            0,
            0,
            0,
            0,
            0,
            1,
            1,
            1,
            1,
            1,
            1,
            1,
            1,
            0,
            0,
            0,
            0,
            0,
            0,
            0,
            0
        ],
        "energy": 2365.0,
        "chain_break_fraction": 0.009174311926605505
    },
    "chain_strength_prefactor": 0.25,
    "chain_strength": 9798.987247625566,
    "max_chain_length": 4,
    "timing_info": {
        "qpu_sampling_time": 291600.0,
        "qpu_anneal_time_per_sample": 200.0,
        "qpu_readout_time_per_sample": 71.06,
        "qpu_access_time": 307523.57,
        "qpu_access_overhead_time": 2078.43,
        "qpu_programming_time": 15923.57,
        "qpu_delay_time_per_sample": 20.54,
        "total_post_processing_time": 280.0,
        "post_processing_overhead_time": 280.0
    },
    "embedding_info": {
        "embedding": {
            "42": [
                3849,
                3848,
                1714
            ],
            "43": [
                3969,
                3968,
                1805
            ],
            "48": [
                1759,
                1760,
                3714
            ],
            "44": [
                1579,
                3727,
                1580,
                1578
            ],
            "49": [
                3773,
                3772,
                1699
            ],
            "45": [
                3864,
                1684,
                3863
            ],
            "50": [
                1594,
                3788,
                1669
            ],
            "46": [
                1625,
                3983,
                3953
            ],
            "51": [
                1670,
                3879
            ],
            "47": [
                1534,
                1535,
                1533
            ],
            "52": [
                3893,
                3894,
                1595
            ],
            "53": [
                3728,
                1639,
                1640
            ],
            "54": [
                1609,
                3758,
                1610
            ],
            "55": [
                1655,
                1654
            ],
            "56": [
                1565,
                3907,
                3908
            ],
            "57": [
                3698,
                1548,
                1549
            ],
            "58": [
                3833,
                3832,
                1369
            ],
            "59": [
                1474,
                1475,
                3683
            ],
            "60": [
                3818,
                3817
            ],
            "61": [
                3757,
                1519,
                1564
            ],
            "62": [
                3922,
                3923,
                1490
            ],
            "4": [
                1713
            ],
            "10": [
                3819
            ],
            "5": [
                1806
            ],
            "15": [
                3834
            ],
            "6": [
                3561,
                3562
            ],
            "20": [
                3638,
                3639,
                1834
            ],
            "7": [
                1683
            ],
            "25": [
                3865,
                1879
            ],
            "8": [
                3954
            ],
            "31": [
                1730
            ],
            "9": [
                3667,
                3668
            ],
            "37": [
                3998
            ],
            "11": [
                4029
            ],
            "16": [
                1728
            ],
            "12": [
                3771
            ],
            "21": [
                1698
            ],
            "13": [
                1593
            ],
            "26": [
                3789
            ],
            "14": [
                1790
            ],
            "32": [
                1820,
                3984
            ],
            "17": [
                1608
            ],
            "27": [
                3743,
                1744,
                1745
            ],
            "18": [
                1653,
                3519
            ],
            "33": [
                4059,
                1656
            ],
            "19": [
                1338,
                1339,
                3906
            ],
            "38": [
                4013
            ],
            "22": [
                3578,
                3577,
                1638
            ],
            "28": [
                1384,
                3697
            ],
            "23": [
                3622,
                1488,
                1368
            ],
            "34": [
                1370,
                3967,
                4072
            ],
            "24": [
                3636,
                3637
            ],
            "39": [
                3937,
                3936
            ],
            "29": [
                1429,
                1428
            ],
            "35": [
                1504,
                1505,
                1503
            ],
            "30": [
                3712,
                3713
            ],
            "40": [
                1460,
                1459
            ],
            "36": [
                1385,
                3921
            ],
            "41": [
                1430
            ],
            "63": [
                3759,
                1789
            ],
            "64": [
                3774,
                1894
            ],
            "65": [
                1865,
                4014,
                1864
            ],
            "66": [
                3999
            ],
            "68": [
                3669
            ],
            "69": [
                3699,
                1804
            ],
            "70": [
                1819
            ],
            "0": [
                4089
            ],
            "72": [
                1821
            ],
            "73": [
                4044
            ],
            "74": [
                3938,
                1700
            ],