{
    "config": "N_1000-17638.177045726017s-1_A200",
    "num_vars": 109,
    "num_qubit": 203,
    "time_elapsed": 0.030333280563354492,
    "best_state": {
        "sample": [
            0,
            0,
            1,
            0,
            0,
            0,
            0,
            0,
            0,
            0,
            0,
            0,
            0,
            0,
            0,
            0,
            0,
            0,
            0,
            0,
            1,
            0,
            0,
            0,
            0,
            0,
            1,
            1,
            1,
            0,
            0,
            0,
            0,
            0,
            0,
            0,
            0,
            0,
            0,
            0,
            0,
            0,
            0,
            0,
            0,
            0,
            0,
            0,
            1,
            1,
            0,
            1,
            1,
            0,
            0,
            1,
            1,
            0,
            1,
            1,
            1,
            1,
            0,
            0,
            1,
            1,
            1,
            0,
            1,
            1,
            0,
            0,
            0,
            1,
            0,
            0,
            1,
            1,
            1,
            1,
            1,
            1,
            1,
            1,
            1,
            1,
            1,
            1,
            1,
            1,
            1,
            1,
            0,
            0,
            0,
            0,
            0,
            0,
            0,
            0,
            0,
            0,
            0,
            0,
            0,
            0,
            0,
            0,
            0
        ],
        "energy": 2443.0,
        "chain_break_fraction": 0.0
    },
    "chain_strength_prefactor": 0.45,
    "chain_strength": 17638.177045726017,
    "max_chain_length": 4,
    "timing_info": {
        "qpu_sampling_time": 334620.0,
        "qpu_anneal_time_per_sample": 200.0,
        "qpu_readout_time_per_sample": 114.08,
        "qpu_access_time": 350543.57,
        "qpu_access_overhead_time": 1458.43,
        "qpu_programming_time": 15923.57,
        "qpu_delay_time_per_sample": 20.54,
        "total_post_processing_time": 61.0,
        "post_processing_overhead_time": 61.0
    },
    "embedding_info": {
        "embedding": {
            "42": [
                4535,
                1043,
                1119
            ],
            "43": [
                4669,
                1134,
                4670,
                4581
            ],
            "48": [
                4580,
                954,
                1073
            ],
            "44": [
                909,
                4534,
                908
            ],
            "49": [
                983,
                4565
            ],
            "45": [
                1028,
                1029,
                4459
            ],
            "50": [
                998,
                4489
            ],
            "46": [
                4520,
                1103,
                1104,
                4519
            ],
            "51": [
                1013,
                4505,
                4474
            ],
            "47": [
                4655,
                4654,
                1179
            ],
            "52": [
                4550,
                1089
            ],
            "53": [
                939
            ],
            "54": [
                924,
                923,
                4699
            ],
            "55": [
                4610,
                4609,
                4611
            ],
            "56": [
                4640,
                1074,
                4639
            ],
            "57": [
                1044,
                4624
            ],
            "58": [
                4594,
                864,
                4595
            ],
            "59": [
                4684,
                4685,
                984
            ],
            "60": [
                969,
                968,
                4745
            ],
            "61": [
                4700,
                999
            ],
            "62": [
                1058,
                4730,
                1059
            ],
            "4": [
                4430
            ],
            "10": [
                1253,
                4536
            ],
            "5": [
                1223,
                1222
            ],
            "15": [
                1238
            ],
            "6": [
                4533
            ],
            "20": [
                4445,
                4444,
                1208
            ],
            "7": [
                4458
            ],
            "25": [
                4340,
                1027
            ],
            "8": [
                863
            ],
            "31": [
                4460,
                1147
            ],
            "9": [
                5000,
                1180
            ],
            "37": [
                1178
            ],
            "11": [
                1072
            ],
            "16": [
                4415
            ],
            "12": [
                4488
            ],
            "26": [
                997
            ],
            "13": [
                4473
            ],
            "32": [
                1118
            ],
            "14": [
                1091,
                1090
            ],
            "38": [
                4490,
                1163
            ],
            "17": [
                4549
            ],
            "21": [
                938,
                4504
            ],
            "18": [
                834
            ],
            "27": [
                892,
                4384
            ],
            "19": [
                774
            ],
            "33": [
                1283,
                1284
            ],
            "22": [
                879,
                880
            ],
            "28": [
                4623,
                699,
                700
            ],
            "23": [
                4744
            ],
            "34": [
                865,
                4894,
                4895,
                4896
            ],
            "24": [
                970,
                985
            ],
            "39": [
                4760,
                940,
                1105
            ],
            "29": [
                1014,
                4819
            ],
            "35": [
                4775,
                4776
            ],
            "30": [
                4940,
                1000
            ],
            "40": [
                4790,
                1075
            ],
            "36": [
                1120
            ],
            "41": [
                1164
            ],
            "63": [
                4416
            ],
            "64": [
                1162
            ],
            "65": [
                4325,
                4326
            ],
            "66": [
                1177
            ],
            "68": [
                1012
            ],
            "69": [
                4370
            ],
            "70": [
                1133
            ],
            "0": [
                1207
            ],
            "72": [
                4295
            ],
            "73": [
                4400,
                1057
            ],
            "74": [
                4354,
                982
            ],
            "75": [
                4386,
                4385
            ],
            "1": [
                653
            ],
            "77": [
                4548
            ],