{
    "config": "N_1000-17193.342048786053s-1_A200",
    "num_vars": 119,
    "num_qubit": 219,
    "time_elapsed": 0.08764505386352539,
    "best_state": {
        "sample": [
            0,
            0,
            0,
            1,
            0,
            0,
            0,
            0,
            0,
            0,
            1,
            1,
            0,
            0,
            0,
            0,
            0,
            0,
            0,
            0,
            0,
            0,
            0,
            1,
            0,
            0,
            0,
            0,
            0,
            0,
            0,
            0,
            0,
            0,
            0,
            0,
            0,
            0,
            0,
            0,
            0,
            0,
            0,
            1,
            0,
            0,
            0,
            1,
            0,
            0,
            0,
            0,
            1,
            0,
            0,
            0,
            0,
            0,
            0,
            0,
            0,
            0,
            0,
            0,
            1,
            1,
            1,
            1,
            1,
            1,
            1,
            1,
            0,
            1,
            1,
            1,
            1,
            1,
            1,
            1,
            0,
            0,
            0,
            0,
            0,
            1,
            1,
            1,
            1,
            1,
            0,
            0,
            0,
            0,
            0,
            0,
            0,
            0,
            0,
            0,
            0,
            0,
            0,
            0,
            0,
            0,
            0,
            0,
            0,
            1,
            1,
            1,
            1,
            1,
            1,
            0,
            0,
            1,
            1
        ],
        "energy": 3475.0,
        "chain_break_fraction": 0.0
    },
    "chain_strength": 17193.342048786053,
    "max_chain_length": 4,
    "timing_info": {
        "qpu_sampling_time": 330160.0,
        "qpu_anneal_time_per_sample": 200.0,
        "qpu_readout_time_per_sample": 109.62,
        "qpu_access_time": 346087.97,
        "qpu_access_overhead_time": 1125.03,
        "qpu_programming_time": 15927.97,
        "qpu_delay_time_per_sample": 20.54,
        "total_post_processing_time": 58.0,
        "post_processing_overhead_time": 58.0
    },
    "embedding_info": {
        "embedding": {
            "46": [
                1687,
                4389,
                4328
            ],
            "47": [
                4298,
                1657,
                4299
            ],
            "52": [
                1793,
                1792,
                4479
            ],
            "48": [
                4269,
                1777,
                1778
            ],
            "53": [
                4464,
                1823
            ],
            "49": [
                4283,
                1747,
                4284
            ],
            "54": [
                4313,
                4314,
                1897
            ],
            "50": [
                4404,
                4405,
                1762
            ],
            "55": [
                1988,
                4420,
                4419,
                1987
            ],
            "51": [
                4359,
                1882,
                1808
            ],
            "56": [
                4329,
                1868,
                1867
            ],
            "57": [
                1942,
                1943,
                4240
            ],
            "58": [
                1852,
                1853,
                1851,
                4255
            ],
            "59": [
                1837,
                1838
            ],
            "60": [
                4449,
                1912,
                4450
            ],
            "61": [
                1928,
                1927,
                4525
            ],
            "62": [
                4374,
                4375,
                2062
            ],
            "63": [
                4495,
                4494,
                2003
            ],
            "64": [
                4345,
                4344,
                1972
            ],
            "65": [
                4330,
                4285,
                1957,
                4360
            ],
            "66": [
                4390,
                4391
            ],
            "4": [
                1688
            ],
            "10": [
                1686
            ],
            "5": [
                4224
            ],
            "16": [
                4193
            ],
            "6": [
                1779
            ],
            "22": [
                4268,
                1642
            ],
            "7": [
                1911
            ],
            "28": [
                1596,
                1597
            ],
            "8": [
                1761
            ],
            "34": [
                1658,
                4373,
                1659
            ],
            "9": [
                1809
            ],
            "40": [
                1763,
                4434
            ],
            "11": [
                1791
            ],
            "17": [
                4478
            ],
            "12": [
                4674,
                1824
            ],
            "23": [
                4463,
                1643,
                1717
            ],
            "13": [
                1896
            ],
            "29": [
                1612,
                1613,
                1611
            ],
            "14": [
                4059,
                4060,
                1986
            ],
            "35": [
                1673,
                1674
            ],
            "15": [
                4615
            ],
            "41": [
                4509
            ],
            "18": [
                1944
            ],
            "24": [
                4179,
                1866
            ],
            "19": [
                4134
            ],
            "30": [
                4149,
                4150,
                1881
            ],
            "20": [
                1971,
                4225
            ],
            "36": [
                1718,
                4524
            ],
            "21": [
                1958
            ],
            "42": [
                1913,
                4570
            ],
            "25": [
                1926
            ],
            "31": [
                2018,
                2017,
                2019
            ],
            "26": [
                4120,
                2061
            ],
            "37": [
                2063,
                4571
            ],
            "27": [
                4421,
                2033
            ],
            "43": [
                2108
            ],
            "32": [
                2032
            ],
            "38": [
                4346,
                2197
            ],
            "33": [
                2076
            ],
            "44": [
                2183,
                4361
            ],
            "39": [
                2152
            ],
            "45": [
                2107
            ],
            "0": [
                4118
            ],
            "67": [
                1701
            ],
            "68": [
                4178
            ],
            "69": [
                1627,
                4223,
                1628
            ],
            "70": [
                4358
            ],
            "71": [
                1702,
                4448
            ],