{
    "config": "N_1000-449.3515327669418s-1_A200",
    "num_vars": 38,
    "num_qubit": 58,
    "time_elapsed": 0.019248008728027344,
    "best_state": {
        "sample": [
            1,
            0,
            0,
            0,
            0,
            1,
            0,
            0,
            0,
            1,
            1,
            0,
            0,
            0,
            1,
            1,
            1,
            0,
            1,
            1,
            1,
            0,
            1,
            0,
            0,
            0,
            0,
            1,
            1,
            1,
            0,
            1,
            1,
            1,
            1,
            1,
            1,
            1
        ],
        "energy": 86.0,
        "chain_break_fraction": 0.0
    },
    "chain_strength": 449.3515327669418,
    "max_chain_length": 3,
    "timing_info": {
        "qpu_sampling_time": 283040.0,
        "qpu_anneal_time_per_sample": 200.0,
        "qpu_readout_time_per_sample": 62.5,
        "qpu_access_time": 298966.77,
        "qpu_access_overhead_time": 662.23,
        "qpu_programming_time": 15926.77,
        "qpu_delay_time_per_sample": 20.54,
        "total_post_processing_time": 7.0,
        "post_processing_overhead_time": 7.0
    },
    "embedding_info": {
        "embedding": {
            "15": [
                5053,
                2501
            ],
            "16": [
                5128,
                5129
            ],
            "20": [
                2547,
                5098
            ],
            "17": [
                2441
            ],
            "21": [
                2456
            ],
            "18": [
                5037,
                5038,
                2486
            ],
            "22": [
                2516,
                5068
            ],
            "19": [
                5083,
                2532
            ],
            "23": [
                5158,
                2502,
                2517
            ],
            "24": [
                5144,
                2397,
                5143
            ],
            "25": [
                2606
            ],
            "26": [
                5159,
                2577
            ],
            "27": [
                2426,
                5113,
                5114
            ],
            "28": [
                5173,
                5172
            ],
            "29": [
                2591,
                5188
            ],
            "1": [
                4963
            ],
            "3": [
                5052
            ],
            "2": [
                5036
            ],
            "9": [
                5022,
                2351
            ],
            "4": [
                2306,
                5067
            ],
            "10": [
                4977,
                4978
            ],
            "5": [
                5248
            ],
            "12": [
                2472
            ],
            "6": [
                5233
            ],
            "7": [
                5082
            ],
            "11": [
                5112
            ],
            "8": [
                5187,
                2382
            ],
            "14": [
                2367
            ],
            "31": [
                2471
            ],
            "33": [
                2352
            ],
            "0": [
                5021
            ],
            "34": [
                2291
            ],
            "35": [
                5097
            ],
            "36": [
                2321
            ],
            "38": [
                2487
            ],
            "39": [
                5202
            ],
            "37": [
                2336
            ],
            "40": [
                5217
            ]
        },
        "chain_break_method": "majority_vote",
        "embedding_parameters": {},
        "chain_strength": 449.3515327669418
    }
}