{
    "config": "N_1000-299.56768851129453s-1_A200",
    "num_vars": 38,
    "num_qubit": 58,
    "time_elapsed": 0.023866891860961914,
    "best_state": {
        "sample": [
            1,
            0,
            0,
            0,
            0,
            1,
            0,
            1,
            1,
            0,
            0,
            0,
            0,
            0,
            0,
            0,
            0,
            1,
            0,
            1,
            0,
            1,
            1,
            0,
            1,
            0,
            1,
            1,
            0,
            1,
            1,
            1,
            1,
            1,
            0,
            1,
            1,
            1
        ],
        "energy": 86.0,
        "chain_break_fraction": 0.02631578947368421
    },
    "chain_strength_prefactor": 0.2,
    "chain_strength": 299.56768851129453,
    "max_chain_length": 2,
    "timing_info": {
        "qpu_sampling_time": 273320.0,
        "qpu_anneal_time_per_sample": 200.0,
        "qpu_readout_time_per_sample": 52.78,
        "qpu_access_time": 289245.97,
        "qpu_access_overhead_time": 961.03,
        "qpu_programming_time": 15925.97,
        "qpu_delay_time_per_sample": 20.54,
        "total_post_processing_time": 38.0,
        "post_processing_overhead_time": 38.0
    },
    "embedding_info": {
        "embedding": {
            "15": [
                172,
                171
            ],
            "16": [
                4230,
                202
            ],
            "20": [
                4260,
                276
            ],
            "17": [
                96,
                4155
            ],
            "21": [
                156,
                157
            ],
            "18": [
                4246,
                4245
            ],
            "22": [
                217,
                4275
            ],
            "19": [
                111,
                4140
            ],
            "23": [
                4201,
                4200
            ],
            "24": [
                4216,
                4215
            ],
            "25": [
                4231,
                382
            ],
            "26": [
                4170,
                232
            ],
            "27": [
                4110,
                261
            ],
            "28": [
                4185,
                126
            ],
            "29": [
                246,
                245
            ],
            "1": [
                4125
            ],
            "3": [
                4065
            ],
            "2": [
                95
            ],
            "7": [
                201
            ],
            "4": [
                155
            ],
            "8": [
                4095,
                186
            ],
            "5": [
                306
            ],
            "12": [
                336,
                4141
            ],
            "6": [
                4171
            ],
            "9": [
                231,
                4080
            ],
            "10": [
                3930,
                260
            ],
            "11": [
                4051
            ],
            "14": [
                4036
            ],
            "31": [
                321
            ],
            "0": [
                110
            ],
            "33": [
                3975
            ],
            "34": [
                170
            ],
            "35": [
                3990
            ],
            "37": [
                275
            ],
            "38": [
                4066,
                351
            ],
            "39": [
                381
            ],
            "36": [
                4005
            ],
            "40": [
                366
            ]
        },
        "chain_break_method": "majority_vote",
        "embedding_parameters": {},
        "chain_strength": 299.56768851129453
    }
}