{
    "config": "N_1000-374.4596106391182s-1_A200",
    "num_vars": 38,
    "num_qubit": 59,
    "time_elapsed": 0.014428377151489258,
    "best_state": {
        "sample": [
            1,
            0,
            0,
            0,
            1,
            0,
            0,
            0,
            0,
            1,
            1,
            0,
            0,
            0,
            0,
            0,
            0,
            0,
            1,
            1,
            1,
            0,
            1,
            0,
            0,
            1,
            0,
            1,
            1,
            0,
            1,
            1,
            1,
            1,
            1,
            1,
            1,
            0
        ],
        "energy": 86.0,
        "chain_break_fraction": 0.02631578947368421
    },
    "chain_strength_prefactor": 0.25,
    "chain_strength": 374.4596106391182,
    "max_chain_length": 2,
    "timing_info": {
        "qpu_sampling_time": 317860.0,
        "qpu_anneal_time_per_sample": 200.0,
        "qpu_readout_time_per_sample": 97.32,
        "qpu_access_time": 333786.77,
        "qpu_access_overhead_time": 2608.23,
        "qpu_programming_time": 15926.77,
        "qpu_delay_time_per_sample": 20.54,
        "total_post_processing_time": 1.0,
        "post_processing_overhead_time": 1.0
    },
    "embedding_info": {
        "embedding": {
            "15": [
                2154,
                4676
            ],
            "16": [
                2304
            ],
            "20": [
                4737,
                2259
            ],
            "17": [
                4722,
                4721
            ],
            "21": [
                4736,
                2200
            ],
            "18": [
                4661,
                2274
            ],
            "22": [
                4782,
                2244
            ],
            "19": [
                2289,
                2290
            ],
            "23": [
                4811,
                2155
            ],
            "24": [
                2215,
                4767
            ],
            "25": [
                2350,
                4752
            ],
            "26": [
                2305,
                4797
            ],
            "27": [
                2229,
                2230
            ],
            "28": [
                2170,
                4856
            ],
            "29": [
                4826,
                4827
            ],
            "1": [
                4691
            ],
            "3": [
                4631
            ],
            "2": [
                4660
            ],
            "10": [
                2169,
                4601
            ],
            "4": [
                2139
            ],
            "7": [
                2094
            ],
            "5": [
                4781
            ],
            "11": [
                4706
            ],
            "6": [
                4766
            ],
            "9": [
                4871,
                2080
            ],
            "13": [
                4841,
                2245
            ],
            "12": [
                2125,
                4825
            ],
            "14": [
                2140
            ],
            "31": [
                2079
            ],
            "33": [
                2185,
                4751
            ],
            "34": [
                4886
            ],
            "0": [
                4675
            ],
            "36": [
                2064
            ],
            "37": [
                4796
            ],
            "38": [
                2110,
                4946
            ],
            "40": [
                4916
            ],
            "35": [
                2095
            ],
            "39": [
                2109,
                2124
            ]
        },
        "chain_break_method": "majority_vote",
        "embedding_parameters": {},
        "chain_strength": 374.4596106391182
    }
}