{
    "config": "N_1000-524.2434548947655s-1_A200",
    "num_vars": 38,
    "num_qubit": 58,
    "time_elapsed": 0.026001930236816406,
    "best_state": {
        "sample": [
            1,
            0,
            0,
            0,
            0,
            1,
            0,
            1,
            1,
            0,
            0,
            0,
            0,
            0,
            0,
            1,
            0,
            1,
            0,
            1,
            0,
            1,
            0,
            0,
            0,
            0,
            1,
            0,
            0,
            1,
            1,
            1,
            1,
            1,
            1,
            1,
            1,
            0
        ],
        "energy": 86.0,
        "chain_break_fraction": 0.0
    },
    "chain_strength_prefactor": 0.35,
    "chain_strength": 524.2434548947655,
    "max_chain_length": 3,
    "timing_info": {
        "qpu_sampling_time": 280540.0,
        "qpu_anneal_time_per_sample": 200.0,
        "qpu_readout_time_per_sample": 60.0,
        "qpu_access_time": 296467.97,
        "qpu_access_overhead_time": 2130.03,
        "qpu_programming_time": 15927.97,
        "qpu_delay_time_per_sample": 20.54,
        "total_post_processing_time": 6.0,
        "post_processing_overhead_time": 6.0
    },
    "embedding_info": {
        "embedding": {
            "15": [
                1911,
                1910,
                4119
            ],
            "16": [
                2016,
                4015
            ],
            "20": [
                4104,
                4105
            ],
            "17": [
                4120,
                2031
            ],
            "21": [
                4196,
                2121,
                4195
            ],
            "18": [
                1986,
                4075
            ],
            "22": [
                1895,
                4030,
                1896
            ],
            "19": [
                4150
            ],
            "23": [
                4060,
                1926
            ],
            "24": [
                4090
            ],
            "25": [
                2045,
                4000
            ],
            "26": [
                2001
            ],
            "27": [
                1970,
                1971
            ],
            "28": [
                1956,
                4135
            ],
            "29": [
                4165,
                2046
            ],
            "1": [
                4180
            ],
            "3": [
                4284
            ],
            "2": [
                2032
            ],
            "7": [
                4285,
                2061
            ],
            "4": [
                2182
            ],
            "8": [
                2002
            ],
            "5": [
                4031
            ],
            "10": [
                4225
            ],
            "6": [
                4046
            ],
            "9": [
                2091
            ],
            "13": [
                2076
            ],
            "12": [
                4211
            ],
            "14": [
                4166
            ],
            "31": [
                1987
            ],
            "0": [
                2017
            ],
            "33": [
                4241
            ],
            "34": [
                2167,
                4181
            ],
            "35": [
                4256
            ],
            "37": [
                4076,
                2181
            ],
            "38": [
                2106
            ],
            "40": [
                4151,
                2151
            ],
            "36": [
                4270,
                2107
            ],
            "39": [
                4226
            ]
        },
        "chain_break_method": "majority_vote",
        "embedding_parameters": {},
        "chain_strength": 524.2434548947655
    }
}