{
    "config": "N_1000-599.1353770225891s-1_A200",
    "num_vars": 38,
    "num_qubit": 56,
    "time_elapsed": 0.031374454498291016,
    "best_state": {
        "sample": [
            1,
            0,
            0,
            0,
            0,
            1,
            0,
            0,
            0,
            1,
            1,
            0,
            0,
            0,
            0,
            1,
            1,
            0,
            1,
            1,
            1,
            0,
            1,
            0,
            0,
            0,
            0,
            1,
            1,
            1,
            0,
            1,
            1,
            1,
            1,
            1,
            1,
            1
        ],
        "energy": 86.0,
        "chain_break_fraction": 0.0
    },
    "chain_strength_prefactor": 0.4,
    "chain_strength": 599.1353770225891,
    "max_chain_length": 3,
    "timing_info": {
        "qpu_sampling_time": 373940.0,
        "qpu_anneal_time_per_sample": 200.0,
        "qpu_readout_time_per_sample": 153.4,
        "qpu_access_time": 389696.77,
        "qpu_access_overhead_time": 3131.23,
        "qpu_programming_time": 15756.77,
        "qpu_delay_time_per_sample": 20.54,
        "total_post_processing_time": 193.0,
        "post_processing_overhead_time": 193.0
    },
    "embedding_info": {
        "embedding": {
            "15": [
                197,
                3405
            ],
            "16": [
                3286,
                346,
                3285
            ],
            "20": [
                227
            ],
            "17": [
                3301,
                3300
            ],
            "21": [
                3390,
                212
            ],
            "18": [
                3420,
                182,
                3421
            ],
            "22": [
                167,
                3375
            ],
            "19": [
                302,
                301
            ],
            "23": [
                317,
                3346
            ],
            "24": [
                3316
            ],
            "25": [
                256,
                3270
            ],
            "26": [
                271,
                3331
            ],
            "27": [
                241,
                242
            ],
            "28": [
                286,
                287,
                3210
            ],
            "29": [
                3360
            ],
            "1": [
                198
            ],
            "3": [
                3435
            ],
            "2": [
                92
            ],
            "9": [
                152
            ],
            "4": [
                168
            ],
            "10": [
                3480
            ],
            "5": [
                332
            ],
            "12": [
                3496
            ],
            "6": [
                347
            ],
            "7": [
                3555
            ],
            "11": [
                257
            ],
            "8": [
                272,
                3451
            ],
            "14": [
                3481
            ],
            "31": [
                3495
            ],
            "33": [
                213,
                3511
            ],
            "0": [
                107
            ],
            "34": [
                3525
            ],
            "35": [
                153
            ],
            "36": [
                3540
            ],
            "38": [
                3466
            ],
            "39": [
                363
            ],
            "37": [
                3450,
                183
            ],
            "40": [
                378
            ]
        },
        "chain_break_method": "majority_vote",
        "embedding_parameters": {},
        "chain_strength": 599.1353770225891
    }
}