{
    "config": "N_1000-7672.731082864691s-1_A200",
    "num_vars": 119,
    "num_qubit": 228,
    "time_elapsed": 0.03203916549682617,
    "best_state": {
        "sample": [
            1,
            1,
            0,
            0,
            0,
            0,
            0,
            0,
            0,
            0,
            0,
            0,
            1,
            0,
            0,
            0,
            0,
            0,
            0,
            0,
            0,
            0,
            0,
            0,
            0,
            0,
            0,
            0,
            0,
            0,
            0,
            0,
            0,
            0,
            0,
            0,
            0,
            0,
            0,
            0,
            0,
            0,
            0,
            0,
            0,
            0,
            1,
            1,
            1,
            1,
            1,
            1,
            1,
            1,
            1,
            1,
            1,
            0,
            1,
            0,
            1,
            1,
            1,
            1,
            0,
            1,
            1,
            1,
            1,
            1,
            1,
            1,
            1,
            1,
            1,
            1,
            1,
            1,
            1,
            0,
            0,
            0,
            0,
            0,
            0,
            0,
            0,
            0,
            0,
            0,
            0,
            0,
            0,
            0,
            0,
            0,
            0,
            0,
            0,
            0,
            0,
            0,
            0,
            0,
            0,
            0,
            0,
            0,
            0,
            0,
            0,
            0,
            0,
            0,
            0,
            0,
            0,
            0,
            0
        ],
        "energy": 2450.0,
        "chain_break_fraction": 0.008403361344537815
    },
    "chain_strength_prefactor": 0.25,
    "chain_strength": 7672.731082864691,
    "max_chain_length": 4,
    "timing_info": {
        "qpu_sampling_time": 285640.0,
        "qpu_anneal_time_per_sample": 200.0,
        "qpu_readout_time_per_sample": 65.1,
        "qpu_access_time": 301401.97,
        "qpu_access_overhead_time": 2787.03,
        "qpu_programming_time": 15761.97,
        "qpu_delay_time_per_sample": 20.54,
        "total_post_processing_time": 1.0,
        "post_processing_overhead_time": 1.0
    },
    "embedding_info": {
        "embedding": {
            "46": [
                3356,
                3357,
                2102
            ],
            "47": [
                3371,
                3370
            ],
            "52": [
                3401,
                3400,
                2282
            ],
            "48": [
                2161,
                2162,
                3221
            ],
            "53": [
                2101,
                3251,
                2236,
                2237
            ],
            "49": [
                2086,
                3281,
                2087
            ],
            "54": [
                2071,
                2072
            ],
            "50": [
                2131,
                2132
            ],
            "55": [
                2147,
                2146,
                3506
            ],
            "51": [
                2221,
                2220,
                3236
            ],
            "56": [
                2191,
                3266,
                2192
            ],
            "57": [
                1966,
                3206,
                3205,
                1967
            ],
            "58": [
                1982,
                3385
            ],
            "59": [
                1997,
                3445,
                3446,
                1996
            ],
            "60": [
                2177,
                3386,
                2176
            ],
            "61": [
                1981,
                3220
            ],
            "62": [
                3160,
                3161,
                1951
            ],
            "63": [
                3176,
                3177,
                3175
            ],
            "64": [
                2041,
                3341,
                3280
            ],
            "65": [
                3296,
                3295,
                2116
            ],
            "66": [
                3190,
                2040,
                3191
            ],
            "6": [
                2327
            ],
            "11": [
                2103
            ],
            "7": [
                2160
            ],
            "22": [
                3521,
                2163,
                2164
            ],
            "8": [
                3550
            ],
            "28": [
                3641,
                2088
            ],
            "9": [
                2133
            ],
            "34": [
                2222,
                3476,
                3537
            ],
            "10": [
                3086
            ],
            "40": [
                2342,
                3327
            ],
            "12": [
                3399,
                1877,
                3564
            ],
            "17": [
                2267
            ],
            "13": [
                2100
            ],
            "23": [
                3566
            ],
            "14": [
                3415
            ],
            "29": [
                2073
            ],
            "15": [
                2028
            ],
            "35": [
                3461
            ],
            "16": [
                3101
            ],
            "41": [
                2207
            ],
            "18": [
                1965
            ],
            "24": [
                3520,
                1968
            ],
            "19": [
                3430
            ],
            "30": [
                1983,
                3535
            ],
            "20": [
                3444,
                1712
            ],
            "36": [
                1952,
                3340
            ],
            "21": [
                3131
            ],
            "42": [
                3326,
                3325
            ],
            "25": [
                3219,
                1861
            ],
            "31": [
                1846,
                1847,
                3145
            ],
            "26": [
                1756,
                3159,
                1755
            ],
            "37": [
                1905,
                3204
            ],
            "27": [
                3265,
                2026
            ],
            "43": [
                3174,
                1786
            ],
            "32": [
                1921,
                1922,
                1920
            ],
            "38": [
                1876,
                3279,
                1875
            ],
            "33": [
                3234,
                1801,
                3235
            ],
            "44": [
                1711,
                3339,
                3294
            ],
            "39": [
                3085,
                3084
            ],
            "45": [
                3070,
                3069
            ],
            "0": [
                3686
            ],
            "67": [
                2118
            ],
            "68": [
                3656
            ],
            "69": [
                3581,
                2223,
                3582
            ],
            "70": [
                2343
            ],
            "1": [
                2312
            ],