{
    "config": "F_1000-10053.906653386037s-1_A200",
    "num_vars": 48,
    "num_qubit": 111,
    "time_elapsed": 0.01923966407775879,
    "best_state": {
        "sample": [
            0,
            1,
            0,
            0,
            0,
            0,
            0,
            0,
            0,
            0,
            0,
            0,
            0,
            0,
            0,
            0,
            0,
            0,
            1,
            1,
            1,
            0,
            0,
            1,
            0,
            1,
            1,
            0,
            0,
            0,
            0,
            0,
            0,
            1,
            0,
            0,
            0,
            0,
            0,
            0,
            0,
            0,
            0,
            1,
            0,
            1,
            1,
            0
        ],
        "energy": 2183.0,
        "chain_break_fraction": 0.041666666666666664
    },
    "chain_strength": 10053.906653386037,
    "max_chain_length": 4,
    "timing_info": {
        "qpu_sampling_time": 341020.0,
        "qpu_anneal_time_per_sample": 200.0,
        "qpu_readout_time_per_sample": 120.48,
        "qpu_access_time": 356781.97,
        "qpu_access_overhead_time": 2713.03,
        "qpu_programming_time": 15761.97,
        "qpu_delay_time_per_sample": 20.54,
        "total_post_processing_time": 1.0,
        "post_processing_overhead_time": 1.0
    },
    "embedding_info": {
        "embedding": {
            "27": [
                1071,
                4205,
                4130
            ],
            "28": [
                4220,
                1056,
                4115
            ],
            "33": [
                1011
            ],
            "29": [
                937,
                936,
                4294
            ],
            "34": [
                891,
                4129,
                892
            ],
            "30": [
                4069,
                4070,
                756
            ],
            "35": [
                1042,
                4250,
                1041
            ],
            "31": [
                952,
                951
            ],
            "36": [
                4144,
                4145
            ],
            "32": [
                4054,
                771,
                4055
            ],
            "37": [
                1026,
                4160
            ],
            "38": [
                4114,
                4113
            ],
            "39": [
                996,
                995
            ],
            "40": [
                4189,
                4190,
                816
            ],
            "41": [
                4174,
                861,
                4175,
                4173
            ],
            "42": [
                922,
                921,
                4279
            ],
            "43": [
                966,
                4264,
                965
            ],
            "44": [
                4159,
                906
            ],
            "45": [
                981,
                980,
                4235
            ],
            "46": [
                4098,
                4099,
                800
            ],
            "47": [
                4083,
                4084,
                846
            ],
            "5": [
                967,
                4369
            ],
            "12": [
                4354,
                4353,
                982
            ],
            "6": [
                4293,
                757
            ],
            "16": [
                711,
                712,
                4068
            ],
            "7": [
                4158
            ],
            "23": [
                4053,
                666,
                667
            ],
            "8": [
                4324
            ],
            "13": [
                4384,
                817
            ],
            "9": [
                4249,
                877,
                4248
            ],
            "17": [
                4308,
                4309
            ],
            "10": [
                4219
            ],
            "20": [
                4204
            ],
            "11": [
                636,
                4233
            ],
            "24": [
                4203,
                696
            ],
            "14": [
                862,
                4278
            ],
            "18": [
                4339,
                4338
            ],
            "15": [
                831,
                4263,
                832
            ],
            "21": [
                907,
                908,
                4234
            ],
            "19": [
                4188,
                801
            ],
            "25": [
                726,
                727
            ],
            "22": [
                741,
                742,
                4218
            ],
            "26": [
                4128,
                786,
                4127
            ],
            "0": [
                4368
            ],
            "1": [
                787
            ],
            "2": [
                847
            ],
            "3": [
                772,
                4323,
                697
            ],
            "4": [
                4143
            ]
        },
        "chain_break_method": "majority_vote",
        "embedding_parameters": {},
        "chain_strength": 10053.906653386037
    }
}