{
    "config": "N_1000-1851.1452414654016s-1_A200",
    "num_vars": 72,
    "num_qubit": 126,
    "time_elapsed": 0.018042564392089844,
    "best_state": {
        "sample": [
            1,
            0,
            0,
            0,
            0,
            0,
            0,
            1,
            0,
            0,
            0,
            0,
            0,
            0,
            0,
            0,
            0,
            0,
            0,
            0,
            0,
            1,
            0,
            1,
            1,
            0,
            0,
            1,
            1,
            1,
            1,
            1,
            1,
            1,
            1,
            0,
            0,
            1,
            0,
            0,
            0,
            0,
            0,
            0,
            1,
            0,
            1,
            1,
            1,
            1,
            0,
            0,
            0,
            0,
            0,
            0,
            0,
            0,
            0,
            0,
            0,
            0,
            0,
            1,
            1,
            1,
            1,
            1,
            1,
            0,
            1,
            1
        ],
        "energy": 316.0,
        "chain_break_fraction": 0.013888888888888888
    },
    "chain_strength": 1851.1452414654016,
    "max_chain_length": 3,
    "timing_info": {
        "qpu_sampling_time": 280740.0,
        "qpu_anneal_time_per_sample": 200.0,
        "qpu_readout_time_per_sample": 60.2,
        "qpu_access_time": 296667.97,
        "qpu_access_overhead_time": 2014.03,
        "qpu_programming_time": 15927.97,
        "qpu_delay_time_per_sample": 20.54,
        "total_post_processing_time": 24.0,
        "post_processing_overhead_time": 24.0
    },
    "embedding_info": {
        "embedding": {
            "27": [
                4087,
                4086
            ],
            "28": [
                4117,
                1416
            ],
            "33": [
                1431,
                4192
            ],
            "29": [
                4148,
                1581
            ],
            "34": [
                1492,
                4208,
                1491
            ],
            "30": [
                1535,
                3952,
                1536
            ],
            "35": [
                4072,
                4073,
                1355
            ],
            "31": [
                4102,
                1461,
                1462
            ],
            "36": [
                4147,
                1446
            ],
            "32": [
                1551,
                1550
            ],
            "37": [
                1477,
                1476,
                4253
            ],
            "38": [
                4132,
                4133
            ],
            "39": [
                4177,
                4178,
                1611
            ],
            "40": [
                1520,
                1521
            ],
            "41": [
                1671,
                4163,
                4162
            ],
            "42": [
                1565,
                1566
            ],
            "43": [
                1506,
                4223,
                1505
            ],
            "44": [
                1626,
                4043
            ],
            "45": [
                4028,
                4027,
                1610
            ],
            "46": [
                4058,
                1641
            ],
            "47": [
                4013,
                4012
            ],
            "5": [
                4149
            ],
            "12": [
                1701
            ],
            "6": [
                1490
            ],
            "16": [
                4282,
                4281
            ],
            "7": [
                4222
            ],
            "20": [
                4252
            ],
            "8": [
                1354
            ],
            "17": [
                1297,
                1296
            ],
            "9": [
                4146
            ],
            "21": [
                1356
            ],
            "10": [
                4118
            ],
            "13": [
                1685,
                1686
            ],
            "11": [
                1670
            ],
            "24": [
                1580,
                3998
            ],
            "14": [
                3923,
                3922
            ],
            "18": [
                3937,
                3936,
                3938
            ],
            "15": [
                1625,
                3818
            ],
            "25": [
                1595,
                3968
            ],
            "19": [
                4026
            ],
            "22": [
                1325,
                4011,
                4101
            ],
            "23": [
                1400
            ],
            "26": [
                3877,
                1415
            ],
            "0": [
                4283
            ],
            "48": [
                4268,
                4267
            ],
            "49": [
                1417
            ],
            "1": [
                1311
            ],
            "51": [
                4131
            ],
            "2": [
                4164
            ],
            "54": [
                1731
            ],
            "55": [
                1716,
                1715
            ],
            "56": [
                3953
            ],
            "57": [
                1655
            ],
            "3": [
                3817
            ],
            "60": [
                3832
            ],
            "61": [
                1460,
                3892
            ],
            "62": [
                1324,
                3921
            ],
            "63": [
                1235
            ],
            "4": [
                4207
            ],
            "66": [
                1326
            ],
            "67": [
                1266,
                4161
            ],
            "68": [
                4041,
                4042
            ],
            "69": [
                1385
            ],
            "72": [
                3982,
                3983
            ],
            "73": [
                1475,
                3967
            ],
            "58": [
                1700,
                1699
            ],
            "59": [
                3908
            ],
            "64": [
                1340,
                3996,
                1341
            ],
            "65": [
                1250
            ],
            "70": [
                1370,
                1371
            ],
            "71": [
                3951
            ],
            "74": [
                3878
            ]
        },
        "chain_break_method": "majority_vote",
        "embedding_parameters": {},
        "chain_strength": 1851.1452414654016
    }
}