{
    "config": "N_1000-12241.81316467736s-1_A200",
    "num_vars": 106,
    "num_qubit": 199,
    "time_elapsed": 0.04542350769042969,
    "best_state": {
        "sample": [
            0,
            1,
            0,
            0,
            0,
            0,
            0,
            0,
            0,
            0,
            0,
            0,
            0,
            0,
            0,
            0,
            0,
            0,
            0,
            0,
            1,
            0,
            0,
            0,
            1,
            0,
            0,
            0,
            0,
            0,
            0,
            0,
            0,
            0,
            0,
            0,
            1,
            1,
            0,
            0,
            0,
            0,
            0,
            0,
            0,
            0,
            0,
            0,
            0,
            0,
            1,
            0,
            0,
            0,
            1,
            0,
            1,
            1,
            1,
            1,
            1,
            0,
            0,
            1,
            1,
            0,
            0,
            0,
            0,
            0,
            0,
            0,
            1,
            1,
            1,
            1,
            1,
            1,
            1,
            1,
            0,
            0,
            0,
            0,
            0,
            0,
            0,
            0,
            0,
            0,
            0,
            0,
            0,
            0,
            0,
            0,
            0,
            0,
            0,
            0,
            1,
            1,
            1,
            1,
            1,
            1
        ],
        "energy": 1942.0,
        "chain_break_fraction": 0.0
    },
    "chain_strength_prefactor": 0.3,
    "chain_strength": 12241.81316467736,
    "max_chain_length": 4,
    "timing_info": {
        "qpu_sampling_time": 347060.0,
        "qpu_anneal_time_per_sample": 200.0,
        "qpu_readout_time_per_sample": 126.52,
        "qpu_access_time": 362821.17,
        "qpu_access_overhead_time": 2188.83,
        "qpu_programming_time": 15761.17,
        "qpu_delay_time_per_sample": 20.54,
        "total_post_processing_time": 1.0,
        "post_processing_overhead_time": 1.0
    },
    "embedding_info": {
        "embedding": {
            "41": [
                4523,
                4522,
                1583
            ],
            "42": [
                4418,
                4419,
                4417
            ],
            "47": [
                4433,
                4432
            ],
            "43": [
                1448,
                1449
            ],
            "48": [
                4447,
                1537,
                4446
            ],
            "44": [
                4492,
                4493,
                1628
            ],
            "49": [
                1507,
                1508,
                4388
            ],
            "45": [
                4358,
                4357,
                1673
            ],
            "50": [
                1567,
                1568
            ],
            "46": [
                4507,
                1658,
                4508
            ],
            "51": [
                1492,
                1493,
                4282
            ],
            "52": [
                1462,
                1463
            ],
            "53": [
                1552,
                4373,
                4297
            ],
            "54": [
                1522,
                4312,
                1521
            ],
            "55": [
                4178,
                1642,
                1643,
                4177
            ],
            "56": [
                1433,
                4477,
                1432
            ],
            "57": [
                4343,
                4342,
                1372,
                4387
            ],
            "58": [
                1357,
                1356,
                4372,
                1358
            ],
            "59": [
                4403,
                1582,
                4402
            ],
            "60": [
                1477,
                1478
            ],
            "61": [
                4327,
                4328,
                1702,
                1703
            ],
            "5": [
                4521
            ],
            "10": [
                4524
            ],
            "6": [
                1717
            ],
            "15": [
                1793
            ],
            "7": [
                4612
            ],
            "20": [
                4553,
                4552,
                4554
            ],
            "8": [
                1629
            ],
            "25": [
                1748
            ],
            "9": [
                1402
            ],
            "31": [
                1687
            ],
            "11": [
                4434
            ],
            "16": [
                1313
            ],
            "12": [
                1238,
                4551
            ],
            "21": [
                1403
            ],
            "13": [
                4613
            ],
            "26": [
                4568,
                4567,
                4569
            ],
            "14": [
                4281
            ],
            "36": [
                1506,
                4267
            ],
            "17": [
                1553
            ],
            "27": [
                4374,
                1867
            ],
            "18": [
                1447
            ],
            "32": [
                4313,
                1747
            ],
            "19": [
                4176,
                1191
            ],
            "37": [
                4253
            ],
            "22": [
                4537,
                4536
            ],
            "28": [
                4238,
                4237
            ],
            "23": [
                1371,
                4131
            ],
            "33": [
                4208,
                4207,
                1627
            ],
            "24": [
                4161,
                4162
            ],
            "38": [
                1355,
                4057
            ],
            "29": [
                1581
            ],
            "34": [
                1612,
                1613
            ],
            "30": [
                1611,
                4223
            ],
            "39": [
                4058,
                1476
            ],
            "35": [
                1701,
                4118
            ],
            "40": [
                1656,
                1657,
                4088
            ],
            "62": [
                4509,
                1733
            ],
            "63": [
                1763
            ],
            "64": [
                4463
            ],
            "0": [
                4506
            ],
            "66": [
                1298
            ],
            "67": [
                4491
            ],
            "68": [
                4582,
                1328
            ],
            "69": [
                1417,
                1418
            ],
            "71": [
                1732
            ],
            "72": [
                4329,
                1792
            ],
            "73": [
                4254
            ],
            "1": [
                4597
            ],
            "75": [
                1343
            ],
            "76": [
                1342,
                1341,
                4461
            ],
            "77": [
                1326,
                4116
            ],