{
    "config": "N_1000-12902.381980206519s-1_A200",
    "num_vars": 114,
    "num_qubit": 211,
    "time_elapsed": 0.026912212371826172,
    "best_state": {
        "sample": [
            1,
            1,
            0,
            0,
            0,
            0,
            0,
            0,
            0,
            0,
            0,
            0,
            1,
            0,
            0,
            0,
            0,
            0,
            0,
            0,
            0,
            0,
            0,
            0,
            0,
            0,
            0,
            0,
            0,
            0,
            0,
            0,
            0,
            0,
            0,
            0,
            0,
            0,
            0,
            0,
            0,
            0,
            0,
            0,
            1,
            1,
            1,
            1,
            1,
            1,
            1,
            1,
            1,
            1,
            0,
            1,
            0,
            1,
            0,
            0,
            1,
            0,
            1,
            0,
            0,
            1,
            1,
            1,
            1,
            1,
            1,
            1,
            1,
            1,
            1,
            1,
            1,
            0,
            0,
            0,
            0,
            0,
            0,
            0,
            0,
            0,
            0,
            0,
            0,
            0,
            0,
            0,
            0,
            0,
            0,
            0,
            0,
            0,
            0,
            0,
            0,
            0,
            0,
            0,
            0,
            0,
            0,
            0,
            0,
            0,
            0,
            0,
            0,
            0
        ],
        "energy": 2226.0,
        "chain_break_fraction": 0.0
    },
    "chain_strength_prefactor": 0.3,
    "chain_strength": 12902.381980206519,
    "max_chain_length": 4,
    "timing_info": {
        "qpu_sampling_time": 291260.0,
        "qpu_anneal_time_per_sample": 200.0,
        "qpu_readout_time_per_sample": 70.72,
        "qpu_access_time": 307186.77,
        "qpu_access_overhead_time": 1879.23,
        "qpu_programming_time": 15926.77,
        "qpu_delay_time_per_sample": 20.54,
        "total_post_processing_time": 1.0,
        "post_processing_overhead_time": 1.0
    },
    "embedding_info": {
        "embedding": {
            "44": [
                1520,
                1521,
                1519
            ],
            "45": [
                4012,
                4013
            ],
            "50": [
                4043,
                4042,
                1491
            ],
            "46": [
                4028,
                1580,
                1626
            ],
            "51": [
                3937,
                1535,
                3938
            ],
            "47": [
                3907,
                1415,
                1416
            ],
            "52": [
                1550,
                4073,
                3952
            ],
            "48": [
                1505,
                1504
            ],
            "53": [
                1475,
                1476,
                3967
            ],
            "49": [
                3892,
                3893,
                1385
            ],
            "54": [
                3878,
                1565
            ],
            "55": [
                1596,
                1595
            ],
            "56": [
                3997,
                3998,
                1370,
                1369
            ],
            "57": [
                3922,
                1430,
                3923
            ],
            "58": [
                1610,
                1609
            ],
            "59": [
                1640,
                1641,
                3908
            ],
            "60": [
                3983,
                3982,
                1655
            ],
            "61": [
                3953,
                1625
            ],
            "62": [
                3818,
                3817,
                1460
            ],
            "63": [
                3848,
                1549,
                3847
            ],
            "64": [
                1490,
                3863
            ],
            "6": [
                1522
            ],
            "11": [
                4238,
                1642
            ],
            "7": [
                4027
            ],
            "21": [
                1627,
                4328
            ],
            "8": [
                4057
            ],
            "27": [
                4177,
                4178
            ],
            "9": [
                1503
            ],
            "33": [
                4223,
                4224,
                1506
            ],
            "10": [
                1534,
                1533
            ],
            "39": [
                1790,
                3894
            ],
            "12": [
                4133,
                4132
            ],
            "16": [
                1492
            ],
            "13": [
                4102
            ],
            "22": [
                1537,
                4343,
                1536
            ],
            "14": [
                4072
            ],
            "28": [
                4267,
                1551
            ],
            "15": [
                1474
            ],
            "34": [
                4253,
                1477,
                4254
            ],
            "17": [
                1566,
                4058
            ],
            "23": [
                1611,
                4103,
                4193
            ],
            "18": [
                3996
            ],
            "29": [
                3999,
                1821,
                1822
            ],
            "19": [
                3727,
                1429
            ],
            "35": [
                3924
            ],
            "20": [
                1608
            ],
            "40": [
                3968,
                3969,
                3970
            ],
            "24": [
                4087,
                4086,
                4088
            ],
            "30": [
                4163,
                4164
            ],
            "25": [
                1699,
                1700
            ],
            "36": [
                1850,
                3984
            ],
            "26": [
                1670,
                1671,
                1669
            ],
            "41": [
                1760
            ],
            "31": [
                1864,
                3819
            ],
            "37": [
                3832,
                3833,
                1579
            ],
            "32": [
                3728,
                1594,
                3729
            ],
            "42": [
                3849,
                1684
            ],
            "38": [
                3698,
                3699,
                1624,
                1564
            ],
            "43": [
                3864
            ],
            "0": [
                4313
            ],
            "65": [
                4298
            ],
            "66": [
                1672
            ],
            "67": [
                4209,
                1686
            ],
            "68": [
                1791
            ],
            "1": [
                1507
            ],
            "70": [
                4297
            ],
            "71": [
                4312
            ],
            "72": [
                1582
            ],