{
    "config": "N_1000-1983.407017022077s-1_A200",
    "num_vars": 116,
    "num_qubit": 221,
    "time_elapsed": 0.026082515716552734,
    "best_state": {
        "sample": [
            0,
            0,
            0,
            1,
            0,
            0,
            0,
            0,
            0,
            0,
            0,
            0,
            0,
            0,
            0,
            0,
            0,
            0,
            0,
            0,
            0,
            0,
            1,
            0,
            1,
            0,
            0,
            0,
            0,
            0,
            0,
            0,
            0,
            0,
            1,
            0,
            1,
            0,
            0,
            0,
            0,
            0,
            0,
            0,
            0,
            0,
            0,
            0,
            1,
            0,
            0,
            1,
            1,
            1,
            0,
            1,
            0,
            1,
            0,
            0,
            1,
            0,
            1,
            0,
            0,
            1,
            0,
            0,
            1,
            1,
            1,
            0,
            0,
            0,
            1,
            0,
            1,
            1,
            1,
            0,
            0,
            0,
            1,
            1,
            1,
            1,
            1,
            1,
            0,
            0,
            0,
            0,
            0,
            0,
            0,
            0,
            1,
            1,
            1,
            1,
            1,
            1,
            1,
            1,
            1,
            1,
            0,
            0,
            0,
            0,
            0,
            0,
            0,
            0,
            0,
            0
        ],
        "energy": 492.0,
        "chain_break_fraction": 0.008620689655172414
    },
    "chain_strength": 1983.407017022077,
    "max_chain_length": 4,
    "timing_info": {
        "qpu_sampling_time": 337300.0,
        "qpu_anneal_time_per_sample": 200.0,
        "qpu_readout_time_per_sample": 116.76,
        "qpu_access_time": 353224.77,
        "qpu_access_overhead_time": 2142.23,
        "qpu_programming_time": 15924.77,
        "qpu_delay_time_per_sample": 20.54,
        "total_post_processing_time": 41.0,
        "post_processing_overhead_time": 41.0
    },
    "embedding_info": {
        "embedding": {
            "45": [
                549,
                550,
                4532
            ],
            "46": [
                609,
                608,
                4682
            ],
            "51": [
                564,
                565,
                4562
            ],
            "47": [
                4788,
                4787,
                4789
            ],
            "52": [
                4637,
                579,
                580
            ],
            "48": [
                4653,
                819,
                4652
            ],
            "53": [
                4667,
                4668,
                744
            ],
            "49": [
                730,
                729,
                623,
                4593
            ],
            "54": [
                4623,
                4622
            ],
            "50": [
                4697,
                624,
                4698
            ],
            "55": [
                534,
                4743,
                4742
            ],
            "56": [
                4772,
                4771,
                4773
            ],
            "57": [
                4712,
                4713,
                804,
                595
            ],
            "58": [
                4758,
                714,
                4757,
                715
            ],
            "59": [
                4801,
                4802,
                444
            ],
            "60": [
                639,
                4817
            ],
            "61": [
                685,
                684
            ],
            "62": [
                4832,
                535,
                625
            ],
            "63": [
                4728,
                699
            ],
            "64": [
                655,
                4878,
                654,
                656
            ],
            "65": [
                670,
                669,
                671
            ],
            "5": [
                4531
            ],
            "11": [
                548,
                4412
            ],
            "6": [
                4681
            ],
            "16": [
                4471,
                4472
            ],
            "7": [
                505
            ],
            "22": [
                428,
                429
            ],
            "8": [
                4818
            ],
            "28": [
                354,
                353,
                4651
            ],
            "9": [
                4594
            ],
            "33": [
                4517,
                488
            ],
            "10": [
                4726,
                4727
            ],
            "39": [
                504
            ],
            "12": [
                414
            ],
            "17": [
                4561
            ],
            "13": [
                4862
            ],
            "23": [
                4636,
                4635
            ],
            "14": [
                864
            ],
            "34": [
                653,
                4578,
                4577,
                4576
            ],
            "15": [
                400
            ],
            "40": [
                4592
            ],
            "18": [
                325
            ],
            "24": [
                384,
                385
            ],
            "19": [
                4803
            ],
            "29": [
                459,
                458
            ],
            "20": [
                4848
            ],
            "35": [
                4503,
                713,
                4502
            ],
            "21": [
                445
            ],
            "41": [
                520,
                519,
                4607
            ],
            "25": [
                4863,
                640
            ],
            "30": [
                4816,
                340,
                4921
            ],
            "26": [
                4939,
                835,
                4938
            ],
            "36": [
                4893,
                4892
            ],
            "27": [
                4981,
                4982
            ],
            "42": [
                4907,
                551,
                4967
            ],
            "31": [
                4923,
                700,
                581
            ],
            "37": [
                746,
                745
            ],
            "32": [
                521,
                5012
            ],
            "43": [
                5042,
                5043
            ],
            "38": [
                597,
                5103
            ],
            "44": [
                5118,
                582
            ],
            "0": [
                4427
            ],
            "66": [
                413
            ],
            "67": [
                443,
                4501
            ],
            "68": [
                4486,
                368
            ],
            "69": [
                4441
            ],
            "70": [
                503
            ],
            "1": [
                323
            ],