{
    "config": "N_1000-1322.2713446813848s-1_A200",
    "num_vars": 116,
    "num_qubit": 214,
    "time_elapsed": 0.028675556182861328,
    "best_state": {
        "sample": [
            0,
            0,
            0,
            0,
            1,
            0,
            0,
            0,
            0,
            0,
            0,
            0,
            0,
            0,
            0,
            0,
            0,
            1,
            0,
            0,
            0,
            0,
            0,
            0,
            0,
            0,
            0,
            0,
            0,
            0,
            0,
            0,
            0,
            0,
            0,
            0,
            0,
            0,
            0,
            1,
            0,
            1,
            0,
            0,
            0,
            1,
            1,
            1,
            1,
            1,
            0,
            0,
            1,
            1,
            1,
            0,
            1,
            1,
            1,
            0,
            1,
            1,
            0,
            0,
            0,
            0,
            0,
            0,
            0,
            0,
            0,
            0,
            1,
            1,
            1,
            0,
            0,
            0,
            0,
            0,
            0,
            0,
            0,
            0,
            0,
            0,
            0,
            0,
            0,
            0,
            0,
            0,
            0,
            0,
            0,
            0,
            0,
            0,
            0,
            0,
            0,
            0,
            0,
            0,
            0,
            0,
            1,
            1,
            1,
            1,
            1,
            1,
            1,
            1,
            1,
            1
        ],
        "energy": 502.0,
        "chain_break_fraction": 0.034482758620689655
    },
    "chain_strength_prefactor": 0.2,
    "chain_strength": 1322.2713446813848,
    "max_chain_length": 4,
    "timing_info": {
        "qpu_sampling_time": 347760.0,
        "qpu_anneal_time_per_sample": 200.0,
        "qpu_readout_time_per_sample": 127.22,
        "qpu_access_time": 363522.37,
        "qpu_access_overhead_time": 3353.63,
        "qpu_programming_time": 15762.37,
        "qpu_delay_time_per_sample": 20.54,
        "total_post_processing_time": 38.0,
        "post_processing_overhead_time": 38.0
    },
    "embedding_info": {
        "embedding": {
            "45": [
                5237,
                5236,
                597
            ],
            "46": [
                5206,
                387,
                388
            ],
            "51": [
                5266,
                447,
                5267
            ],
            "47": [
                433,
                432,
                5371,
                5372
            ],
            "52": [
                493,
                492
            ],
            "48": [
                477,
                5341,
                5342
            ],
            "53": [
                598,
                5402
            ],
            "49": [
                358,
                357
            ],
            "54": [
                463,
                462,
                461,
                5386
            ],
            "50": [
                297,
                5190,
                5191,
                298
            ],
            "55": [
                5252,
                5251,
                282
            ],
            "56": [
                508,
                5356
            ],
            "57": [
                5312,
                5311,
                5313
            ],
            "58": [
                342,
                343
            ],
            "59": [
                372,
                373,
                5401
            ],
            "60": [
                5432,
                523
            ],
            "61": [
                5462,
                5461
            ],
            "62": [
                5476,
                5477,
                283
            ],
            "63": [
                5326,
                5327,
                538
            ],
            "64": [
                5417,
                568,
                5416,
                478
            ],
            "65": [
                448,
                327,
                5446,
                328
            ],
            "5": [
                5162,
                537
            ],
            "11": [
                581,
                582
            ],
            "6": [
                5221,
                5222
            ],
            "16": [
                386,
                4997,
                4996
            ],
            "7": [
                5387
            ],
            "22": [
                687,
                688,
                686
            ],
            "8": [
                5343
            ],
            "27": [
                626,
                627
            ],
            "9": [
                5026,
                356
            ],
            "33": [
                5161,
                476,
                431
            ],
            "10": [
                267
            ],
            "39": [
                296
            ],
            "12": [
                522
            ],
            "17": [
                717,
                5268
            ],
            "13": [
                5403
            ],
            "28": [
                5298
            ],
            "14": [
                5011
            ],
            "34": [
                5132,
                5133
            ],
            "15": [
                5340
            ],
            "40": [
                5146,
                312
            ],
            "18": [
                5447
            ],
            "23": [
                5357
            ],
            "19": [
                719,
                718
            ],
            "29": [
                657
            ],
            "20": [
                5282,
                5281
            ],
            "35": [
                446,
                5102,
                5176
            ],
            "21": [
                5400
            ],
            "41": [
                5116
            ],
            "24": [
                5493,
                689,
                584
            ],
            "30": [
                643,
                5433
            ],
            "25": [
                569
            ],
            "36": [
                404
            ],
            "26": [
                268
            ],
            "42": [
                224,
                5430
            ],
            "31": [
                539
            ],
            "37": [
                314,
                5641,
                313,
                5642
            ],
            "32": [
                509,
                5521,
                5520
            ],
            "43": [
                5566,
                479,
                5565
            ],
            "38": [
                449,
                5611
            ],
            "44": [
                389,
                5581
            ],
            "0": [
                596
            ],
            "66": [
                4982
            ],
            "67": [
                671
            ],
            "68": [
                5027
            ],
            "69": [
                611,
                5042
            ],
            "70": [
                5041
            ],
            "1": [
                5177
            ],
            "72": [
                672
            ],