{
    "config": "N_1000-3305.6783617034616s-1_A200",
    "num_vars": 116,
    "num_qubit": 215,
    "time_elapsed": 0.028900146484375,
    "best_state": {
        "sample": [
            0,
            0,
            0,
            0,
            1,
            0,
            0,
            0,
            0,
            0,
            0,
            0,
            0,
            0,
            0,
            0,
            0,
            1,
            0,
            0,
            0,
            0,
            0,
            0,
            0,
            0,
            0,
            0,
            0,
            0,
            0,
            0,
            0,
            0,
            0,
            0,
            0,
            0,
            0,
            1,
            0,
            1,
            0,
            0,
            0,
            1,
            1,
            0,
            1,
            0,
            0,
            0,
            0,
            0,
            0,
            0,
            0,
            0,
            0,
            0,
            1,
            1,
            1,
            0,
            0,
            1,
            0,
            0,
            0,
            0,
            0,
            0,
            1,
            1,
            1,
            0,
            0,
            0,
            0,
            0,
            0,
            0,
            0,
            0,
            0,
            0,
            0,
            0,
            0,
            0,
            0,
            0,
            0,
            0,
            0,
            0,
            0,
            0,
            0,
            0,
            0,
            0,
            0,
            0,
            0,
            0,
            1,
            1,
            1,
            1,
            1,
            1,
            1,
            1,
            1,
            1
        ],
        "energy": 502.0,
        "chain_break_fraction": 0.0
    },
    "chain_strength_prefactor": 0.5,
    "chain_strength": 3305.6783617034616,
    "max_chain_length": 4,
    "timing_info": {
        "qpu_sampling_time": 376700.0,
        "qpu_anneal_time_per_sample": 200.0,
        "qpu_readout_time_per_sample": 156.16,
        "qpu_access_time": 392459.97,
        "qpu_access_overhead_time": 3426.03,
        "qpu_programming_time": 15759.97,
        "qpu_delay_time_per_sample": 20.54,
        "total_post_processing_time": 13.0,
        "post_processing_overhead_time": 13.0
    },
    "embedding_info": {
        "embedding": {
            "45": [
                3797,
                3798
            ],
            "46": [
                619,
                620
            ],
            "51": [
                3873,
                649
            ],
            "47": [
                3827,
                604,
                3826
            ],
            "52": [
                3843,
                679,
                3842
            ],
            "48": [
                575,
                3977,
                574
            ],
            "53": [
                3813,
                3812,
                799
            ],
            "49": [
                634,
                3917,
                635,
                636
            ],
            "54": [
                515,
                3872,
                514
            ],
            "50": [
                469,
                3782,
                3783
            ],
            "55": [
                454,
                3751,
                3752
            ],
            "56": [
                3887,
                439,
                3888
            ],
            "57": [
                590,
                3962
            ],
            "58": [
                680,
                3947,
                3946,
                681
            ],
            "59": [
                3902,
                3901
            ],
            "60": [
                485,
                484,
                4007
            ],
            "61": [
                3766,
                3767,
                334,
                335
            ],
            "62": [
                424,
                3857,
                425
            ],
            "63": [
                530,
                529,
                4022,
                411
            ],
            "64": [
                500,
                499,
                501
            ],
            "65": [
                350,
                3916,
                410,
                351
            ],
            "5": [
                3799
            ],
            "11": [
                694
            ],
            "6": [
                4023
            ],
            "16": [
                3859,
                3858
            ],
            "7": [
                274
            ],
            "22": [
                755,
                3828
            ],
            "8": [
                3976
            ],
            "28": [
                4068,
                4069,
                576
            ],
            "9": [
                637
            ],
            "34": [
                651,
                4203
            ],
            "10": [
                468
            ],
            "39": [
                785,
                784
            ],
            "12": [
                695
            ],
            "17": [
                3874
            ],
            "13": [
                3841
            ],
            "23": [
                725,
                3903
            ],
            "14": [
                3811
            ],
            "29": [
                800
            ],
            "15": [
                544
            ],
            "40": [
                709,
                710,
                3753
            ],
            "18": [
                3886
            ],
            "24": [
                740,
                741
            ],
            "19": [
                455
            ],
            "30": [
                592,
                591,
                4218
            ],
            "20": [
                682
            ],
            "35": [
                4112
            ],
            "21": [
                545
            ],
            "41": [
                665
            ],
            "25": [
                470,
                4052
            ],
            "31": [
                305,
                306,
                4006
            ],
            "26": [
                336,
                4216,
                382
            ],
            "36": [
                3991,
                396,
                275
            ],
            "27": [
                4081,
                486,
                4082
            ],
            "42": [
                4037,
                4036
            ],
            "32": [
                412,
                4321
            ],
            "37": [
                4141,
                4142
            ],
            "33": [
                502,
                4247,
                471
            ],
            "43": [
                4202
            ],
            "38": [
                4201,
                246
            ],
            "44": [
                4276,
                352
            ],
            "0": [
                3738
            ],
            "66": [
                3768,
                844
            ],
            "67": [
                3844
            ],
            "68": [
                770,
                771
            ],
            "69": [
                696,
                4113
            ],
            "70": [
                786,
                4188
            ],
            "1": [
                814
            ],
            "72": [
                829
            ],