{
    "config": "F_1000-62834.189978389375s-1_A200",
    "num_vars": 61,
    "num_qubit": 182,
    "time_elapsed": 0.05103588104248047,
    "best_state": {
        "sample": [
            0,
            0,
            0,
            0,
            0,
            0,
            0,
            0,
            0,
            0,
            0,
            0,
            0,
            0,
            0,
            0,
            0,
            0,
            0,
            0,
            1,
            0,
            0,
            0,
            1,
            0,
            1,
            0,
            0,
            0,
            0,
            0,
            0,
            1,
            0,
            0,
            0,
            0,
            0,
            0,
            1,
            1,
            1,
            0,
            1,
            1,
            1,
            0,
            0,
            1,
            0,
            0,
            0,
            1,
            0,
            0,
            1,
            0,
            1,
            1,
            0
        ],
        "energy": 30415.0,
        "chain_break_fraction": 0.08196721311475409
    },
    "chain_strength": 62834.189978389375,
    "max_chain_length": 5,
    "timing_info": {
        "qpu_sampling_time": 328580.0,
        "qpu_anneal_time_per_sample": 200.0,
        "qpu_readout_time_per_sample": 108.04,
        "qpu_access_time": 344507.57,
        "qpu_access_overhead_time": 5411.43,
        "qpu_programming_time": 15927.57,
        "qpu_delay_time_per_sample": 20.54,
        "total_post_processing_time": 107.0,
        "post_processing_overhead_time": 107.0
    },
    "embedding_info": {
        "embedding": {
            "40": [
                4531,
                293
            ],
            "41": [
                308,
                309,
                4411,
                233
            ],
            "46": [
                4607,
                263,
                4606
            ],
            "42": [
                4711,
                429,
                428
            ],
            "47": [
                399,
                400,
                398
            ],
            "43": [
                4742,
                415,
                4741,
                414
            ],
            "48": [
                4576,
                4577
            ],
            "44": [
                413,
                4501
            ],
            "49": [
                4471,
                488,
                4470
            ],
            "45": [
                324,
                323
            ],
            "50": [
                458,
                4636,
                4635,
                4637
            ],
            "51": [
                4545,
                4546
            ],
            "52": [
                235,
                234,
                236,
                4921
            ],
            "53": [
                4620,
                248,
                4500
            ],
            "54": [
                279,
                278,
                4665
            ],
            "55": [
                4591,
                4592,
                219
            ],
            "56": [
                4621,
                443,
                354
            ],
            "57": [
                339,
                4726,
                338
            ],
            "58": [
                503,
                4562,
                4561,
                4441
            ],
            "59": [
                370,
                369,
                4756
            ],
            "60": [
                4486,
                4487,
                4485,
                368
            ],
            "6": [
                310
            ],
            "15": [
                4412,
                4413
            ],
            "7": [
                4757,
                504
            ],
            "19": [
                608,
                609,
                607,
                4712,
                4337
            ],
            "8": [
                4877,
                4876
            ],
            "24": [
                474,
                475,
                473,
                472
            ],
            "9": [
                683,
                4457,
                4456
            ],
            "30": [
                4428,
                4427,
                593
            ],
            "10": [
                4786,
                264
            ],
            "16": [
                4608,
                744
            ],
            "11": [
                4697,
                4696
            ],
            "20": [
                4682,
                4683,
                4681
            ],
            "12": [
                4846,
                385,
                4847,
                384
            ],
            "25": [
                564,
                565,
                566,
                4667,
                4668
            ],
            "13": [
                4517,
                623,
                4518
            ],
            "31": [
                4533,
                4532,
                774
            ],
            "14": [
                684,
                685
            ],
            "35": [
                4638,
                4758,
                699
            ],
            "17": [
                430,
                4922
            ],
            "26": [
                340,
                4906
            ],
            "18": [
                4800,
                654,
                4802,
                4803,
                4801
            ],
            "36": [
                4772,
                4771,
                4773
            ],
            "21": [
                490,
                489,
                4892,
                4891
            ],
            "27": [
                534,
                535
            ],
            "22": [
                549,
                548,
                4622,
                550
            ],
            "32": [
                579,
                4578,
                4652,
                4651
            ],
            "23": [
                4727,
                624,
                4743
            ],
            "37": [
                444,
                4817,
                4816,
                4818
            ],
            "28": [
                594,
                4563,
                595,
                596,
                4923
            ],
            "33": [
                520,
                519,
                518,
                4907
            ],
            "29": [
                4832,
                4831,
                640,
                580
            ],
            "38": [
                4862,
                4863,
                730,
                4861
            ],
            "34": [
                668,
                669,
                670
            ],
            "39": [
                639,
                638,
                4472,
                4788
            ],
            "0": [
                457
            ],
            "1": [
                729
            ],
            "2": [
                325
            ],
            "3": [
                4787,
                459
            ],
            "4": [
                533,
                4547,
                4548
            ],
            "5": [
                4878,
                745
            ]
        },
        "chain_break_method": "majority_vote",
        "embedding_parameters": {},
        "chain_strength": 62834.189978389375
    }
}