{
    "config": "L_1000-2969.8716056163357s-1_A200",
    "num_vars": 143,
    "num_qubit": 499,
    "time_elapsed": 0.07665252685546875,
    "best_state": {
        "sample": [
            0,
            0,
            0,
            1,
            0,
            0,
            0,
            1,
            0,
            0,
            0,
            1,
            0,
            0,
            0,
            0,
            0,
            0,
            1,
            1,
            0,
            1,
            0,
            1,
            0,
            1,
            0,
            1,
            0,
            0,
            0,
            0,
            0,
            0,
            0,
            0,
            0,
            0,
            0,
            0,
            0,
            0,
            0,
            0,
            0,
            0,
            0,
            0,
            0,
            0,
            0,
            0,
            0,
            0,
            1,
            0,
            1,
            0,
            0,
            0,
            0,
            0,
            0,
            1,
            1,
            0,
            0,
            1,
            0,
            0,
            0,
            0,
            0,
            0,
            1,
            0,
            1,
            0,
            0,
            0,
            0,
            0,
            0,
            0,
            0,
            0,
            0,
            0,
            0,
            0,
            0,
            1,
            0,
            0,
            0,
            0,
            0,
            0,
            0,
            0,
            0,
            0,
            0,
            0,
            0,
            0,
            0,
            0,
            0,
            0,
            0,
            0,
            0,
            0,
            0,
            0,
            0,
            1,
            0,
            0,
            0,
            0,
            0,
            0,
            0,
            0,
            0,
            0,
            0,
            0,
            0,
            0,
            0,
            0,
            0,
            0,
            0,
            0,
            0,
            0,
            1,
            0,
            0
        ],
        "energy": 6114.0,
        "chain_break_fraction": 0.013986013986013986
    },
    "chain_strength_prefactor": 0.3,
    "chain_strength": 2969.8716056163357,
    "max_chain_length": 7,
    "timing_info": {
        "qpu_sampling_time": 338180.0,
        "qpu_anneal_time_per_sample": 200.0,
        "qpu_readout_time_per_sample": 117.64,
        "qpu_access_time": 354109.97,
        "qpu_access_overhead_time": 1423.03,
        "qpu_programming_time": 15929.97,
        "qpu_delay_time_per_sample": 20.54,
        "total_post_processing_time": 265.0,
        "post_processing_overhead_time": 265.0
    },
    "embedding_info": {
        "embedding": {
            "3": [
                2033,
                4525,
                4524,
                2032,
                2031,
                4406
            ],
            "0": [
                4509,
                1793,
                1792,
                1791,
                4510,
                4511
            ],
            "6": [
                4283,
                1701,
                1700,
                4284,
                1597,
                4285,
                4238
            ],
            "9": [
                1839,
                4629,
                1838,
                4628,
                4627,
                1837
            ],
            "12": [
                1748,
                1747,
                1746,
                4569,
                4568,
                1644
            ],
            "16": [
                4177,
                1448,
                4178,
                4179,
                1761,
                1447,
                4180
            ],
            "20": [
                1911,
                1912,
                4330,
                4165,
                1913,
                4119,
                4164
            ],
            "24": [
                4075,
                4074,
                4073,
                1836,
                4076
            ],
            "1": [
                2136,
                2137,
                2138,
                4166,
                2135,
                2139
            ],
            "2": [
                4526,
                2213,
                4376,
                2107
            ],
            "4": [
                1958,
                4540,
                1957
            ],
            "5": [
                2048,
                4586
            ],
            "7": [
                4132,
                4133,
                1566,
                1565,
                3878
            ],
            "8": [
                1611,
                4193
            ],
            "10": [
                4688,
                4689,
                1554,
                4690
            ],
            "11": [
                1630,
                4823,
                1629
            ],
            "13": [
                1386,
                1387,
                1388,
                4552,
                4553,
                1389
            ],
            "14": [
                4567,
                1464
            ],
            "15": [
                1479,
                4702
            ],
            "17": [
                1657,
                1658,
                4298,
                4297,
                1656
            ],
            "18": [
                4357,
                1478,
                4358
            ],
            "19": [
                1477
            ],
            "21": [
                1896,
                4210,
                4209,
                1778,
                1897,
                4449
            ],
            "22": [
                1927,
                4345
            ],
            "23": [
                4360
            ],
            "25": [
                1685,
                3985,
                3983,
                3982,
                3984,
                2045
            ],
            "26": [
                1851,
                1850
            ],
            "27": [
                1835
            ],
            "46": [
                2092,
                2093,
                2091,
                4181
            ],
            "60": [
                4195,
                4196,
                1987,
                1986
            ],
            "77": [
                2123,
                2124,
                4541,
                2122,
                4270,
                4630
            ],
            "104": [
                2017,
                4226,
                2018,
                4391
            ],
            "118": [
                4120,
                2046,
                2106
            ],
            "131": [
                2121,
                2120
            ],
            "47": [
                4451,
                4450
            ],
            "61": [
                1806,
                4135,
                2181,
                2076,
                2077,
                4136,
                4134
            ],
            "78": [
                2182,
                2183,
                2184,
                4691,
                2229,
                2079
            ],
            "105": [
                4300,
                4301,
                2062,
                4299
            ],
            "119": [
                2167,
                4211,
                2168
            ],