{
    "config": "N_1000-13162.998510860778s-1_A200",
    "num_vars": 104,
    "num_qubit": 197,
    "time_elapsed": 0.055353403091430664,
    "best_state": {
        "sample": [
            1,
            1,
            0,
            0,
            0,
            0,
            1,
            0,
            0,
            0,
            0,
            0,
            0,
            0,
            0,
            0,
            0,
            0,
            0,
            0,
            0,
            0,
            0,
            0,
            0,
            0,
            0,
            0,
            0,
            0,
            0,
            0,
            0,
            0,
            0,
            0,
            0,
            0,
            0,
            0,
            1,
            1,
            1,
            1,
            1,
            1,
            1,
            1,
            1,
            1,
            1,
            1,
            1,
            0,
            1,
            0,
            0,
            0,
            0,
            1,
            1,
            1,
            1,
            1,
            1,
            1,
            1,
            1,
            1,
            1,
            1,
            0,
            0,
            0,
            0,
            0,
            0,
            0,
            0,
            0,
            0,
            0,
            0,
            0,
            0,
            0,
            0,
            0,
            0,
            0,
            0,
            0,
            0,
            0,
            0,
            0,
            0,
            0,
            0,
            0,
            0,
            0,
            0,
            0
        ],
        "energy": 1710.0,
        "chain_break_fraction": 0.0
    },
    "chain_strength_prefactor": 0.4,
    "chain_strength": 13162.998510860778,
    "max_chain_length": 4,
    "timing_info": {
        "qpu_sampling_time": 322600.0,
        "qpu_anneal_time_per_sample": 200.0,
        "qpu_readout_time_per_sample": 102.06,
        "qpu_access_time": 338525.97,
        "qpu_access_overhead_time": 2575.03,
        "qpu_programming_time": 15925.97,
        "qpu_delay_time_per_sample": 20.54,
        "total_post_processing_time": 1.0,
        "post_processing_overhead_time": 1.0
    },
    "embedding_info": {
        "embedding": {
            "40": [
                2020,
                4735
            ],
            "41": [
                2065,
                2064,
                2063,
                4900
            ],
            "46": [
                4810,
                2079,
                2049
            ],
            "42": [
                4884,
                4885,
                1810
            ],
            "47": [
                1959,
                1960
            ],
            "43": [
                1945,
                4809,
                1944
            ],
            "48": [
                4870,
                4869,
                2035,
                2034
            ],
            "44": [
                1900,
                1899
            ],
            "49": [
                4705,
                1914
            ],
            "45": [
                1930,
                4839,
                1929
            ],
            "50": [
                4795,
                4796,
                1990
            ],
            "51": [
                2004,
                2005,
                4675
            ],
            "52": [
                4690,
                4689,
                1854
            ],
            "53": [
                4720,
                4719,
                1974
            ],
            "54": [
                4780,
                1975,
                1869
            ],
            "55": [
                4854,
                1855,
                4853,
                4855
            ],
            "56": [
                4764,
                4765
            ],
            "57": [
                4749,
                4750
            ],
            "58": [
                1825,
                4824,
                1824
            ],
            "59": [
                1840,
                1839,
                4734
            ],
            "60": [
                4673,
                4674,
                1884
            ],
            "6": [
                4586
            ],
            "15": [
                4555
            ],
            "7": [
                1811
            ],
            "19": [
                4644,
                4645,
                1809
            ],
            "8": [
                4989
            ],
            "29": [
                4570,
                1898
            ],
            "9": [
                1885
            ],
            "35": [
                4600,
                1883,
                4601
            ],
            "10": [
                2078
            ],
            "16": [
                4751
            ],
            "11": [
                4945,
                4930
            ],
            "20": [
                4630,
                4631
            ],
            "12": [
                2033
            ],
            "24": [
                4616,
                2124,
                4615
            ],
            "13": [
                1915
            ],
            "30": [
                4541,
                4540,
                2019
            ],
            "14": [
                1765,
                4794
            ],
            "36": [
                2093,
                2094
            ],
            "17": [
                1853
            ],
            "25": [
                1989,
                1988
            ],
            "18": [
                1720,
                1719
            ],
            "31": [
                1973
            ],
            "21": [
                1599,
                1598,
                1600
            ],
            "26": [
                1780,
                1779
            ],
            "22": [
                4763,
                1630
            ],
            "32": [
                1658,
                1659,
                1660
            ],
            "23": [
                1734,
                4808
            ],
            "37": [
                1704,
                1703
            ],
            "27": [
                4599,
                4598
            ],
            "33": [
                4554,
                1763
            ],
            "28": [
                1764,
                4643
            ],
            "38": [
                4539
            ],
            "34": [
                1674,
                4703
            ],
            "39": [
                1479,
                4583,
                4672
            ],
            "0": [
                1928
            ],
            "61": [
                2048,
                4525
            ],
            "62": [
                1913
            ],
            "63": [
                4585
            ],
            "1": [
                2139
            ],
            "65": [
                2154
            ],
            "66": [
                2184,
                4661
            ],
            "67": [
                2169
            ],
            "68": [
                4556
            ],
            "2": [
                2153
            ],
            "70": [
                4571
            ],
            "71": [
                4480,
                2123
            ],
            "72": [
                4450
            ],
            "3": [
                1826
            ],
            "74": [
                4929
            ],
            "75": [
                4944,
                1795
            ],
            "76": [
                4779
            ],