{
    "config": "N_1000-352.38064646061366s-1_A200",
    "num_vars": 48,
    "num_qubit": 86,
    "time_elapsed": 0.015937328338623047,
    "best_state": {
        "sample": [
            1,
            0,
            1,
            0,
            0,
            0,
            1,
            0,
            0,
            0,
            0,
            0,
            0,
            0,
            1,
            1,
            1,
            1,
            0,
            0,
            0,
            0,
            1,
            0,
            0,
            0,
            0,
            0,
            0,
            0,
            0,
            1,
            1,
            0,
            0,
            0,
            0,
            0,
            1,
            1,
            0,
            0,
            0,
            0,
            1,
            1,
            1,
            1
        ],
        "energy": 64.0,
        "chain_break_fraction": 0.0
    },
    "chain_strength_prefactor": 0.4,
    "chain_strength": 352.38064646061366,
    "max_chain_length": 3,
    "timing_info": {
        "qpu_sampling_time": 285920.0,
        "qpu_anneal_time_per_sample": 200.0,
        "qpu_readout_time_per_sample": 65.38,
        "qpu_access_time": 301845.57,
        "qpu_access_overhead_time": 1730.43,
        "qpu_programming_time": 15925.57,
        "qpu_delay_time_per_sample": 20.54,
        "total_post_processing_time": 1.0,
        "post_processing_overhead_time": 1.0
    },
    "embedding_info": {
        "embedding": {
            "17": [
                3986,
                2210
            ],
            "18": [
                3867,
                2284,
                3731
            ],
            "23": [
                2239,
                2240
            ],
            "19": [
                2149,
                2150
            ],
            "24": [
                3971,
                2165,
                2164
            ],
            "20": [
                2135,
                2134
            ],
            "25": [
                2120,
                2119,
                4001
            ],
            "21": [
                3866,
                2180
            ],
            "26": [
                3897,
                3896
            ],
            "22": [
                3821,
                2195
            ],
            "27": [
                3881,
                3882
            ],
            "28": [
                3760,
                3761
            ],
            "29": [
                3775,
                3776
            ],
            "30": [
                2254,
                3911,
                3910
            ],
            "31": [
                2224
            ],
            "32": [
                2104,
                3716
            ],
            "33": [
                3851,
                2044
            ],
            "34": [
                2089,
                2090,
                3791
            ],
            "35": [
                3835,
                3836,
                2059
            ],
            "36": [
                2074,
                3806
            ],
            "37": [
                2269,
                3926,
                3925
            ],
            "1": [
                3865
            ],
            "2": [
                3702,
                2238
            ],
            "4": [
                4016
            ],
            "3": [
                3970
            ],
            "6": [
                2075
            ],
            "5": [
                1970,
                1969
            ],
            "9": [
                2029,
                3701
            ],
            "7": [
                2105,
                3955,
                1985
            ],
            "10": [
                2015,
                2014
            ],
            "8": [
                4045,
                4046
            ],
            "15": [
                1955,
                3940
            ],
            "11": [
                1924
            ],
            "13": [
                1909,
                3790
            ],
            "14": [
                3924
            ],
            "16": [
                2000,
                3880
            ],
            "40": [
                3985
            ],
            "41": [
                2060
            ],
            "43": [
                3820
            ],
            "44": [
                1939
            ],
            "46": [
                3850
            ],
            "47": [
                1850
            ],
            "0": [
                4030
            ],
            "49": [
                1925
            ],
            "50": [
                1864,
                3895
            ],
            "42": [
                4031
            ],
            "45": [
                3805
            ],
            "48": [
                3909
            ]
        },
        "chain_break_method": "majority_vote",
        "embedding_parameters": {},
        "chain_strength": 352.38064646061366
    }
}