{
    "config": "N_1000-29867.421175310345s-1_A200",
    "num_vars": 77,
    "num_qubit": 143,
    "time_elapsed": 0.08523392677307129,
    "best_state": {
        "sample": [
            1,
            0,
            0,
            1,
            0,
            0,
            0,
            0,
            0,
            0,
            1,
            0,
            0,
            0,
            0,
            0,
            0,
            0,
            0,
            0,
            0,
            0,
            0,
            0,
            0,
            0,
            0,
            0,
            0,
            1,
            1,
            0,
            0,
            1,
            1,
            0,
            0,
            0,
            1,
            1,
            0,
            0,
            1,
            1,
            1,
            1,
            1,
            1,
            1,
            0,
            1,
            1,
            1,
            1,
            1,
            1,
            0,
            0,
            0,
            0,
            0,
            0,
            0,
            0,
            0,
            0,
            0,
            0,
            0,
            0,
            0,
            0,
            0,
            0,
            0,
            0,
            0
        ],
        "energy": 6441.0,
        "chain_break_fraction": 0.0
    },
    "chain_strength_prefactor": 0.4,
    "chain_strength": 29867.421175310345,
    "max_chain_length": 3,
    "timing_info": {
        "qpu_sampling_time": 304580.0,
        "qpu_anneal_time_per_sample": 200.0,
        "qpu_readout_time_per_sample": 84.04,
        "qpu_access_time": 320505.17,
        "qpu_access_overhead_time": 1976.83,
        "qpu_programming_time": 15925.17,
        "qpu_delay_time_per_sample": 20.54,
        "total_post_processing_time": 142.0,
        "post_processing_overhead_time": 142.0
    },
    "embedding_info": {
        "embedding": {
            "29": [
                4342,
                1522
            ],
            "30": [
                4312,
                1507,
                1492
            ],
            "35": [
                4326,
                4327,
                1312
            ],
            "31": [
                1417,
                4357,
                1416
            ],
            "36": [
                1448,
                1447,
                4402
            ],
            "32": [
                4191,
                1477,
                4192
            ],
            "37": [
                1386,
                1387,
                4057
            ],
            "33": [
                1582,
                1581,
                4297
            ],
            "38": [
                1461,
                1462
            ],
            "34": [
                1432,
                1431,
                4372
            ],
            "39": [
                1356,
                1357,
                4162
            ],
            "40": [
                4282,
                4281,
                1506
            ],
            "41": [
                1327,
                1326,
                4311
            ],
            "42": [
                4208,
                4207,
                1642
            ],
            "43": [
                4237,
                4238
            ],
            "44": [
                1402,
                1401,
                4296
            ],
            "45": [
                4267,
                1536,
                4266
            ],
            "46": [
                1372,
                1371
            ],
            "47": [
                4223,
                4222
            ],
            "48": [
                1342,
                4387,
                1341
            ],
            "49": [
                4252,
                4253,
                1627
            ],
            "3": [
                1508
            ],
            "9": [
                4313
            ],
            "4": [
                4148
            ],
            "21": [
                4358
            ],
            "5": [
                1314,
                1313
            ],
            "10": [
                1177
            ],
            "6": [
                1449
            ],
            "13": [
                4401,
                1192
            ],
            "7": [
                4116
            ],
            "17": [
                4522,
                4521,
                1388
            ],
            "8": [
                1358
            ],
            "25": [
                4461
            ],
            "11": [
                4131
            ],
            "18": [
                1328
            ],
            "12": [
                1611
            ],
            "22": [
                1643,
                1644
            ],
            "14": [
                1237
            ],
            "19": [
                1403,
                4567
            ],
            "15": [
                4177,
                4176,
                4178
            ],
            "23": [
                1567,
                1568,
                4508
            ],
            "16": [
                1373,
                4491
            ],
            "26": [
                4447,
                4446
            ],
            "20": [
                1463,
                4492
            ],
            "27": [
                4417,
                4418
            ],
            "24": [
                1612
            ],
            "28": [
                4328
            ],
            "0": [
                4298
            ],
            "50": [
                1597
            ],
            "52": [
                1238,
                4416
            ],
            "53": [
                1253
            ],
            "1": [
                4627
            ],
            "55": [
                4641,
                4642
            ],
            "56": [
                1343,
                4551
            ],
            "57": [
                4612,
                4613
            ],
            "59": [
                4553,
                4552
            ],
            "60": [
                1583
            ],
            "61": [
                1268,
                4476,
                4477
            ],
            "64": [
                1252,
                1251
            ],
            "65": [
                1298,
                4356
            ],
            "66": [
                4432
            ],
            "2": [
                4163
            ],
            "69": [
                1596
            ],
            "70": [
                4193
            ],
            "71": [
                1657
            ],
            "72": [
                1702,
                4343
            ],
            "75": [
                4507
            ],
            "76": [
                4403,
                1493
            ],
            "77": [
                4388,
                1537
            ],
            "62": [
                1267,
                4341
            ],
            "63": [
                1283,
                1282
            ],
            "67": [
                4582
            ],
            "68": [
                1418
            ],
            "73": [
                1628
            ],
            "74": [
                4373
            ],
            "78": [
                4462,
                1433
            ],
            "79": [
                1552
            ]
        },
        "chain_break_method": "majority_vote",
        "embedding_parameters": {},
        "chain_strength": 29867.421175310345
    }
}