{
    "config": "N_1000-18667.138234568967s-1_A200",
    "num_vars": 77,
    "num_qubit": 131,
    "time_elapsed": 0.0210723876953125,
    "best_state": {
        "sample": [
            0,
            1,
            0,
            0,
            0,
            0,
            0,
            0,
            0,
            1,
            1,
            0,
            0,
            0,
            0,
            0,
            0,
            0,
            0,
            0,
            0,
            0,
            0,
            0,
            0,
            0,
            0,
            0,
            0,
            0,
            0,
            1,
            0,
            0,
            0,
            0,
            1,
            1,
            1,
            1,
            1,
            1,
            1,
            1,
            0,
            0,
            1,
            1,
            1,
            1,
            1,
            1,
            1,
            1,
            1,
            1,
            0,
            0,
            0,
            0,
            0,
            0,
            0,
            0,
            0,
            0,
            0,
            0,
            0,
            0,
            0,
            0,
            0,
            0,
            0,
            0,
            0
        ],
        "energy": 27807.0,
        "chain_break_fraction": 0.025974025974025976
    },
    "chain_strength_prefactor": 0.25,
    "chain_strength": 18667.138234568967,
    "max_chain_length": 3,
    "timing_info": {
        "qpu_sampling_time": 294140.0,
        "qpu_anneal_time_per_sample": 200.0,
        "qpu_readout_time_per_sample": 73.6,
        "qpu_access_time": 310067.97,
        "qpu_access_overhead_time": 1837.03,
        "qpu_programming_time": 15927.97,
        "qpu_delay_time_per_sample": 20.54,
        "total_post_processing_time": 1.0,
        "post_processing_overhead_time": 1.0
    },
    "embedding_info": {
        "embedding": {
            "29": [
                5303,
                5302
            ],
            "30": [
                5332,
                1468
            ],
            "35": [
                5407,
                1498
            ],
            "31": [
                1347,
                1348
            ],
            "36": [
                1454,
                1453,
                5497
            ],
            "32": [
                1303,
                5256
            ],
            "37": [
                5392,
                5391,
                1483
            ],
            "33": [
                1422,
                5287
            ],
            "38": [
                5257,
                1437,
                1438
            ],
            "34": [
                5346,
                1332
            ],
            "39": [
                1362,
                1363
            ],
            "40": [
                5422,
                5421
            ],
            "41": [
                5377,
                5376,
                1423
            ],
            "42": [
                1393,
                1392
            ],
            "43": [
                5227,
                1407,
                1408
            ],
            "44": [
                5406,
                1333
            ],
            "45": [
                1378,
                5467,
                1377
            ],
            "46": [
                1273,
                5317,
                5316
            ],
            "47": [
                5482,
                1319,
                1318
            ],
            "48": [
                1288,
                5361
            ],
            "49": [
                5271,
                5272
            ],
            "3": [
                5333
            ],
            "9": [
                1467
            ],
            "4": [
                1331
            ],
            "25": [
                5211
            ],
            "5": [
                5288
            ],
            "10": [
                1499
            ],
            "6": [
                5571,
                5572
            ],
            "13": [
                1409,
                5602
            ],
            "7": [
                5390
            ],
            "17": [
                1528,
                5527
            ],
            "8": [
                1439
            ],
            "21": [
                5451,
                5452
            ],
            "11": [
                5375
            ],
            "18": [
                1542,
                1543
            ],
            "12": [
                5166
            ],
            "26": [
                5195,
                5196
            ],
            "14": [
                5525,
                5526
            ],
            "19": [
                1334,
                5586
            ],
            "15": [
                1379,
                5587
            ],
            "22": [
                1274,
                5466
            ],
            "16": [
                1258,
                1259
            ],
            "27": [
                1153,
                1152
            ],
            "20": [
                5601,
                1229
            ],
            "23": [
                1139,
                5481
            ],
            "24": [
                1197,
                5286
            ],
            "28": [
                1182,
                5331
            ],
            "0": [
                1452
            ],
            "50": [
                5212
            ],
            "52": [
                1484
            ],
            "53": [
                5437
            ],
            "1": [
                5318
            ],
            "55": [
                1648
            ],
            "56": [
                1572,
                5273
            ],
            "57": [
                5197
            ],
            "59": [
                1289
            ],
            "60": [
                5496
            ],
            "61": [
                5511,
                1244
            ],
            "64": [
                1183
            ],
            "65": [
                1198
            ],
            "66": [
                5540
            ],
            "69": [
                5617,
                5616
            ],
            "70": [
                1214,
                1213
            ],
            "71": [
                5360
            ],
            "2": [
                1346
            ],
            "74": [
                5181
            ],
            "75": [
                1242,
                1243
            ],
            "76": [
                1257
            ],
            "77": [
                5301
            ],
            "62": [
                1394
            ],
            "63": [
                5556
            ],
            "67": [
                5542,
                1424,
                5662
            ],
            "68": [
                1304,
                5541
            ],
            "72": [
                5345,
                1228
            ],
            "73": [
                1138
            ],
            "78": [
                5210
            ],
            "79": [
                1167
            ]
        },
        "chain_break_method": "majority_vote",
        "embedding_parameters": {},
        "chain_strength": 18667.138234568967
    }
}