{
    "config": "N_1000-14933.710587655172s-1_A200",
    "num_vars": 77,
    "num_qubit": 141,
    "time_elapsed": 0.02391958236694336,
    "best_state": {
        "sample": [
            1,
            0,
            0,
            1,
            0,
            0,
            0,
            0,
            0,
            0,
            1,
            0,
            0,
            0,
            0,
            0,
            0,
            0,
            0,
            0,
            0,
            0,
            0,
            0,
            0,
            0,
            0,
            0,
            0,
            1,
            1,
            1,
            1,
            1,
            1,
            0,
            1,
            0,
            0,
            0,
            1,
            1,
            1,
            1,
            0,
            0,
            0,
            0,
            0,
            1,
            1,
            1,
            1,
            1,
            1,
            1,
            0,
            0,
            0,
            0,
            0,
            0,
            0,
            0,
            0,
            0,
            0,
            0,
            0,
            0,
            0,
            0,
            0,
            0,
            0,
            0,
            0
        ],
        "energy": 6441.0,
        "chain_break_fraction": 0.012987012987012988
    },
    "chain_strength_prefactor": 0.2,
    "chain_strength": 14933.710587655172,
    "max_chain_length": 3,
    "timing_info": {
        "qpu_sampling_time": 288740.0,
        "qpu_anneal_time_per_sample": 200.0,
        "qpu_readout_time_per_sample": 68.2,
        "qpu_access_time": 304665.57,
        "qpu_access_overhead_time": 1944.43,
        "qpu_programming_time": 15925.57,
        "qpu_delay_time_per_sample": 20.54,
        "total_post_processing_time": 17.0,
        "post_processing_overhead_time": 17.0
    },
    "embedding_info": {
        "embedding": {
            "29": [
                3804,
                1864
            ],
            "30": [
                1880,
                1879,
                3999
            ],
            "35": [
                1805,
                1804,
                3969
            ],
            "31": [
                1835,
                3819
            ],
            "36": [
                1745,
                1744,
                1743
            ],
            "32": [
                1715,
                1714
            ],
            "37": [
                1849,
                3759,
                3758
            ],
            "33": [
                3923,
                3924,
                1684
            ],
            "38": [
                3774,
                3773
            ],
            "34": [
                3880,
                3879
            ],
            "39": [
                1760,
                1759
            ],
            "40": [
                1775,
                3984
            ],
            "41": [
                1850,
                3834,
                3833
            ],
            "42": [
                1909,
                3909
            ],
            "43": [
                3895,
                3894
            ],
            "44": [
                1774,
                3849,
                1773
            ],
            "45": [
                1819,
                1820,
                3789
            ],
            "46": [
                3939,
                3938,
                1670
            ],
            "47": [
                3864,
                3865,
                1894
            ],
            "48": [
                1654,
                3953,
                1655
            ],
            "49": [
                1729,
                3908
            ],
            "3": [
                1925,
                4030
            ],
            "9": [
                3850,
                3851
            ],
            "4": [
                3878
            ],
            "25": [
                1985,
                1984
            ],
            "5": [
                3970
            ],
            "10": [
                1803
            ],
            "6": [
                3624
            ],
            "13": [
                3519,
                1788
            ],
            "7": [
                3654
            ],
            "17": [
                1863,
                3729
            ],
            "8": [
                2029,
                3775
            ],
            "21": [
                3700,
                1939
            ],
            "11": [
                3790
            ],
            "22": [
                3835
            ],
            "12": [
                3893
            ],
            "26": [
                2000,
                1999
            ],
            "14": [
                3639
            ],
            "18": [
                1833,
                3609
            ],
            "15": [
                3669,
                3670
            ],
            "23": [
                3715,
                3714
            ],
            "16": [
                1609,
                3818,
                1608
            ],
            "27": [
                1669,
                3743
            ],
            "19": [
                1892,
                3535,
                1893
            ],
            "24": [
                1924,
                1923,
                3520
            ],
            "20": [
                1653
            ],
            "28": [
                1593,
                3653
            ],
            "0": [
                3866
            ],
            "50": [
                3910,
                2044
            ],
            "52": [
                3594
            ],
            "53": [
                1908
            ],
            "1": [
                1970
            ],
            "55": [
                3985
            ],
            "56": [
                2015
            ],
            "57": [
                3820
            ],
            "59": [
                1728
            ],
            "60": [
                1713
            ],
            "61": [
                3728
            ],
            "64": [
                1877,
                1878
            ],
            "65": [
                3564,
                3563
            ],
            "66": [
                3549,
                3548
            ],
            "69": [
                1938,
                3640,
                2014
            ],
            "70": [
                1968
            ],
            "71": [
                3610
            ],
            "2": [
                1504
            ],
            "74": [
                1534,
                3848
            ],
            "75": [
                1549,
                1548
            ],
            "76": [
                3623
            ],
            "77": [
                3608
            ],
            "62": [
                1758
            ],
            "63": [
                3593,
                1698
            ],
            "67": [
                3579
            ],
            "68": [
                3534,
                1818
            ],
            "72": [
                1969
            ],
            "73": [
                3805,
                1953,
                1954
            ],
            "78": [
                3685,
                3684
            ],
            "79": [
                1683
            ]
        },
        "chain_break_method": "majority_vote",
        "embedding_parameters": {},
        "chain_strength": 14933.710587655172
    }
}