{
    "config": "N_1000-6338.94823807209s-1_A200",
    "num_vars": 117,
    "num_qubit": 222,
    "time_elapsed": 0.027866601943969727,
    "best_state": {
        "sample": [
            0,
            0,
            0,
            1,
            0,
            0,
            0,
            0,
            0,
            0,
            0,
            0,
            0,
            0,
            0,
            0,
            0,
            0,
            0,
            0,
            0,
            0,
            0,
            0,
            0,
            0,
            1,
            0,
            0,
            0,
            0,
            0,
            0,
            0,
            0,
            0,
            0,
            0,
            0,
            1,
            1,
            1,
            0,
            0,
            0,
            0,
            0,
            0,
            0,
            0,
            0,
            0,
            0,
            0,
            0,
            0,
            0,
            0,
            1,
            0,
            1,
            1,
            1,
            1,
            0,
            0,
            0,
            0,
            0,
            0,
            0,
            0,
            0,
            0,
            0,
            0,
            0,
            1,
            1,
            1,
            1,
            1,
            1,
            0,
            0,
            0,
            0,
            0,
            0,
            0,
            0,
            0,
            0,
            0,
            0,
            0,
            0,
            0,
            0,
            0,
            0,
            0,
            0,
            0,
            0,
            0,
            0,
            0,
            0,
            0,
            1,
            1,
            1,
            1,
            1,
            1,
            1
        ],
        "energy": 1011.0,
        "chain_break_fraction": 0.0
    },
    "chain_strength_prefactor": 0.5,
    "chain_strength": 6338.94823807209,
    "max_chain_length": 4,
    "timing_info": {
        "qpu_sampling_time": 349240.0,
        "qpu_anneal_time_per_sample": 200.0,
        "qpu_readout_time_per_sample": 128.7,
        "qpu_access_time": 365002.77,
        "qpu_access_overhead_time": 2606.23,
        "qpu_programming_time": 15762.77,
        "qpu_delay_time_per_sample": 20.54,
        "total_post_processing_time": 1.0,
        "post_processing_overhead_time": 1.0
    },
    "embedding_info": {
        "embedding": {
            "45": [
                1958,
                4330,
                1957
            ],
            "46": [
                2122,
                4270,
                2123
            ],
            "51": [
                2003,
                4360,
                2002
            ],
            "47": [
                1928,
                4510,
                4511
            ],
            "52": [
                4421,
                4420,
                1943
            ],
            "48": [
                1793,
                4450,
                2092,
                4449
            ],
            "53": [
                2048,
                4540,
                2047
            ],
            "49": [
                4391,
                4464,
                1912,
                4390
            ],
            "54": [
                4346,
                1897,
                4345
            ],
            "50": [
                2152,
                2153,
                4331
            ],
            "55": [
                4436,
                4435,
                2168
            ],
            "56": [
                2063,
                4480,
                2062,
                2064
            ],
            "57": [
                2033,
                2034,
                2032
            ],
            "58": [
                4375,
                4376,
                2018
            ],
            "59": [
                2107,
                4241,
                4300,
                2108
            ],
            "60": [
                1973,
                4495,
                1974
            ],
            "61": [
                2078,
                2079,
                2077
            ],
            "62": [
                4526,
                4525
            ],
            "63": [
                4466,
                4465,
                2227,
                2303
            ],
            "64": [
                4407,
                4406,
                4496,
                2198
            ],
            "65": [
                2138,
                2137,
                4571
            ],
            "7": [
                1929
            ],
            "21": [
                4509
            ],
            "8": [
                1794
            ],
            "27": [
                4569
            ],
            "9": [
                1911
            ],
            "33": [
                1854,
                4554,
                1778
            ],
            "10": [
                4316
            ],
            "39": [
                4586
            ],
            "11": [
                2005,
                2004
            ],
            "16": [
                1927
            ],
            "12": [
                1944
            ],
            "22": [
                1853
            ],
            "13": [
                4720,
                2049
            ],
            "28": [
                4539,
                1824
            ],
            "14": [
                2332,
                4347
            ],
            "34": [
                4644,
                1898
            ],
            "15": [
                2272,
                4437
            ],
            "40": [
                2184,
                4616,
                2183
            ],
            "17": [
                4751
            ],
            "23": [
                4795,
                4796
            ],
            "18": [
                2035
            ],
            "29": [
                4689,
                4690
            ],
            "19": [
                4377
            ],
            "35": [
                2019,
                4705
            ],
            "20": [
                4242
            ],
            "41": [
                4556
            ],
            "24": [
                1975
            ],
            "30": [
                4630
            ],
            "25": [
                4691,
                4692,
                2094
            ],
            "36": [
                4676,
                4675
            ],
            "26": [
                2273,
                2274,
                4527
            ],
            "42": [
                2244,
                2243
            ],
            "31": [
                4422,
                2318,
                2319
            ],
            "37": [
                2304,
                2305
            ],
            "32": [
                2364,
                2363
            ],
            "43": [
                2199,
                4602
            ],
            "38": [
                4481,
                2258,
                4482
            ],
            "44": [
                4572
            ],
            "0": [
                1733
            ],
            "66": [
                1718
            ],
            "67": [
                4584
            ],
            "68": [
                4585
            ],
            "1": [
                4269
            ],
            "70": [
                1792,
                4314,
                4374
            ],
            "71": [
                1823,
                4524
            ],
            "72": [
                1883
            ],