{
    "config": "L_1000-1957.792214404432s-1_A200",
    "num_vars": 138,
    "num_qubit": 480,
    "time_elapsed": 0.07673311233520508,
    "best_state": {
        "sample": [
            0,
            1,
            0,
            0,
            0,
            1,
            0,
            0,
            1,
            0,
            0,
            1,
            1,
            1,
            0,
            1,
            1,
            0,
            0,
            1,
            0,
            1,
            0,
            1,
            0,
            0,
            1,
            1,
            0,
            0,
            0,
            0,
            0,
            0,
            0,
            0,
            1,
            0,
            0,
            0,
            0,
            0,
            0,
            0,
            0,
            0,
            0,
            0,
            0,
            0,
            0,
            0,
            0,
            0,
            0,
            0,
            1,
            0,
            0,
            0,
            0,
            0,
            0,
            0,
            0,
            1,
            0,
            1,
            0,
            0,
            0,
            0,
            0,
            0,
            0,
            0,
            0,
            0,
            0,
            0,
            1,
            0,
            0,
            0,
            0,
            0,
            0,
            0,
            0,
            0,
            0,
            0,
            1,
            0,
            0,
            0,
            0,
            0,
            0,
            1,
            0,
            0,
            0,
            0,
            0,
            0,
            0,
            0,
            0,
            0,
            0,
            0,
            0,
            0,
            1,
            0,
            0,
            0,
            1,
            0,
            0,
            0,
            0,
            0,
            1,
            1,
            0,
            0,
            0,
            0,
            0,
            0,
            0,
            0,
            0,
            0,
            0,
            0
        ],
        "energy": 8979.0,
        "chain_break_fraction": 0.021739130434782608
    },
    "chain_strength_prefactor": 0.3,
    "chain_strength": 1957.792214404432,
    "max_chain_length": 7,
    "timing_info": {
        "qpu_sampling_time": 321380.0,
        "qpu_anneal_time_per_sample": 200.0,
        "qpu_readout_time_per_sample": 100.84,
        "qpu_access_time": 337140.77,
        "qpu_access_overhead_time": 2105.23,
        "qpu_programming_time": 15760.77,
        "qpu_delay_time_per_sample": 20.54,
        "total_post_processing_time": 1.0,
        "post_processing_overhead_time": 1.0
    },
    "embedding_info": {
        "embedding": {
            "3": [
                4839,
                4840,
                4841,
                2035,
                2034
            ],
            "0": [
                2126,
                5020,
                5019,
                2125,
                5096,
                5097
            ],
            "6": [
                2290,
                2289,
                2288,
                2291,
                2292
            ],
            "9": [
                4946,
                2155,
                2154,
                2153,
                4947
            ],
            "12": [
                4854,
                4855,
                1810,
                4856,
                2020
            ],
            "16": [
                5111,
                5112,
                5110,
                2096,
                2095,
                5113
            ],
            "20": [
                2273,
                2274,
                4826,
                2305,
                2306,
                4557
            ],
            "24": [
                2216,
                5051,
                2215,
                4871,
                5052
            ],
            "1": [
                1856,
                4899,
                5034,
                1841,
                5064
            ],
            "2": [
                1751,
                5018
            ],
            "4": [
                1913,
                1914,
                1915,
                4525,
                4526,
                4527
            ],
            "5": [
                4571,
                4570,
                1989,
                4569
            ],
            "7": [
                2500,
                4933,
                4932,
                2499,
                2498,
                2501
            ],
            "8": [
                4903,
                4902
            ],
            "10": [
                4512,
                2378,
                4511,
                4513,
                2258,
                2078
            ],
            "11": [
                4436,
                2138
            ],
            "13": [
                4766,
                4765,
                2139,
                4764
            ],
            "14": [
                4735,
                1974
            ],
            "15": [
                1990
            ],
            "17": [
                5141,
                5140,
                5142,
                5143,
                1857
            ],
            "18": [
                2397,
                5158
            ],
            "19": [
                2411
            ],
            "21": [
                4722,
                2319,
                2380,
                2318,
                2381,
                4917
            ],
            "22": [
                2379,
                4662,
                4618
            ],
            "23": [
                4617
            ],
            "25": [
                2140,
                2141,
                4961,
                4811
            ],
            "26": [
                2276,
                5021
            ],
            "27": [
                2156
            ],
            "40": [
                1780,
                1781
            ],
            "84": [
                1735,
                1736,
                4869
            ],
            "99": [
                1886,
                5094
            ],
            "126": [
                5049,
                5050
            ],
            "41": [
                5004,
                5003
            ],
            "85": [
                4988,
                1720,
                1719
            ],
            "100": [
                1766,
                1767,
                5124,
                5139
            ],
            "127": [
                4960,
                4959,
                1931
            ],
            "28": [
                1824,
                4659,
                1825,
                1826,
                1823,
                4944
            ],
            "57": [
                2303,
                4481,
                4480,
                4479,
                4437,
                4438,
                2468
            ],
            "71": [
                4449,
                4450,
                1897,
                4451,
                1912
            ],
            "86": [
                1809,
                4614,
                4644,
                1808
            ],
            "101": [
                1899,
                1900,
                1901,
                1898
            ],
            "113": [
                4555,
                4556,
                1943,
                4554,
                2123
            ],
            "29": [
                1884,
                1883,
                1885,
                4914
            ],