{
    "config": "N_1000-7576.82177329828s-1_A200",
    "num_vars": 104,
    "num_qubit": 195,
    "time_elapsed": 0.03677225112915039,
    "best_state": {
        "sample": [
            1,
            0,
            0,
            0,
            0,
            0,
            0,
            1,
            0,
            0,
            0,
            0,
            0,
            0,
            0,
            1,
            0,
            0,
            0,
            0,
            0,
            0,
            0,
            0,
            0,
            0,
            0,
            0,
            0,
            0,
            0,
            1,
            0,
            0,
            0,
            0,
            0,
            0,
            0,
            0,
            1,
            1,
            1,
            1,
            1,
            1,
            0,
            0,
            0,
            0,
            0,
            1,
            1,
            0,
            0,
            0,
            0,
            0,
            0,
            0,
            0,
            1,
            1,
            1,
            1,
            1,
            1,
            1,
            0,
            0,
            0,
            0,
            0,
            0,
            0,
            0,
            0,
            0,
            0,
            0,
            0,
            0,
            0,
            0,
            0,
            0,
            0,
            1,
            1,
            1,
            1,
            1,
            0,
            1,
            1,
            1,
            0,
            0,
            0,
            0,
            0,
            0,
            0,
            0
        ],
        "energy": 1050.0,
        "chain_break_fraction": 0.0
    },
    "chain_strength_prefactor": 0.35,
    "chain_strength": 7576.82177329828,
    "max_chain_length": 4,
    "timing_info": {
        "qpu_sampling_time": 272060.0,
        "qpu_anneal_time_per_sample": 200.0,
        "qpu_readout_time_per_sample": 51.52,
        "qpu_access_time": 287989.57,
        "qpu_access_overhead_time": 1229.43,
        "qpu_programming_time": 15929.57,
        "qpu_delay_time_per_sample": 20.54,
        "total_post_processing_time": 11.0,
        "post_processing_overhead_time": 11.0
    },
    "embedding_info": {
        "embedding": {
            "40": [
                316,
                3256
            ],
            "41": [
                376,
                3136,
                3137
            ],
            "46": [
                3302,
                3301,
                481,
                480
            ],
            "42": [
                391,
                390
            ],
            "47": [
                406,
                407
            ],
            "43": [
                3121,
                3122,
                315
            ],
            "48": [
                3347,
                421,
                420
            ],
            "44": [
                360,
                270,
                3061,
                3195
            ],
            "49": [
                3241,
                331,
                330
            ],
            "45": [
                361,
                362,
                3211
            ],
            "50": [
                3271,
                346,
                377
            ],
            "51": [
                450,
                3152
            ],
            "52": [
                496,
                497,
                495
            ],
            "53": [
                3031,
                465
            ],
            "54": [
                3196,
                3197
            ],
            "55": [
                557,
                556,
                3167
            ],
            "56": [
                3092,
                3091,
                615
            ],
            "57": [
                3182,
                3181,
                3183
            ],
            "58": [
                600,
                3106,
                3107,
                601
            ],
            "59": [
                542,
                3407,
                3406,
                541
            ],
            "60": [
                436,
                435,
                437
            ],
            "4": [
                212,
                3316
            ],
            "9": [
                3255
            ],
            "5": [
                525
            ],
            "14": [
                226
            ],
            "6": [
                2957
            ],
            "19": [
                3226,
                3225,
                3227
            ],
            "7": [
                2926
            ],
            "29": [
                271,
                3331
            ],
            "8": [
                3286,
                3287,
                3288
            ],
            "35": [
                3616,
                318,
                363
            ],
            "10": [
                2972
            ],
            "15": [
                227
            ],
            "11": [
                3541,
                422
            ],
            "24": [
                392
            ],
            "12": [
                3001,
                405
            ],
            "30": [
                332
            ],
            "13": [
                3273,
                3272
            ],
            "36": [
                378
            ],
            "16": [
                3077
            ],
            "20": [
                526
            ],
            "17": [
                3482
            ],
            "25": [
                3317,
                451
            ],
            "18": [
                3032
            ],
            "31": [
                466
            ],
            "21": [
                3377,
                631
            ],
            "26": [
                646,
                645,
                3362
            ],
            "22": [
                3153
            ],
            "32": [
                587,
                3437,
                586
            ],
            "23": [
                751,
                752
            ],
            "37": [
                737,
                736,
                738
            ],
            "27": [
                691,
                3318,
                692
            ],
            "33": [
                602
            ],
            "28": [
                632
            ],
            "38": [
                3452,
                588,
                527
            ],
            "34": [
                3527,
                513
            ],
            "39": [
                3557,
                3556
            ],
            "0": [
                3240
            ],
            "61": [
                211
            ],
            "62": [
                3210
            ],
            "63": [
                286
            ],
            "64": [
                317,
                3375
            ],
            "66": [
                3421,
                3420
            ],
            "67": [
                287,
                3436
            ],
            "68": [
                3451
            ],
            "70": [
                511,
                510
            ],
            "71": [
                3242
            ],
            "72": [
                3257
            ],
            "1": [
                2942
            ],
            "74": [
                555
            ],
            "75": [
                3062,
                3063
            ],
            "76": [
                3123,
                690
            ],
            "77": [
                3138
            ],