{
    "config": "N_1000-4329.612441884733s-1_A200",
    "num_vars": 104,
    "num_qubit": 196,
    "time_elapsed": 0.039772987365722656,
    "best_state": {
        "sample": [
            0,
            0,
            1,
            0,
            0,
            0,
            0,
            0,
            0,
            0,
            1,
            0,
            0,
            0,
            0,
            0,
            0,
            0,
            0,
            1,
            0,
            0,
            0,
            0,
            0,
            0,
            0,
            0,
            0,
            0,
            1,
            0,
            1,
            0,
            0,
            0,
            0,
            0,
            0,
            0,
            0,
            0,
            0,
            1,
            0,
            0,
            1,
            0,
            1,
            0,
            0,
            0,
            1,
            0,
            0,
            1,
            0,
            0,
            0,
            0,
            0,
            0,
            0,
            1,
            1,
            0,
            0,
            0,
            1,
            1,
            1,
            0,
            0,
            0,
            1,
            1,
            1,
            1,
            1,
            1,
            0,
            0,
            0,
            0,
            0,
            0,
            0,
            0,
            1,
            1,
            1,
            1,
            1,
            1,
            1,
            1,
            0,
            0,
            0,
            0,
            0,
            0,
            0,
            0
        ],
        "energy": 1470.0,
        "chain_break_fraction": 0.028846153846153848
    },
    "chain_strength_prefactor": 0.2,
    "chain_strength": 4329.612441884733,
    "max_chain_length": 4,
    "timing_info": {
        "qpu_sampling_time": 298740.0,
        "qpu_anneal_time_per_sample": 200.0,
        "qpu_readout_time_per_sample": 78.2,
        "qpu_access_time": 314668.37,
        "qpu_access_overhead_time": 1401.63,
        "qpu_programming_time": 15928.37,
        "qpu_delay_time_per_sample": 20.54,
        "total_post_processing_time": 1.0,
        "post_processing_overhead_time": 1.0
    },
    "embedding_info": {
        "embedding": {
            "40": [
                3433,
                3432
            ],
            "41": [
                2312,
                3447
            ],
            "46": [
                3402,
                2327
            ],
            "42": [
                2388,
                2387
            ],
            "47": [
                2358,
                2357,
                3552
            ],
            "43": [
                2372,
                2373
            ],
            "48": [
                2597,
                3417,
                3418
            ],
            "44": [
                3343,
                3342,
                2492
            ],
            "49": [
                3462,
                2417,
                3463
            ],
            "45": [
                2281,
                3282,
                2282
            ],
            "50": [
                2342,
                2343
            ],
            "51": [
                3493,
                2538,
                2402,
                3492
            ],
            "52": [
                3477,
                3478,
                2523
            ],
            "53": [
                3508,
                3507
            ],
            "54": [
                2266,
                3357,
                2267
            ],
            "55": [
                3358,
                2462,
                2463
            ],
            "56": [
                3387,
                2416,
                2477,
                3386
            ],
            "57": [
                3252,
                2401,
                3372
            ],
            "58": [
                2506,
                2507,
                3328
            ],
            "59": [
                3298,
                3297,
                2522
            ],
            "60": [
                2296,
                3327,
                2297
            ],
            "4": [
                2447
            ],
            "9": [
                3431
            ],
            "5": [
                2313
            ],
            "14": [
                2252
            ],
            "6": [
                2389
            ],
            "19": [
                3627,
                2298,
                3657
            ],
            "7": [
                3314,
                3313
            ],
            "25": [
                3566,
                3568,
                3567
            ],
            "8": [
                2280
            ],
            "35": [
                2283,
                3581
            ],
            "10": [
                2328
            ],
            "15": [
                2432
            ],
            "11": [
                2359,
                3732
            ],
            "20": [
                3658,
                2478,
                3659
            ],
            "12": [
                3419
            ],
            "26": [
                3553
            ],
            "13": [
                3461
            ],
            "30": [
                3464
            ],
            "16": [
                2628,
                3583
            ],
            "21": [
                3613
            ],
            "17": [
                3506
            ],
            "31": [
                2718,
                3509
            ],
            "18": [
                2265
            ],
            "36": [
                3537
            ],
            "22": [
                2567,
                3359
            ],
            "27": [
                2537,
                3373,
                3403
            ],
            "23": [
                3222,
                2221,
                3221
            ],
            "32": [
                3388
            ],
            "24": [
                3178,
                2400
            ],
            "37": [
                3208,
                3207,
                2311
            ],
            "28": [
                3268,
                3267
            ],
            "33": [
                2491,
                3223
            ],
            "29": [
                2521
            ],
            "38": [
                2461,
                3163,
                3237
            ],
            "34": [
                3177
            ],
            "39": [
                3191
            ],
            "0": [
                3446
            ],
            "61": [
                2177,
                3401
            ],
            "62": [
                2222,
                3522
            ],
            "63": [
                3551
            ],
            "64": [
                2193
            ],
            "66": [
                3523
            ],
            "67": [
                3524,
                2658
            ],
            "68": [
                2627
            ],
            "70": [
                3582,
                2433,
                3688
            ],
            "71": [
                2508,
                3598,
                3599
            ],
            "72": [
                3539,
                3538
            ],
            "74": [
                3703,
                3702,
                3704
            ],
            "75": [
                2613,
                2612
            ],
            "76": [
                2611
            ],