{
    "config": "N_1000-8659.224883769466s-1_A200",
    "num_vars": 104,
    "num_qubit": 202,
    "time_elapsed": 0.06852912902832031,
    "best_state": {
        "sample": [
            1,
            0,
            0,
            0,
            0,
            1,
            0,
            0,
            0,
            0,
            0,
            0,
            0,
            0,
            0,
            1,
            0,
            0,
            0,
            0,
            0,
            0,
            0,
            0,
            0,
            0,
            0,
            0,
            0,
            0,
            0,
            0,
            0,
            0,
            0,
            0,
            0,
            0,
            0,
            0,
            1,
            1,
            1,
            0,
            0,
            0,
            0,
            0,
            0,
            0,
            0,
            0,
            0,
            0,
            0,
            0,
            0,
            0,
            0,
            0,
            1,
            1,
            1,
            1,
            1,
            1,
            1,
            1,
            1,
            1,
            1,
            0,
            0,
            0,
            0,
            0,
            0,
            0,
            0,
            0,
            0,
            0,
            0,
            0,
            0,
            0,
            0,
            0,
            0,
            0,
            0,
            0,
            0,
            0,
            0,
            0,
            0,
            0,
            0,
            0,
            0,
            0,
            0,
            0
        ],
        "energy": 1047.0,
        "chain_break_fraction": 0.0
    },
    "chain_strength_prefactor": 0.4,
    "chain_strength": 8659.224883769466,
    "max_chain_length": 4,
    "timing_info": {
        "qpu_sampling_time": 300060.0,
        "qpu_anneal_time_per_sample": 200.0,
        "qpu_readout_time_per_sample": 79.52,
        "qpu_access_time": 315819.57,
        "qpu_access_overhead_time": 2439.43,
        "qpu_programming_time": 15759.57,
        "qpu_delay_time_per_sample": 20.54,
        "total_post_processing_time": 1.0,
        "post_processing_overhead_time": 1.0
    },
    "embedding_info": {
        "embedding": {
            "40": [
                1546,
                1545,
                3083
            ],
            "41": [
                1695,
                3068,
                1696
            ],
            "46": [
                1681,
                3278,
                1680
            ],
            "42": [
                3247,
                1486,
                3248
            ],
            "47": [
                3098,
                3097,
                1590
            ],
            "43": [
                3158,
                1636,
                3159
            ],
            "48": [
                1621,
                3113,
                3218
            ],
            "44": [
                1530,
                1531,
                3052
            ],
            "49": [
                3022,
                1575,
                1576
            ],
            "45": [
                3308,
                1561,
                3309
            ],
            "50": [
                1591,
                3233,
                3293
            ],
            "51": [
                1471,
                3262,
                3263
            ],
            "52": [
                1605,
                1606
            ],
            "53": [
                3202,
                3201,
                3203
            ],
            "54": [
                1426,
                3187,
                3188,
                1427
            ],
            "55": [
                3143,
                3142
            ],
            "56": [
                1440,
                1441
            ],
            "57": [
                3232,
                1456
            ],
            "58": [
                3127,
                3128,
                1410,
                1291
            ],
            "59": [
                3172,
                1335,
                3173
            ],
            "60": [
                1411,
                3292,
                3291,
                3217
            ],
            "4": [
                3354,
                3353
            ],
            "9": [
                3084
            ],
            "5": [
                1697
            ],
            "14": [
                3069
            ],
            "6": [
                1396
            ],
            "19": [
                1651,
                3144
            ],
            "7": [
                1637
            ],
            "25": [
                1635,
                2933
            ],
            "8": [
                1562
            ],
            "35": [
                1668,
                1667
            ],
            "10": [
                1682
            ],
            "15": [
                3339
            ],
            "11": [
                1381,
                1380
            ],
            "20": [
                1710,
                1711,
                3099
            ],
            "12": [
                1622
            ],
            "26": [
                1620
            ],
            "13": [
                3020,
                3021
            ],
            "30": [
                3036,
                3037
            ],
            "16": [
                1246,
                3261
            ],
            "21": [
                1472
            ],
            "17": [
                3200
            ],
            "31": [
                1351,
                1350,
                1352
            ],
            "18": [
                3412
            ],
            "36": [
                3473,
                3472
            ],
            "22": [
                1307,
                1306,
                3322
            ],
            "27": [
                1215,
                3141
            ],
            "23": [
                3156,
                1216,
                1365,
                3157
            ],
            "32": [
                1395,
                3081,
                3082
            ],
            "24": [
                1457,
                3382
            ],
            "37": [
                1516,
                1517,
                1515
            ],
            "28": [
                1155,
                3126
            ],
            "33": [
                3096,
                1320,
                3095
            ],
            "29": [
                3186,
                1231
            ],
            "38": [
                1336,
                3352
            ],
            "34": [
                1171,
                3336
            ],
            "39": [
                3230,
                1186
            ],
            "0": [
                1815
            ],
            "61": [
                1800
            ],
            "62": [
                2979,
                1755
            ],
            "63": [
                1650
            ],
            "64": [
                1666,
                1665
            ],
            "66": [
                1726
            ],
            "67": [
                3053,
                1725
            ],
            "68": [
                3038
            ],
            "70": [
                3442,
                3443
            ],
            "71": [
                3427
            ],
            "72": [
                1367
            ],
            "74": [
                3231
            ],
            "75": [
                1276
            ],