{
    "config": "N_1000-59191.945539693304s-1_A200",
    "num_vars": 117,
    "num_qubit": 218,
    "time_elapsed": 0.03130531311035156,
    "best_state": {
        "sample": [
            0,
            0,
            0,
            0,
            1,
            1,
            0,
            0,
            0,
            0,
            0,
            0,
            0,
            0,
            0,
            0,
            0,
            0,
            0,
            0,
            0,
            0,
            0,
            0,
            0,
            0,
            0,
            0,
            0,
            0,
            0,
            0,
            0,
            0,
            0,
            0,
            0,
            0,
            0,
            1,
            1,
            0,
            0,
            0,
            0,
            0,
            1,
            1,
            1,
            0,
            0,
            1,
            1,
            1,
            1,
            0,
            1,
            0,
            0,
            0,
            0,
            0,
            0,
            0,
            0,
            0,
            0,
            0,
            0,
            0,
            0,
            0,
            0,
            1,
            1,
            1,
            1,
            0,
            0,
            0,
            0,
            0,
            0,
            0,
            0,
            0,
            0,
            0,
            0,
            0,
            0,
            0,
            0,
            0,
            0,
            0,
            0,
            0,
            0,
            0,
            0,
            0,
            0,
            0,
            0,
            0,
            0,
            1,
            1,
            1,
            1,
            1,
            1,
            1,
            1,
            1,
            1
        ],
        "energy": 6535.0,
        "chain_break_fraction": 0.0
    },
    "chain_strength_prefactor": 0.4,
    "chain_strength": 59191.945539693304,
    "max_chain_length": 4,
    "timing_info": {
        "qpu_sampling_time": 352700.0,
        "qpu_anneal_time_per_sample": 200.0,
        "qpu_readout_time_per_sample": 132.16,
        "qpu_access_time": 368462.77,
        "qpu_access_overhead_time": 1943.23,
        "qpu_programming_time": 15762.77,
        "qpu_delay_time_per_sample": 20.54,
        "total_post_processing_time": 1.0,
        "post_processing_overhead_time": 1.0
    },
    "embedding_info": {
        "embedding": {
            "45": [
                729,
                730,
                4638
            ],
            "46": [
                714,
                715
            ],
            "51": [
                744,
                4683,
                4668,
                743
            ],
            "47": [
                4848,
                580,
                4847
            ],
            "52": [
                4533,
                759,
                760
            ],
            "48": [
                4712,
                4713,
                595
            ],
            "53": [
                4743,
                4744,
                684
            ],
            "49": [
                4788,
                685
            ],
            "54": [
                639,
                4698,
                640
            ],
            "50": [
                4773,
                4774
            ],
            "55": [
                4818,
                4817,
                834
            ],
            "56": [
                4653,
                804,
                805
            ],
            "57": [
                699,
                4728
            ],
            "58": [
                670,
                669,
                4908
            ],
            "59": [
                790,
                789,
                4893
            ],
            "60": [
                4863,
                4862,
                775
            ],
            "61": [
                4833,
                4832
            ],
            "62": [
                850,
                849,
                4803
            ],
            "63": [
                654,
                655
            ],
            "64": [
                745,
                746,
                4758
            ],
            "65": [
                700,
                4938
            ],
            "5": [
                713
            ],
            "15": [
                4593,
                594
            ],
            "6": [
                4876,
                4877
            ],
            "21": [
                4563,
                579
            ],
            "7": [
                596
            ],
            "27": [
                504,
                4592
            ],
            "8": [
                686
            ],
            "33": [
                4682,
                609
            ],
            "9": [
                4775
            ],
            "39": [
                4772,
                550
            ],
            "10": [
                4413
            ],
            "16": [
                4398
            ],
            "11": [
                4531,
                4532
            ],
            "22": [
                638,
                4472
            ],
            "12": [
                865,
                864
            ],
            "28": [
                4637,
                4636
            ],
            "13": [
                641
            ],
            "34": [
                519,
                4667
            ],
            "14": [
                4819
            ],
            "40": [
                535
            ],
            "17": [
                4651,
                4652
            ],
            "23": [
                803
            ],
            "18": [
                910,
                4729
            ],
            "29": [
                4607,
                4608,
                473
            ],
            "19": [
                761,
                762
            ],
            "35": [
                4801,
                4802
            ],
            "20": [
                4894,
                956
            ],
            "41": [
                4892
            ],
            "24": [
                4864,
                985
            ],
            "30": [
                505,
                4922,
                4787
            ],
            "25": [
                836,
                835
            ],
            "36": [
                460,
                4831
            ],
            "26": [
                4939,
                926
            ],
            "42": [
                4998,
                4997,
                851
            ],
            "31": [
                656,
                5162,
                5161
            ],
            "37": [
                4969,
                4968
            ],
            "32": [
                5043
            ],
            "43": [
                866,
                5028,
                5027
            ],
            "38": [
                701
            ],
            "44": [
                611,
                610
            ],
            "66": [
                4697
            ],
            "67": [
                564
            ],
            "68": [
                549
            ],
            "0": [
                578
            ],
            "70": [
                593
            ],
            "71": [
                608,
                4487
            ],
            "72": [
                4622
            ],
            "73": [
                534
            ],
            "75": [
                683,
                4518
            ],