{
    "config": "N_1000-3005.0765327636814s-1_A200",
    "num_vars": 103,
    "num_qubit": 195,
    "time_elapsed": 0.09749031066894531,
    "best_state": {
        "sample": [
            0,
            0,
            0,
            1,
            0,
            0,
            0,
            0,
            0,
            0,
            0,
            0,
            0,
            0,
            0,
            0,
            0,
            1,
            1,
            0,
            0,
            0,
            0,
            0,
            0,
            0,
            0,
            0,
            0,
            1,
            1,
            0,
            0,
            0,
            0,
            0,
            0,
            0,
            0,
            0,
            0,
            0,
            0,
            0,
            0,
            0,
            0,
            1,
            0,
            1,
            0,
            1,
            0,
            1,
            1,
            0,
            1,
            0,
            1,
            1,
            1,
            1,
            1,
            1,
            0,
            0,
            1,
            0,
            0,
            0,
            1,
            1,
            1,
            1,
            1,
            0,
            0,
            0,
            0,
            0,
            0,
            0,
            0,
            0,
            0,
            1,
            1,
            1,
            1,
            1,
            1,
            1,
            1,
            0,
            0,
            0,
            0,
            0,
            0,
            0,
            0,
            0,
            0
        ],
        "energy": 530.0,
        "chain_break_fraction": 0.0
    },
    "chain_strength_prefactor": 0.4,
    "chain_strength": 3005.0765327636814,
    "max_chain_length": 4,
    "timing_info": {
        "qpu_sampling_time": 336760.0,
        "qpu_anneal_time_per_sample": 200.0,
        "qpu_readout_time_per_sample": 116.22,
        "qpu_access_time": 352685.57,
        "qpu_access_overhead_time": 1934.43,
        "qpu_programming_time": 15925.57,
        "qpu_delay_time_per_sample": 20.54,
        "total_post_processing_time": 6.0,
        "post_processing_overhead_time": 6.0
    },
    "embedding_info": {
        "embedding": {
            "39": [
                2515,
                2516
            ],
            "40": [
                5038,
                2666,
                2621
            ],
            "45": [
                4993,
                4992
            ],
            "41": [
                4904,
                4903,
                2665
            ],
            "46": [
                2440,
                4888,
                2441
            ],
            "42": [
                4948,
                2531,
                2530
            ],
            "47": [
                2486,
                2485,
                5113
            ],
            "43": [
                5054,
                5053,
                2756
            ],
            "48": [
                5023,
                2576,
                5022
            ],
            "44": [
                2650,
                4828,
                2651
            ],
            "49": [
                4919,
                4918,
                2635
            ],
            "50": [
                2591,
                2590,
                5083
            ],
            "51": [
                4978,
                2425,
                4979
            ],
            "52": [
                5068,
                2561,
                2560
            ],
            "53": [
                2620,
                4858
            ],
            "54": [
                4933,
                2410,
                4934
            ],
            "55": [
                2471,
                2470,
                2469
            ],
            "56": [
                2605,
                4873,
                2604
            ],
            "57": [
                2500,
                4798,
                2501
            ],
            "58": [
                4843,
                4842
            ],
            "59": [
                2545,
                2546,
                4753
            ],
            "5": [
                5039
            ],
            "13": [
                2606
            ],
            "6": [
                2664
            ],
            "17": [
                2456,
                5098,
                2547,
                2455
            ],
            "7": [
                4947
            ],
            "22": [
                5128,
                2532
            ],
            "8": [
                5052
            ],
            "28": [
                2695,
                2696
            ],
            "9": [
                4889
            ],
            "33": [
                5069
            ],
            "10": [
                2439
            ],
            "18": [
                5143,
                2411
            ],
            "11": [
                5007
            ],
            "23": [
                2382
            ],
            "12": [
                4829,
                2680
            ],
            "34": [
                2636,
                5084
            ],
            "14": [
                4977
            ],
            "24": [
                4963,
                4964
            ],
            "15": [
                5067
            ],
            "29": [
                4799
            ],
            "16": [
                2619
            ],
            "35": [
                4859
            ],
            "19": [
                4917
            ],
            "25": [
                2380,
                4872
            ],
            "20": [
                4647,
                4646
            ],
            "30": [
                4603,
                4604
            ],
            "21": [
                4708,
                2559
            ],
            "36": [
                4693,
                2589,
                4694
            ],
            "26": [
                4737,
                2259,
                2395
            ],
            "31": [
                2274,
                2273,
                4797
            ],
            "27": [
                2350,
                2349
            ],
            "37": [
                4782,
                2365
            ],
            "32": [
                2409,
                2408
            ],
            "38": [
                2424
            ],
            "60": [
                5188
            ],
            "61": [
                5129,
                2577
            ],
            "62": [
                2681
            ],
            "64": [
                5158,
                5159
            ],
            "0": [
                5024
            ],
            "66": [
                2726
            ],
            "67": [
                2710,
                2711
            ],
            "68": [
                2725
            ],
            "1": [
                2649
            ],
            "70": [
                4724,
                4723
            ],
            "71": [
                2484,
                4768
            ],
            "72": [
                4618,
                2379
            ],
            "73": [
                2514
            ],
            "74": [
                2499
            ],
            "2": [
                4932
            ],
            "78": [
                2351
            ],
            "79": [
                2321,
                4962
            ],
            "80": [
                2260
            ],
            "81": [
                2275
            ],