{
    "config": "N_1000-1502.5382663818407s-1_A200",
    "num_vars": 103,
    "num_qubit": 192,
    "time_elapsed": 0.024999380111694336,
    "best_state": {
        "sample": [
            0,
            1,
            0,
            0,
            0,
            0,
            0,
            0,
            0,
            0,
            0,
            0,
            0,
            0,
            0,
            0,
            0,
            0,
            1,
            0,
            1,
            0,
            0,
            0,
            1,
            0,
            0,
            1,
            0,
            0,
            0,
            0,
            0,
            1,
            0,
            0,
            0,
            0,
            0,
            0,
            0,
            0,
            0,
            0,
            0,
            1,
            0,
            1,
            1,
            1,
            0,
            0,
            0,
            0,
            1,
            0,
            1,
            0,
            1,
            1,
            0,
            0,
            0,
            1,
            0,
            0,
            1,
            1,
            1,
            1,
            1,
            1,
            1,
            1,
            1,
            1,
            1,
            0,
            0,
            1,
            1,
            1,
            1,
            1,
            1,
            0,
            0,
            0,
            0,
            0,
            0,
            0,
            0,
            0,
            0,
            0,
            0,
            1,
            1,
            1,
            1,
            1,
            1
        ],
        "energy": 2744.0,
        "chain_break_fraction": 0.038834951456310676
    },
    "chain_strength_prefactor": 0.2,
    "chain_strength": 1502.5382663818407,
    "max_chain_length": 4,
    "timing_info": {
        "qpu_sampling_time": 334420.0,
        "qpu_anneal_time_per_sample": 200.0,
        "qpu_readout_time_per_sample": 113.88,
        "qpu_access_time": 350344.77,
        "qpu_access_overhead_time": 1826.23,
        "qpu_programming_time": 15924.77,
        "qpu_delay_time_per_sample": 20.54,
        "total_post_processing_time": 12.0,
        "post_processing_overhead_time": 12.0
    },
    "embedding_info": {
        "embedding": {
            "39": [
                5147,
                5146,
                446
            ],
            "40": [
                371,
                372
            ],
            "45": [
                281,
                5041
            ],
            "41": [
                357,
                356,
                5131
            ],
            "46": [
                402,
                5086,
                5206
            ],
            "42": [
                461,
                5176
            ],
            "47": [
                5116,
                5117,
                311
            ],
            "43": [
                5027,
                5026
            ],
            "48": [
                5056,
                401
            ],
            "44": [
                5011,
                5012
            ],
            "49": [
                4967,
                430,
                431
            ],
            "50": [
                5161,
                417,
                5160,
                492
            ],
            "51": [
                5102,
                5101
            ],
            "52": [
                491,
                5042,
                4981
            ],
            "53": [
                341,
                4996,
                342
            ],
            "54": [
                567,
                5132,
                566
            ],
            "55": [
                5072,
                5071,
                626,
                5057
            ],
            "56": [
                386,
                387,
                4906,
                4907
            ],
            "57": [
                4952,
                460,
                521
            ],
            "58": [
                475,
                476
            ],
            "59": [
                4937,
                445,
                551
            ],
            "5": [
                370
            ],
            "13": [
                373,
                5326
            ],
            "6": [
                358
            ],
            "17": [
                5281
            ],
            "7": [
                5177
            ],
            "23": [
                5175,
                237,
                5220
            ],
            "8": [
                415,
                4711,
                416
            ],
            "28": [
                5025,
                221
            ],
            "9": [
                671
            ],
            "33": [
                5010,
                161
            ],
            "10": [
                403
            ],
            "18": [
                222,
                223,
                5085
            ],
            "11": [
                400,
                4742
            ],
            "29": [
                5055,
                116
            ],
            "12": [
                4968
            ],
            "34": [
                4965,
                4966
            ],
            "14": [
                418
            ],
            "19": [
                296,
                295,
                297
            ],
            "15": [
                552
            ],
            "24": [
                265,
                266
            ],
            "16": [
                4997
            ],
            "35": [
                4995
            ],
            "20": [
                5221,
                5222
            ],
            "25": [
                536,
                535,
                537
            ],
            "21": [
                506,
                505,
                504,
                507
            ],
            "30": [
                207,
                206,
                5070
            ],
            "22": [
                611,
                612,
                610
            ],
            "36": [
                326,
                325,
                327
            ],
            "26": [
                459
            ],
            "31": [
                4892
            ],
            "27": [
                4877
            ],
            "37": [
                4832,
                4831,
                670
            ],
            "32": [
                4772,
                520
            ],
            "38": [
                4712,
                550
            ],
            "60": [
                252
            ],
            "61": [
                251
            ],
            "62": [
                5040
            ],
            "64": [
                131
            ],
            "0": [
                385
            ],
            "66": [
                4876
            ],
            "67": [
                4936,
                310
            ],
            "68": [
                250
            ],
            "1": [
                343
            ],
            "70": [
                5341
            ],
            "71": [
                5356
            ],
            "72": [
                432,
                5297
            ],
            "73": [
                5191,
                5190,
                5192
            ],
            "74": [
                312,
                5205
            ],
            "75": [
                5266,
                5267
            ],
            "2": [
                687
            ],
            "80": [
                5162
            ],