{
    "config": "F_1000-11212.427245423403s-1_A200",
    "num_vars": 46,
    "num_qubit": 103,
    "time_elapsed": 0.01699542999267578,
    "best_state": {
        "sample": [
            0,
            0,
            0,
            0,
            0,
            0,
            0,
            0,
            0,
            0,
            0,
            1,
            0,
            1,
            1,
            0,
            0,
            0,
            0,
            0,
            0,
            0,
            1,
            1,
            0,
            1,
            1,
            0,
            0,
            0,
            1,
            1,
            0,
            0,
            0,
            0,
            0,
            0,
            0,
            0,
            0,
            1,
            1,
            1,
            1,
            1
        ],
        "energy": 4738.0,
        "chain_break_fraction": 0.06521739130434782
    },
    "chain_strength": 11212.427245423403,
    "max_chain_length": 3,
    "timing_info": {
        "qpu_sampling_time": 289840.0,
        "qpu_anneal_time_per_sample": 200.0,
        "qpu_readout_time_per_sample": 69.3,
        "qpu_access_time": 305766.37,
        "qpu_access_overhead_time": 1960.63,
        "qpu_programming_time": 15926.37,
        "qpu_delay_time_per_sample": 20.54,
        "total_post_processing_time": 1.0,
        "post_processing_overhead_time": 1.0
    },
    "embedding_info": {
        "embedding": {
            "25": [
                1152,
                5301,
                5302
            ],
            "26": [
                5317,
                1362
            ],
            "31": [
                1468,
                5272,
                5271
            ],
            "27": [
                1303,
                5406
            ],
            "32": [
                1093,
                5255,
                5256
            ],
            "28": [
                1317,
                1318
            ],
            "33": [
                5391,
                5390,
                1288
            ],
            "29": [
                5286,
                5287,
                1167
            ],
            "34": [
                1273,
                5421
            ],
            "30": [
                5360,
                5361
            ],
            "35": [
                1212,
                1213
            ],
            "36": [
                1333,
                1332,
                5436
            ],
            "37": [
                1377,
                5211,
                1378
            ],
            "38": [
                5332,
                5331
            ],
            "39": [
                1347,
                5241,
                1182
            ],
            "40": [
                5345,
                5346
            ],
            "41": [
                1197,
                5195,
                1198
            ],
            "42": [
                1227,
                1228,
                1226
            ],
            "43": [
                1242,
                1243,
                5196
            ],
            "44": [
                1257,
                5226,
                1258
            ],
            "45": [
                5316,
                1123
            ],
            "3": [
                1151
            ],
            "6": [
                1407
            ],
            "4": [
                1467,
                5122
            ],
            "14": [
                1452,
                5137
            ],
            "5": [
                5210,
                1062
            ],
            "18": [
                5181,
                5180,
                1392
            ],
            "7": [
                1092,
                5120
            ],
            "11": [
                1031,
                5090,
                1032
            ],
            "8": [
                1211,
                5030
            ],
            "21": [
                1166,
                5136
            ],
            "9": [
                1376
            ],
            "15": [
                5107,
                1302
            ],
            "10": [
                1181
            ],
            "22": [
                1241,
                5046,
                1346
            ],
            "12": [
                5240,
                1107
            ],
            "19": [
                5225,
                1137
            ],
            "13": [
                5121
            ],
            "23": [
                5106,
                5105
            ],
            "16": [
                5166,
                1331,
                5165
            ],
            "20": [
                5151,
                5150,
                5152
            ],
            "17": [
                5076,
                5077,
                1272
            ],
            "24": [
                5091,
                1287,
                5092
            ],
            "0": [
                5227
            ],
            "1": [
                1361
            ],
            "2": [
                1077
            ]
        },
        "chain_break_method": "majority_vote",
        "embedding_parameters": {},
        "chain_strength": 11212.427245423403
    }
}