{
    "config": "L_1000-746.6068353093295s-1_A200",
    "num_vars": 98,
    "num_qubit": 223,
    "time_elapsed": 0.045703887939453125,
    "best_state": {
        "sample": [
            0,
            1,
            0,
            0,
            1,
            0,
            1,
            0,
            0,
            0,
            1,
            0,
            0,
            1,
            0,
            1,
            0,
            1,
            1,
            1,
            0,
            0,
            1,
            1,
            1,
            0,
            0,
            1,
            0,
            0,
            0,
            0,
            0,
            0,
            0,
            0,
            1,
            0,
            0,
            0,
            0,
            0,
            0,
            0,
            0,
            0,
            0,
            1,
            0,
            0,
            0,
            0,
            0,
            0,
            0,
            0,
            0,
            1,
            1,
            0,
            0,
            1,
            0,
            0,
            0,
            0,
            0,
            0,
            0,
            0,
            0,
            0,
            0,
            0,
            0,
            0,
            0,
            0,
            1,
            0,
            0,
            0,
            0,
            0,
            0,
            0,
            0,
            0,
            1,
            0,
            1,
            0,
            1,
            0,
            1,
            0,
            0,
            0
        ],
        "energy": 2442.0,
        "chain_break_fraction": 0.01020408163265306
    },
    "chain_strength_prefactor": 0.3,
    "chain_strength": 746.6068353093295,
    "max_chain_length": 4,
    "timing_info": {
        "qpu_sampling_time": 324980.0,
        "qpu_anneal_time_per_sample": 200.0,
        "qpu_readout_time_per_sample": 104.44,
        "qpu_access_time": 340909.17,
        "qpu_access_overhead_time": 2173.83,
        "qpu_programming_time": 15929.17,
        "qpu_delay_time_per_sample": 20.54,
        "total_post_processing_time": 1.0,
        "post_processing_overhead_time": 1.0
    },
    "embedding_info": {
        "embedding": {
            "3": [
                1659,
                4703,
                4584,
                4585
            ],
            "0": [
                4599,
                4600,
                1749,
                4598
            ],
            "6": [
                1840,
                4719,
                1839
            ],
            "9": [
                1838,
                4479,
                1898
            ],
            "12": [
                4675,
                1989,
                4615
            ],
            "16": [
                1883,
                4629,
                4509
            ],
            "20": [
                1973,
                1974,
                4435,
                4570
            ],
            "24": [
                4359,
                1853,
                1854,
                4358
            ],
            "1": [
                1599,
                4658,
                4613
            ],
            "2": [
                1523
            ],
            "4": [
                1629,
                1628,
                4568
            ],
            "5": [
                4688
            ],
            "7": [
                4795,
                4796
            ],
            "8": [
                1945,
                4885,
                4854
            ],
            "10": [
                4420
            ],
            "11": [
                1943
            ],
            "13": [
                4706,
                4705
            ],
            "14": [
                2124
            ],
            "15": [
                2109
            ],
            "17": [
                1809,
                4569,
                1810
            ],
            "18": [
                4689,
                1779
            ],
            "19": [
                1778
            ],
            "21": [
                2063,
                4540,
                2062
            ],
            "22": [
                4450,
                2108
            ],
            "23": [
                4495
            ],
            "25": [
                1672,
                4314,
                1792,
                4313
            ],
            "26": [
                1867,
                4344,
                4329
            ],
            "27": [
                1732
            ],
            "37": [
                4763,
                1614,
                1645
            ],
            "70": [
                4628
            ],
            "88": [
                1643,
                1644
            ],
            "38": [
                4642,
                1508,
                1509
            ],
            "71": [
                4493,
                4492,
                1703
            ],
            "89": [
                1613,
                1612,
                4583
            ],
            "28": [
                1583,
                1584
            ],
            "48": [
                1538,
                4718,
                1539
            ],
            "72": [
                4553,
                4554
            ],
            "90": [
                1568,
                4523,
                1567
            ],
            "29": [
                4733,
                1569
            ],
            "49": [
                4794,
                1704,
                4793
            ],
            "73": [
                4538,
                1688,
                1689
            ],
            "91": [
                1554,
                1553,
                1552,
                4328
            ],
            "39": [
                4779,
                1660,
                4780
            ],
            "62": [
                4781,
                2049
            ],
            "79": [
                4660,
                1959,
                1960
            ],
            "40": [
                1630,
                4823,
                4824
            ],
            "63": [
                4810,
                4809,
                2079
            ],
            "80": [
                2005,
                4825,
                2004
            ],
            "81": [
                1988
            ],
            "92": [
                4405,
                1897
            ],
            "82": [
                4510
            ],
            "93": [
                1928,
                1927
            ],
            "50": [
                4720,
                2064
            ],
            "74": [
                1929
            ],
            "83": [
                2034,
                4690
            ],
            "51": [
                4766,
                2170
            ],
            "75": [
                4750,
                4749,
                4751
            ],
            "84": [
                4616,
                2154
            ],
            "31": [
                1718,
                1717
            ],
            "42": [
                1824,
                4614
            ],
            "64": [
                4673,
                1719,
                4674
            ],
            "94": [
                1673,
                1674,
                4434
            ],
            "32": [
                1733,
                1734
            ],
            "43": [
                1763,
                1764,
                4478
            ],
            "65": [
                4765,
                1944,
                4764
            ],