{
    "config": "N_1000-1922.645880283249s-1_A200",
    "num_vars": 67,
    "num_qubit": 126,
    "time_elapsed": 0.01999831199645996,
    "best_state": {
        "sample": [
            1,
            0,
            0,
            1,
            0,
            0,
            0,
            1,
            0,
            0,
            0,
            0,
            1,
            0,
            0,
            0,
            0,
            0,
            0,
            0,
            0,
            0,
            0,
            0,
            0,
            1,
            1,
            1,
            1,
            1,
            1,
            1,
            1,
            1,
            0,
            1,
            0,
            1,
            0,
            1,
            1,
            0,
            1,
            0,
            1,
            1,
            1,
            1,
            1,
            1,
            1,
            1,
            1,
            1,
            0,
            0,
            0,
            0,
            0,
            0,
            0,
            0,
            0,
            0,
            0,
            0,
            0
        ],
        "energy": 607.0,
        "chain_break_fraction": 0.014925373134328358
    },
    "chain_strength_prefactor": 0.25,
    "chain_strength": 1922.645880283249,
    "max_chain_length": 3,
    "timing_info": {
        "qpu_sampling_time": 279560.0,
        "qpu_anneal_time_per_sample": 200.0,
        "qpu_readout_time_per_sample": 59.02,
        "qpu_access_time": 295318.37,
        "qpu_access_overhead_time": 1643.63,
        "qpu_programming_time": 15758.37,
        "qpu_delay_time_per_sample": 20.54,
        "total_post_processing_time": 1.0,
        "post_processing_overhead_time": 1.0
    },
    "embedding_info": {
        "embedding": {
            "25": [
                2479,
                2478,
                3793
            ],
            "26": [
                2389,
                3673,
                2390
            ],
            "31": [
                3853,
                2464
            ],
            "27": [
                3582,
                2403,
                2404
            ],
            "32": [
                3807,
                3808
            ],
            "28": [
                3688,
                3687,
                2344
            ],
            "33": [
                3777,
                2419,
                3776
            ],
            "29": [
                3761,
                3762
            ],
            "34": [
                2449,
                2448
            ],
            "30": [
                2329,
                3792
            ],
            "35": [
                3747,
                2314
            ],
            "36": [
                3868,
                3867,
                2509
            ],
            "37": [
                3703,
                2418
            ],
            "38": [
                2433,
                2434
            ],
            "39": [
                3717,
                3718
            ],
            "40": [
                3657,
                2253,
                2254
            ],
            "41": [
                2360,
                2359,
                3927
            ],
            "42": [
                2299,
                3837
            ],
            "43": [
                3731,
                2149,
                3732
            ],
            "44": [
                2374,
                2375
            ],
            "45": [
                3822,
                2284,
                3823
            ],
            "3": [
                3658
            ],
            "6": [
                3552
            ],
            "4": [
                3686
            ],
            "15": [
                2283,
                3566
            ],
            "5": [
                3760
            ],
            "19": [
                3791,
                2164
            ],
            "7": [
                2209,
                3806
            ],
            "11": [
                2524
            ],
            "8": [
                2315,
                4032
            ],
            "22": [
                2313,
                3642
            ],
            "9": [
                2239
            ],
            "12": [
                2583,
                3748
            ],
            "10": [
                3701,
                3702
            ],
            "16": [
                3628,
                3627
            ],
            "13": [
                3882,
                3881,
                3883
            ],
            "17": [
                3596,
                3595
            ],
            "14": [
                2300,
                3911
            ],
            "23": [
                2268,
                3746
            ],
            "18": [
                3716
            ],
            "20": [
                3851,
                2089
            ],
            "21": [
                2269,
                3926
            ],
            "24": [
                3821
            ],
            "0": [
                3567
            ],
            "46": [
                3522,
                2343
            ],
            "47": [
                3521,
                2163
            ],
            "49": [
                3643
            ],
            "52": [
                2238,
                3672
            ],
            "53": [
                3581
            ],
            "54": [
                2224,
                2223
            ],
            "1": [
                3671
            ],
            "57": [
                2043
            ],
            "58": [
                2059,
                2058
            ],
            "59": [
                3896
            ],
            "60": [
                2073,
                2074
            ],
            "2": [
                3775
            ],
            "63": [
                2119
            ],
            "64": [
                2104
            ],
            "65": [
                3836,
                2180
            ],
            "67": [
                2285,
                3941
            ],
            "68": [
                2210
            ],
            "55": [
                2539,
                2540
            ],
            "56": [
                3897,
                3898
            ],
            "61": [
                2208,
                3626
            ],
            "62": [
                2088
            ],
            "66": [
                2165
            ],
            "69": [
                2194,
                2195,
                3641
            ]
        },
        "chain_break_method": "majority_vote",
        "embedding_parameters": {},
        "chain_strength": 1922.645880283249
    }
}