{
    "config": "N_1000-2307.1750563398987s-1_A200",
    "num_vars": 67,
    "num_qubit": 123,
    "time_elapsed": 0.018181562423706055,
    "best_state": {
        "sample": [
            0,
            0,
            1,
            0,
            0,
            0,
            0,
            0,
            0,
            0,
            0,
            0,
            0,
            0,
            1,
            1,
            0,
            0,
            0,
            0,
            0,
            1,
            0,
            0,
            1,
            1,
            1,
            1,
            0,
            0,
            0,
            1,
            1,
            0,
            0,
            0,
            0,
            0,
            0,
            0,
            0,
            0,
            0,
            0,
            0,
            1,
            0,
            0,
            1,
            0,
            0,
            0,
            0,
            0,
            0,
            1,
            1,
            1,
            0,
            0,
            0,
            1,
            1,
            1,
            1,
            1,
            1
        ],
        "energy": 398.0,
        "chain_break_fraction": 0.014925373134328358
    },
    "chain_strength": 2307.1750563398987,
    "max_chain_length": 3,
    "timing_info": {
        "qpu_sampling_time": 288360.0,
        "qpu_anneal_time_per_sample": 200.0,
        "qpu_readout_time_per_sample": 67.82,
        "qpu_access_time": 304286.77,
        "qpu_access_overhead_time": 877.23,
        "qpu_programming_time": 15926.77,
        "qpu_delay_time_per_sample": 20.54,
        "total_post_processing_time": 1.0,
        "post_processing_overhead_time": 1.0
    },
    "embedding_info": {
        "embedding": {
            "25": [
                2744,
                5594,
                5593
            ],
            "26": [
                2668,
                2669,
                5383
            ],
            "31": [
                5443,
                2534,
                5444
            ],
            "27": [
                5458,
                2488,
                5459
            ],
            "32": [
                2564,
                5608
            ],
            "28": [
                5653,
                5654,
                2489
            ],
            "33": [
                2474,
                5562,
                5563
            ],
            "29": [
                2518,
                2519
            ],
            "34": [
                2443,
                2444,
                5518
            ],
            "30": [
                2653,
                2654,
                5368
            ],
            "35": [
                5519,
                2579
            ],
            "36": [
                5578,
                2549
            ],
            "37": [
                5547,
                5548
            ],
            "38": [
                2504,
                2503
            ],
            "39": [
                2637,
                2638,
                5533
            ],
            "40": [
                2608,
                2609
            ],
            "41": [
                5473,
                5474
            ],
            "42": [
                2593,
                2592,
                2594
            ],
            "43": [
                2399,
                5503,
                5504
            ],
            "44": [
                2623,
                2624,
                5398
            ],
            "45": [
                5488,
                5489
            ],
            "3": [
                5592
            ],
            "6": [
                2743
            ],
            "4": [
                2487
            ],
            "11": [
                2457,
                5323
            ],
            "5": [
                5369
            ],
            "21": [
                2607
            ],
            "7": [
                2369
            ],
            "14": [
                2323,
                2324
            ],
            "8": [
                5397
            ],
            "18": [
                5532
            ],
            "9": [
                2354
            ],
            "15": [
                2458,
                5382
            ],
            "10": [
                5234
            ],
            "22": [
                2533,
                5413,
                5353
            ],
            "12": [
                2473,
                5352
            ],
            "19": [
                2412,
                2413
            ],
            "13": [
                2577,
                5248
            ],
            "23": [
                5218
            ],
            "16": [
                5412,
                2398
            ],
            "20": [
                5457,
                2263
            ],
            "17": [
                2622,
                2621
            ],
            "24": [
                2563,
                5309
            ],
            "0": [
                5279
            ],
            "46": [
                5263,
                5264
            ],
            "47": [
                5278
            ],
            "49": [
                2339
            ],
            "1": [
                2472
            ],
            "52": [
                5293
            ],
            "53": [
                2502,
                5308
            ],
            "54": [
                2517,
                5233
            ],
            "56": [
                5502,
                2278
            ],
            "57": [
                5427,
                5428,
                2578
            ],
            "58": [
                5324
            ],
            "61": [
                2338
            ],
            "62": [
                2293,
                5442
            ],
            "2": [
                5354
            ],
            "64": [
                2787
            ],
            "65": [
                5249
            ],
            "66": [
                5144,
                2697
            ],
            "67": [
                5294
            ],
            "55": [
                2442
            ],
            "59": [
                2383,
                5367
            ],
            "60": [
                5338,
                5339
            ],
            "63": [
                2428
            ],
            "68": [
                2532,
                5203
            ],
            "69": [
                2652
            ]
        },
        "chain_break_method": "majority_vote",
        "embedding_parameters": {},
        "chain_strength": 2307.1750563398987
    }
}