{
    "config": "N_1000-1538.1167042265993s-1_A200",
    "num_vars": 67,
    "num_qubit": 119,
    "time_elapsed": 0.020692110061645508,
    "best_state": {
        "sample": [
            1,
            0,
            1,
            1,
            0,
            0,
            0,
            0,
            0,
            0,
            0,
            0,
            0,
            0,
            0,
            0,
            0,
            0,
            0,
            0,
            0,
            0,
            1,
            0,
            0,
            1,
            1,
            1,
            1,
            1,
            1,
            1,
            1,
            1,
            1,
            1,
            1,
            1,
            0,
            0,
            1,
            0,
            0,
            0,
            0,
            0,
            1,
            1,
            1,
            0,
            0,
            0,
            0,
            0,
            0,
            0,
            0,
            0,
            0,
            0,
            0,
            1,
            1,
            1,
            1,
            1,
            1
        ],
        "energy": 434.0,
        "chain_break_fraction": 0.029850746268656716
    },
    "chain_strength_prefactor": 0.2,
    "chain_strength": 1538.1167042265993,
    "max_chain_length": 3,
    "timing_info": {
        "qpu_sampling_time": 327820.0,
        "qpu_anneal_time_per_sample": 200.0,
        "qpu_readout_time_per_sample": 107.28,
        "qpu_access_time": 343745.17,
        "qpu_access_overhead_time": 1014.83,
        "qpu_programming_time": 15925.17,
        "qpu_delay_time_per_sample": 20.54,
        "total_post_processing_time": 65.0,
        "post_processing_overhead_time": 65.0
    },
    "embedding_info": {
        "embedding": {
            "25": [
                4393,
                4392,
                2437
            ],
            "26": [
                2318,
                2317
            ],
            "31": [
                4332,
                2257,
                2258
            ],
            "27": [
                4377,
                2393
            ],
            "32": [
                4512,
                4511,
                2378
            ],
            "28": [
                4467,
                4466
            ],
            "33": [
                4496,
                2198
            ],
            "29": [
                2333,
                2334,
                2332
            ],
            "34": [
                2273,
                2272,
                4542
            ],
            "30": [
                2468,
                4497,
                4423
            ],
            "35": [
                4437,
                4438
            ],
            "36": [
                4527,
                2363
            ],
            "37": [
                4481,
                2213,
                4482
            ],
            "38": [
                4407,
                4408
            ],
            "39": [
                2422,
                4557,
                2423
            ],
            "40": [
                4451,
                4452
            ],
            "41": [
                2287,
                4362,
                2288
            ],
            "42": [
                2408,
                2407
            ],
            "43": [
                4422,
                2227
            ],
            "44": [
                4572,
                2303,
                4573
            ],
            "45": [
                4632,
                2349,
                2348
            ],
            "3": [
                4391
            ],
            "6": [
                2438,
                2439
            ],
            "4": [
                2335
            ],
            "18": [
                4737,
                4738
            ],
            "5": [
                4513
            ],
            "21": [
                2469,
                4677
            ],
            "7": [
                2243
            ],
            "11": [
                2122,
                2123
            ],
            "8": [
                4495
            ],
            "14": [
                2168
            ],
            "9": [
                4480
            ],
            "15": [
                2184,
                2183
            ],
            "10": [
                4618
            ],
            "22": [
                4646,
                4647
            ],
            "12": [
                4586,
                2138
            ],
            "16": [
                2153,
                4556
            ],
            "13": [
                2215,
                2214,
                4587
            ],
            "19": [
                2289
            ],
            "17": [
                4602,
                2364
            ],
            "23": [
                2169,
                4571
            ],
            "20": [
                2319,
                4752
            ],
            "24": [
                4692
            ],
            "0": [
                4693
            ],
            "46": [
                2454
            ],
            "47": [
                4723
            ],
            "49": [
                4406
            ],
            "52": [
                4631,
                2154
            ],
            "53": [
                2199,
                4661
            ],
            "55": [
                2063
            ],
            "56": [
                2048
            ],
            "57": [
                4617,
                4616
            ],
            "1": [
                4797
            ],
            "60": [
                4782
            ],
            "61": [
                2274,
                4826
            ],
            "62": [
                2259
            ],
            "2": [
                4528
            ],
            "64": [
                2453
            ],
            "65": [
                4603
            ],
            "66": [
                4662,
                2394
            ],
            "67": [
                4707
            ],
            "54": [
                4541
            ],
            "58": [
                4526
            ],
            "59": [
                2228
            ],
            "63": [
                4722
            ],
            "68": [
                4676,
                2139
            ],
            "69": [
                4691,
                4706
            ]
        },
        "chain_break_method": "majority_vote",
        "embedding_parameters": {},
        "chain_strength": 1538.1167042265993
    }
}