{
    "config": "N_1000-2691.704232396549s-1_A200",
    "num_vars": 67,
    "num_qubit": 123,
    "time_elapsed": 0.02284550666809082,
    "best_state": {
        "sample": [
            0,
            1,
            0,
            0,
            0,
            0,
            0,
            0,
            0,
            0,
            0,
            0,
            0,
            0,
            1,
            0,
            0,
            1,
            0,
            0,
            0,
            1,
            1,
            0,
            0,
            0,
            1,
            0,
            0,
            0,
            0,
            1,
            1,
            0,
            0,
            0,
            0,
            0,
            0,
            0,
            0,
            0,
            0,
            0,
            1,
            1,
            0,
            1,
            0,
            0,
            0,
            0,
            1,
            1,
            1,
            1,
            1,
            1,
            0,
            0,
            0,
            0,
            0,
            0,
            1,
            1,
            1
        ],
        "energy": 398.0,
        "chain_break_fraction": 0.0
    },
    "chain_strength_prefactor": 0.35,
    "chain_strength": 2691.704232396549,
    "max_chain_length": 3,
    "timing_info": {
        "qpu_sampling_time": 324540.0,
        "qpu_anneal_time_per_sample": 200.0,
        "qpu_readout_time_per_sample": 104.0,
        "qpu_access_time": 340465.57,
        "qpu_access_overhead_time": 1392.43,
        "qpu_programming_time": 15925.57,
        "qpu_delay_time_per_sample": 20.54,
        "total_post_processing_time": 1.0,
        "post_processing_overhead_time": 1.0
    },
    "embedding_info": {
        "embedding": {
            "25": [
                1508,
                4627,
                4628
            ],
            "26": [
                1645,
                1644
            ],
            "31": [
                4613,
                4614
            ],
            "27": [
                1629,
                1630
            ],
            "32": [
                4598,
                4597,
                4599
            ],
            "28": [
                4808,
                1734,
                1733
            ],
            "33": [
                4764,
                1764
            ],
            "29": [
                1614,
                1615,
                4718
            ],
            "34": [
                1599,
                4643
            ],
            "30": [
                4778,
                4779,
                1509
            ],
            "35": [
                4763,
                1569,
                4733
            ],
            "36": [
                1538,
                1539,
                4538
            ],
            "37": [
                4838,
                1675,
                1674
            ],
            "38": [
                4748,
                1584,
                4749
            ],
            "39": [
                4702,
                4703,
                1494
            ],
            "40": [
                4673,
                1659
            ],
            "41": [
                4657,
                4658,
                1749
            ],
            "42": [
                4688,
                4687,
                1419
            ],
            "43": [
                1600,
                4823,
                1719
            ],
            "44": [
                1689,
                1690
            ],
            "45": [
                1704,
                1703
            ],
            "3": [
                4626
            ],
            "6": [
                1464
            ],
            "4": [
                1735
            ],
            "14": [
                4583,
                4582,
                4584
            ],
            "5": [
                1616
            ],
            "18": [
                1359,
                4717
            ],
            "7": [
                1314
            ],
            "11": [
                1390,
                1389
            ],
            "8": [
                4732
            ],
            "21": [
                4642
            ],
            "9": [
                1676
            ],
            "15": [
                4569,
                4568
            ],
            "10": [
                1495
            ],
            "22": [
                1479,
                4672
            ],
            "12": [
                1525,
                4912,
                1524
            ],
            "19": [
                4656
            ],
            "13": [
                4882,
                1420
            ],
            "23": [
                1465,
                4747
            ],
            "16": [
                4868,
                1555
            ],
            "20": [
                4943,
                4942
            ],
            "17": [
                4883,
                1540
            ],
            "24": [
                4897,
                4898
            ],
            "0": [
                1449
            ],
            "46": [
                4567
            ],
            "47": [
                1358
            ],
            "49": [
                4641
            ],
            "52": [
                1299,
                1300
            ],
            "53": [
                4792
            ],
            "1": [
                1720
            ],
            "55": [
                5003
            ],
            "56": [
                1646,
                5033
            ],
            "57": [
                1631
            ],
            "58": [
                4913
            ],
            "2": [
                1601
            ],
            "61": [
                4973
            ],
            "62": [
                1510,
                4867
            ],
            "63": [
                4927,
                4928
            ],
            "65": [
                1480
            ],
            "66": [
                4852
            ],
            "67": [
                1570
            ],
            "54": [
                1405
            ],
            "59": [
                1554,
                1553
            ],
            "60": [
                1585,
                4807
            ],
            "64": [
                1374,
                1375
            ],
            "68": [
                1434
            ],
            "69": [
                1435,
                4822
            ]
        },
        "chain_break_method": "majority_vote",
        "embedding_parameters": {},
        "chain_strength": 2691.704232396549
    }
}