{
    "config": "N_1000-1538.1167042265993s-1_A200",
    "num_vars": 67,
    "num_qubit": 121,
    "time_elapsed": 0.027524471282958984,
    "best_state": {
        "sample": [
            1,
            1,
            0,
            1,
            0,
            0,
            0,
            0,
            0,
            0,
            0,
            0,
            1,
            0,
            0,
            0,
            0,
            0,
            0,
            0,
            0,
            0,
            0,
            0,
            0,
            1,
            1,
            1,
            1,
            1,
            0,
            0,
            0,
            0,
            1,
            0,
            0,
            0,
            1,
            0,
            0,
            1,
            0,
            1,
            0,
            0,
            1,
            1,
            1,
            1,
            1,
            1,
            1,
            1,
            1,
            0,
            0,
            0,
            0,
            0,
            0,
            0,
            0,
            0,
            0,
            0,
            0
        ],
        "energy": 434.0,
        "chain_break_fraction": 0.029850746268656716
    },
    "chain_strength_prefactor": 0.2,
    "chain_strength": 1538.1167042265993,
    "max_chain_length": 3,
    "timing_info": {
        "qpu_sampling_time": 307200.0,
        "qpu_anneal_time_per_sample": 200.0,
        "qpu_readout_time_per_sample": 86.66,
        "qpu_access_time": 322960.37,
        "qpu_access_overhead_time": 1516.63,
        "qpu_programming_time": 15760.37,
        "qpu_delay_time_per_sample": 20.54,
        "total_post_processing_time": 45.0,
        "post_processing_overhead_time": 45.0
    },
    "embedding_info": {
        "embedding": {
            "25": [
                1519,
                1565,
                3907
            ],
            "26": [
                3802,
                3803
            ],
            "31": [
                1490,
                1489
            ],
            "27": [
                3893,
                1504,
                3892
            ],
            "32": [
                3863,
                1549
            ],
            "28": [
                1445,
                1444,
                3877
            ],
            "33": [
                1580,
                1579,
                3937
            ],
            "29": [
                3832,
                1369
            ],
            "34": [
                3756,
                1354,
                3757
            ],
            "30": [
                3787,
                3788
            ],
            "35": [
                3727,
                1564
            ],
            "36": [
                1534,
                1533,
                3922
            ],
            "37": [
                3713,
                3712,
                1594
            ],
            "38": [
                3818,
                3817,
                1399
            ],
            "39": [
                1384,
                3741,
                3742
            ],
            "40": [
                3967,
                1475,
                1474
            ],
            "41": [
                3862,
                1460
            ],
            "42": [
                1459,
                3772
            ],
            "43": [
                3847,
                3848
            ],
            "44": [
                1429,
                1430
            ],
            "45": [
                1413,
                1414
            ],
            "3": [
                3906
            ],
            "6": [
                3908
            ],
            "4": [
                3891
            ],
            "11": [
                1610,
                3938
            ],
            "5": [
                1446
            ],
            "15": [
                1385
            ],
            "7": [
                1234
            ],
            "18": [
                1339
            ],
            "8": [
                3728
            ],
            "21": [
                1323,
                3726
            ],
            "9": [
                3921
            ],
            "12": [
                1609,
                3698
            ],
            "10": [
                3743
            ],
            "22": [
                3697
            ],
            "13": [
                3982,
                3983
            ],
            "16": [
                3951,
                1400
            ],
            "14": [
                1639,
                3773
            ],
            "23": [
                3682
            ],
            "17": [
                3846,
                1265
            ],
            "19": [
                1295,
                3831
            ],
            "20": [
                3652,
                3651
            ],
            "24": [
                3561,
                3562
            ],
            "0": [
                3923
            ],
            "46": [
                1595
            ],
            "47": [
                4042,
                4043
            ],
            "49": [
                1324
            ],
            "1": [
                3876
            ],
            "52": [
                1250
            ],
            "53": [
                1235
            ],
            "54": [
                1310,
                3966,
                1309
            ],
            "55": [
                3667,
                3668
            ],
            "2": [
                4072
            ],
            "58": [
                4057,
                1355
            ],
            "59": [
                3981,
                1340
            ],
            "60": [
                1280
            ],
            "62": [
                1249,
                1248
            ],
            "63": [
                1233,
                3636
            ],
            "65": [
                1669
            ],
            "66": [
                3637,
                3638
            ],
            "67": [
                1383
            ],
            "56": [
                1655,
                3833
            ],
            "57": [
                1625,
                1624
            ],
            "61": [
                3936
            ],
            "64": [
                1294,
                3786
            ],
            "68": [
                1353,
                3622
            ],
            "69": [
                1398
            ]
        },
        "chain_break_method": "majority_vote",
        "embedding_parameters": {},
        "chain_strength": 1538.1167042265993
    }
}