{
    "config": "F_1000-53372.78199585367s-1_A200",
    "num_vars": 39,
    "num_qubit": 74,
    "time_elapsed": 0.034232378005981445,
    "best_state": {
        "sample": [
            1,
            1,
            1,
            0,
            0,
            0,
            1,
            0,
            0,
            0,
            0,
            0,
            0,
            0,
            0,
            0,
            0,
            1,
            1,
            0,
            0,
            0,
            1,
            1,
            0,
            0,
            0,
            1,
            1,
            0,
            1,
            1,
            1,
            1,
            1,
            1,
            1,
            1,
            0
        ],
        "energy": 2890.0,
        "chain_break_fraction": 0.02564102564102564
    },
    "chain_strength_prefactor": 0.3,
    "chain_strength": 53372.78199585367,
    "max_chain_length": 3,
    "timing_info": {
        "qpu_sampling_time": 274180.0,
        "qpu_anneal_time_per_sample": 200.0,
        "qpu_readout_time_per_sample": 53.64,
        "qpu_access_time": 290105.57,
        "qpu_access_overhead_time": 1214.43,
        "qpu_programming_time": 15925.57,
        "qpu_delay_time_per_sample": 20.54,
        "total_post_processing_time": 190.0,
        "post_processing_overhead_time": 190.0
    },
    "embedding_info": {
        "embedding": {
            "18": [
                932,
                3289
            ],
            "19": [
                3379,
                3378
            ],
            "24": [
                3304,
                856,
                767
            ],
            "20": [
                3364,
                1022
            ],
            "25": [
                887,
                886
            ],
            "21": [
                3274,
                947
            ],
            "26": [
                3334,
                3335
            ],
            "22": [
                3439,
                902
            ],
            "27": [
                3350,
                3349
            ],
            "23": [
                3424,
                917,
                3423
            ],
            "28": [
                827,
                826,
                3484
            ],
            "29": [
                3394,
                1037,
                3393
            ],
            "30": [
                842,
                841
            ],
            "31": [
                857,
                3469
            ],
            "32": [
                3363,
                692
            ],
            "33": [
                976,
                977,
                3244
            ],
            "34": [
                961,
                3259,
                962
            ],
            "35": [
                3409,
                3408
            ],
            "36": [
                872,
                3454,
                871
            ],
            "37": [
                3319,
                752,
                3320
            ],
            "38": [
                812,
                811
            ],
            "6": [
                782
            ],
            "16": [
                797
            ],
            "7": [
                1007
            ],
            "9": [
                3485,
                933
            ],
            "8": [
                903
            ],
            "13": [
                948,
                3574
            ],
            "10": [
                3544
            ],
            "11": [
                3559
            ],
            "12": [
                873,
                3604
            ],
            "14": [
                918
            ],
            "15": [
                3514
            ],
            "17": [
                3530,
                3529
            ],
            "0": [
                796
            ],
            "2": [
                3589
            ],
            "3": [
                992
            ],
            "4": [
                3619,
                843
            ],
            "5": [
                3453,
                768
            ],
            "1": [
                4809
            ]
        },
        "chain_break_method": "majority_vote",
        "embedding_parameters": {},
        "chain_strength": 53372.78199585367
    }
}