{
    "config": "L_1000-4618.93583021418s-1_A200",
    "num_vars": 88,
    "num_qubit": 182,
    "time_elapsed": 0.07971787452697754,
    "best_state": {
        "sample": [
            1,
            0,
            0,
            0,
            0,
            1,
            0,
            0,
            1,
            0,
            0,
            1,
            0,
            1,
            0,
            1,
            0,
            1,
            0,
            1,
            0,
            1,
            1,
            1,
            0,
            0,
            0,
            1,
            0,
            0,
            0,
            0,
            0,
            0,
            0,
            0,
            0,
            1,
            0,
            1,
            0,
            0,
            0,
            0,
            0,
            0,
            0,
            0,
            0,
            0,
            1,
            0,
            0,
            0,
            0,
            0,
            0,
            1,
            0,
            0,
            0,
            0,
            0,
            0,
            1,
            0,
            0,
            0,
            0,
            1,
            1,
            0,
            0,
            1,
            0,
            0,
            0,
            1,
            0,
            0,
            0,
            0,
            0,
            0,
            0,
            0,
            1,
            0
        ],
        "energy": 22287.0,
        "chain_break_fraction": 0.03409090909090909
    },
    "chain_strength_prefactor": 0.3,
    "chain_strength": 4618.93583021418,
    "max_chain_length": 4,
    "timing_info": {
        "qpu_sampling_time": 323920.0,
        "qpu_anneal_time_per_sample": 200.0,
        "qpu_readout_time_per_sample": 103.38,
        "qpu_access_time": 339683.97,
        "qpu_access_overhead_time": 1852.03,
        "qpu_programming_time": 15763.97,
        "qpu_delay_time_per_sample": 20.54,
        "total_post_processing_time": 17.0,
        "post_processing_overhead_time": 17.0
    },
    "embedding_info": {
        "embedding": {
            "3": [
                4415,
                4414,
                4416
            ],
            "0": [
                1028,
                4505,
                4506,
                1027
            ],
            "6": [
                1133,
                4431,
                1132
            ],
            "9": [
                4520,
                1103,
                4521
            ],
            "12": [
                4489,
                4490,
                893
            ],
            "16": [
                1224,
                1223,
                4611
            ],
            "20": [
                1208,
                4536,
                1207
            ],
            "24": [
                1148,
                4535,
                1149,
                1147
            ],
            "1": [
                983,
                4294,
                982,
                4295
            ],
            "2": [
                4325,
                1072
            ],
            "4": [
                773,
                4384
            ],
            "5": [
                817
            ],
            "7": [
                1041,
                4190
            ],
            "8": [
                4175
            ],
            "10": [
                1163,
                4475
            ],
            "11": [
                1193
            ],
            "13": [
                833,
                4519
            ],
            "14": [
                4579
            ],
            "15": [
                878
            ],
            "17": [
                1254,
                4596,
                1255
            ],
            "18": [
                4686
            ],
            "19": [
                1209
            ],
            "21": [
                1299,
                1298
            ],
            "22": [
                4446,
                1238
            ],
            "23": [
                4551
            ],
            "25": [
                4655,
                4654,
                1074
            ],
            "26": [
                4730,
                1120
            ],
            "27": [
                4715
            ],
            "46": [
                967,
                4324,
                4459
            ],
            "51": [
                1012,
                4340
            ],
            "53": [
                4430,
                1088
            ],
            "61": [
                938,
                4444
            ],
            "74": [
                4386,
                4385,
                1237
            ],
            "80": [
                998,
                997
            ],
            "47": [
                4264,
                892,
                4265
            ],
            "52": [
                1042,
                4235
            ],
            "54": [
                1057,
                1058,
                4310
            ],
            "62": [
                4354,
                4355,
                908
            ],
            "75": [
                4371,
                4370,
                1222
            ],
            "81": [
                953,
                954,
                4400,
                4369
            ],
            "28": [
                877,
                4279,
                4399
            ],
            "63": [
                4429,
                787
            ],
            "29": [
                4339
            ],
            "64": [
                4443,
                832
            ],
            "31": [
                1011,
                4250
            ],
            "32": [
                1102
            ],
            "34": [
                1073,
                4565
            ],
            "76": [
                4566,
                1253
            ],
            "82": [
                4550,
                1119
            ],
            "35": [
                1177,
                4445,
                1178
            ],
            "77": [
                4581,
                4582
            ],
            "83": [
                1134,
                4640
            ],
            "37": [
                4504
            ],
            "48": [
                863
            ],
            "84": [
                818,
                4534
            ],
            "38": [
                848,
                4474,
                4473
            ],
            "49": [
                4564,
                759,
                758
            ],
            "85": [
                909,
                4549
            ],
            "78": [
                1269
            ],
            "86": [
                4776,
                1270
            ],
            "79": [
                4701
            ],
            "87": [
                1179
            ],
            "40": [
                1313,
                4387
            ],
            "55": [
                1388,
                4461,
                4522
            ],
            "68": [
                1283,
                1284,
                4491
            ],
            "41": [
                1327,
                4296,
                1328
            ],
            "56": [
                4476,
                1373
            ],
            "69": [
                1239,
                4626
            ],
            "43": [
                4580,
                939,
                4669
            ],
            "58": [
                1104
            ],
            "65": [
                1059,
                4610,
                4609,
                1013
            ],