{
    "config": "N_1000-18091.270609145544s-1_A200",
    "num_vars": 48,
    "num_qubit": 81,
    "time_elapsed": 0.018250703811645508,
    "best_state": {
        "sample": [
            1,
            0,
            0,
            0,
            0,
            1,
            0,
            0,
            0,
            1,
            1,
            0,
            0,
            0,
            0,
            0,
            0,
            1,
            1,
            1,
            1,
            0,
            1,
            1,
            0,
            1,
            0,
            1,
            0,
            0,
            0,
            1,
            1,
            0,
            1,
            0,
            1,
            1,
            1,
            1,
            1,
            0,
            1,
            1,
            1,
            0,
            0,
            0
        ],
        "energy": 2347.0,
        "chain_break_fraction": 0.0
    },
    "chain_strength_prefactor": 0.4,
    "chain_strength": 18091.270609145544,
    "max_chain_length": 3,
    "timing_info": {
        "qpu_sampling_time": 319560.0,
        "qpu_anneal_time_per_sample": 200.0,
        "qpu_readout_time_per_sample": 99.02,
        "qpu_access_time": 335486.77,
        "qpu_access_overhead_time": 1741.23,
        "qpu_programming_time": 15926.77,
        "qpu_delay_time_per_sample": 20.54,
        "total_post_processing_time": 1.0,
        "post_processing_overhead_time": 1.0
    },
    "embedding_info": {
        "embedding": {
            "18": [
                683,
                4413
            ],
            "19": [
                4548,
                4547
            ],
            "24": [
                4486,
                4487,
                488
            ],
            "20": [
                4533,
                4532
            ],
            "25": [
                4562,
                4563,
                473
            ],
            "21": [
                4578,
                698
            ],
            "26": [
                4517,
                4518
            ],
            "22": [
                578,
                579
            ],
            "27": [
                608,
                4472
            ],
            "23": [
                4427,
                4428,
                503
            ],
            "28": [
                668,
                4457
            ],
            "29": [
                4593,
                4592,
                458
            ],
            "30": [
                4608,
                623
            ],
            "31": [
                653,
                4622
            ],
            "32": [
                534,
                4607,
                533
            ],
            "33": [
                638,
                4637
            ],
            "34": [
                519,
                4667,
                518
            ],
            "35": [
                548,
                549
            ],
            "36": [
                594,
                593
            ],
            "37": [
                4503,
                4502
            ],
            "38": [
                564,
                563,
                4682
            ],
            "6": [
                774
            ],
            "9": [
                729,
                4653
            ],
            "7": [
                624
            ],
            "11": [
                684
            ],
            "8": [
                4757
            ],
            "16": [
                4712
            ],
            "10": [
                4652,
                639
            ],
            "12": [
                669
            ],
            "13": [
                609,
                4697
            ],
            "14": [
                4802,
                595
            ],
            "15": [
                565
            ],
            "17": [
                459,
                4816
            ],
            "0": [
                789
            ],
            "2": [
                4728
            ],
            "40": [
                4713
            ],
            "3": [
                759
            ],
            "42": [
                4683
            ],
            "43": [
                4698
            ],
            "4": [
                4773
            ],
            "44": [
                4788
            ],
            "45": [
                654
            ],
            "46": [
                4743
            ],
            "48": [
                4817
            ],
            "5": [
                4742
            ],
            "49": [
                550
            ],
            "50": [
                4727
            ],
            "47": [
                4758
            ]
        },
        "chain_break_method": "majority_vote",
        "embedding_parameters": {},
        "chain_strength": 18091.270609145544
    }
}