{
    "config": "N_1000-9045.635304572772s-1_A200",
    "num_vars": 48,
    "num_qubit": 81,
    "time_elapsed": 0.015655040740966797,
    "best_state": {
        "sample": [
            1,
            0,
            0,
            1,
            0,
            0,
            0,
            0,
            0,
            0,
            0,
            0,
            0,
            1,
            1,
            0,
            0,
            0,
            0,
            1,
            1,
            0,
            0,
            1,
            1,
            1,
            1,
            0,
            1,
            1,
            0,
            0,
            0,
            0,
            0,
            0,
            0,
            0,
            0,
            0,
            0,
            0,
            0,
            0,
            1,
            1,
            0,
            0
        ],
        "energy": 16175.0,
        "chain_break_fraction": 0.0625
    },
    "chain_strength_prefactor": 0.2,
    "chain_strength": 9045.635304572772,
    "max_chain_length": 3,
    "timing_info": {
        "qpu_sampling_time": 338060.0,
        "qpu_anneal_time_per_sample": 200.0,
        "qpu_readout_time_per_sample": 117.52,
        "qpu_access_time": 353818.37,
        "qpu_access_overhead_time": 2266.63,
        "qpu_programming_time": 15758.37,
        "qpu_delay_time_per_sample": 20.54,
        "total_post_processing_time": 48.0,
        "post_processing_overhead_time": 48.0
    },
    "embedding_info": {
        "embedding": {
            "18": [
                2512,
                2511
            ],
            "19": [
                4213,
                2542
            ],
            "24": [
                4317,
                4318,
                2317
            ],
            "20": [
                2421,
                4243
            ],
            "25": [
                2467,
                4258
            ],
            "21": [
                2496,
                2497
            ],
            "26": [
                4348,
                2557
            ],
            "22": [
                4228,
                2392
            ],
            "27": [
                4272,
                4273
            ],
            "23": [
                2466,
                4078,
                4122
            ],
            "28": [
                4153,
                2526,
                2527
            ],
            "29": [
                2407,
                2406
            ],
            "30": [
                4302,
                4303
            ],
            "31": [
                4198,
                4197,
                2362
            ],
            "32": [
                2482,
                2481,
                4408
            ],
            "33": [
                4182,
                2377,
                4183
            ],
            "34": [
                4287
            ],
            "35": [
                2436,
                4137
            ],
            "36": [
                2347,
                4332,
                4333
            ],
            "37": [
                2571,
                4168,
                2572
            ],
            "38": [
                2451,
                2452
            ],
            "6": [
                2391
            ],
            "16": [
                2361
            ],
            "7": [
                2405
            ],
            "9": [
                4167
            ],
            "8": [
                4227
            ],
            "14": [
                2256
            ],
            "10": [
                2301
            ],
            "12": [
                2271,
                2270
            ],
            "11": [
                2331
            ],
            "17": [
                2346
            ],
            "13": [
                4257
            ],
            "15": [
                2302,
                4286
            ],
            "0": [
                4047
            ],
            "2": [
                2286
            ],
            "40": [
                4152
            ],
            "3": [
                2420
            ],
            "42": [
                4002
            ],
            "43": [
                4062,
                2255
            ],
            "44": [
                4077
            ],
            "46": [
                4121,
                2226
            ],
            "4": [
                2212
            ],
            "47": [
                2197
            ],
            "48": [
                4242
            ],
            "5": [
                2376
            ],
            "49": [
                4107
            ],
            "50": [
                4092
            ],
            "45": [
                2316,
                4212
            ]
        },
        "chain_break_method": "majority_vote",
        "embedding_parameters": {},
        "chain_strength": 9045.635304572772
    }
}