{
    "config": "N_1000-11307.044130715965s-1_A200",
    "num_vars": 48,
    "num_qubit": 81,
    "time_elapsed": 0.019507646560668945,
    "best_state": {
        "sample": [
            1,
            1,
            0,
            0,
            0,
            0,
            0,
            0,
            0,
            0,
            0,
            0,
            0,
            0,
            0,
            0,
            0,
            1,
            0,
            0,
            1,
            0,
            1,
            0,
            0,
            0,
            0,
            0,
            0,
            1,
            0,
            1,
            1,
            0,
            1,
            0,
            0,
            1,
            1,
            0,
            0,
            0,
            0,
            0,
            0,
            0,
            0,
            0
        ],
        "energy": 2880.0,
        "chain_break_fraction": 0.020833333333333332
    },
    "chain_strength_prefactor": 0.25,
    "chain_strength": 11307.044130715965,
    "max_chain_length": 3,
    "timing_info": {
        "qpu_sampling_time": 301940.0,
        "qpu_anneal_time_per_sample": 200.0,
        "qpu_readout_time_per_sample": 81.4,
        "qpu_access_time": 317703.17,
        "qpu_access_overhead_time": 1865.83,
        "qpu_programming_time": 15763.17,
        "qpu_delay_time_per_sample": 20.54,
        "total_post_processing_time": 230.0,
        "post_processing_overhead_time": 230.0
    },
    "embedding_info": {
        "embedding": {
            "18": [
                3589,
                993,
                3588
            ],
            "19": [
                888,
                889
            ],
            "24": [
                3710,
                3709
            ],
            "20": [
                3573,
                3574,
                903
            ],
            "25": [
                813,
                3604
            ],
            "21": [
                3634,
                963,
                964
            ],
            "26": [
                3695,
                3694
            ],
            "22": [
                873,
                874
            ],
            "27": [
                828,
                3679
            ],
            "23": [
                3514,
                843
            ],
            "28": [
                858,
                859
            ],
            "29": [
                933,
                3559,
                934
            ],
            "30": [
                3739,
                1039
            ],
            "31": [
                3753,
                3754,
                754
            ],
            "32": [
                3649,
                3648,
                978
            ],
            "33": [
                948,
                949
            ],
            "34": [
                3724,
                3723,
                798
            ],
            "35": [
                3619,
                3618
            ],
            "36": [
                3799,
                904
            ],
            "37": [
                919,
                918,
                3784
            ],
            "38": [
                783,
                3664
            ],
            "6": [
                3904
            ],
            "11": [
                3829
            ],
            "7": [
                784
            ],
            "13": [
                709
            ],
            "8": [
                708
            ],
            "16": [
                648
            ],
            "9": [
                739,
                740
            ],
            "14": [
                3693,
                724
            ],
            "10": [
                3678,
                678
            ],
            "17": [
                633
            ],
            "12": [
                814
            ],
            "15": [
                844,
                3859
            ],
            "0": [
                935
            ],
            "2": [
                694
            ],
            "40": [
                3708
            ],
            "42": [
                3633
            ],
            "3": [
                3919
            ],
            "43": [
                905
            ],
            "44": [
                3814
            ],
            "4": [
                799
            ],
            "45": [
                3918
            ],
            "46": [
                3903
            ],
            "47": [
                829
            ],
            "5": [
                3558
            ],
            "49": [
                693
            ],
            "50": [
                3603
            ],
            "48": [
                3768
            ]
        },
        "chain_break_method": "majority_vote",
        "embedding_parameters": {},
        "chain_strength": 11307.044130715965
    }
}