{
    "config": "N_1000-15829.86178300235s-1_A200",
    "num_vars": 48,
    "num_qubit": 82,
    "time_elapsed": 0.036043643951416016,
    "best_state": {
        "sample": [
            1,
            0,
            0,
            0,
            0,
            1,
            0,
            0,
            1,
            0,
            0,
            0,
            0,
            0,
            0,
            0,
            1,
            1,
            1,
            1,
            1,
            1,
            1,
            0,
            0,
            1,
            1,
            0,
            0,
            1,
            1,
            0,
            1,
            1,
            0,
            0,
            0,
            0,
            1,
            0,
            0,
            1,
            1,
            0,
            0,
            0,
            1,
            1
        ],
        "energy": 2347.0,
        "chain_break_fraction": 0.0
    },
    "chain_strength_prefactor": 0.35,
    "chain_strength": 15829.86178300235,
    "max_chain_length": 3,
    "timing_info": {
        "qpu_sampling_time": 277120.0,
        "qpu_anneal_time_per_sample": 200.0,
        "qpu_readout_time_per_sample": 56.58,
        "qpu_access_time": 293047.57,
        "qpu_access_overhead_time": 1224.43,
        "qpu_programming_time": 15927.57,
        "qpu_delay_time_per_sample": 20.54,
        "total_post_processing_time": 22.0,
        "post_processing_overhead_time": 22.0
    },
    "embedding_info": {
        "embedding": {
            "18": [
                4096,
                366,
                4097
            ],
            "19": [
                4126,
                486
            ],
            "24": [
                621,
                620,
                4172
            ],
            "20": [
                440,
                441
            ],
            "25": [
                3991,
                3992
            ],
            "21": [
                4157,
                4156
            ],
            "26": [
                4082,
                576
            ],
            "22": [
                411,
                4081
            ],
            "27": [
                4006,
                4007
            ],
            "23": [
                501,
                4202
            ],
            "28": [
                531,
                530
            ],
            "29": [
                4112,
                4111,
                591
            ],
            "30": [
                4142,
                606
            ],
            "31": [
                471,
                470
            ],
            "32": [
                4187,
                456
            ],
            "33": [
                4037,
                561
            ],
            "34": [
                397,
                396,
                4232
            ],
            "35": [
                4217,
                426,
                425
            ],
            "36": [
                546,
                4022,
                547
            ],
            "37": [
                516,
                4127
            ],
            "38": [
                4052,
                455
            ],
            "6": [
                4201
            ],
            "16": [
                412
            ],
            "7": [
                592
            ],
            "9": [
                352,
                351
            ],
            "8": [
                4233
            ],
            "12": [
                4352,
                607
            ],
            "10": [
                4307,
                4306
            ],
            "14": [
                532
            ],
            "11": [
                382,
                4276
            ],
            "17": [
                337,
                4261
            ],
            "13": [
                4292
            ],
            "15": [
                4262
            ],
            "0": [
                413
            ],
            "2": [
                4366
            ],
            "40": [
                4351
            ],
            "3": [
                577
            ],
            "42": [
                4322
            ],
            "43": [
                487,
                4337
            ],
            "44": [
                502
            ],
            "4": [
                4248
            ],
            "46": [
                682
            ],
            "47": [
                4353,
                667
            ],
            "48": [
                517
            ],
            "5": [
                4216
            ],
            "49": [
                367
            ],
            "50": [
                4321
            ],
            "45": [
                4291
            ]
        },
        "chain_break_method": "majority_vote",
        "embedding_parameters": {},
        "chain_strength": 15829.86178300235
    }
}