{
    "config": "N_1000-6783.520394124276s-1_A200",
    "num_vars": 42,
    "num_qubit": 63,
    "time_elapsed": 0.01499795913696289,
    "best_state": {
        "sample": [
            1,
            1,
            0,
            0,
            0,
            1,
            0,
            0,
            0,
            0,
            0,
            0,
            1,
            0,
            0,
            0,
            0,
            1,
            1,
            1,
            1,
            0,
            1,
            0,
            0,
            0,
            0,
            0,
            0,
            1,
            0,
            0,
            1,
            0,
            1,
            1,
            1,
            1,
            0,
            0,
            0,
            0
        ],
        "energy": 897.0,
        "chain_break_fraction": 0.0
    },
    "chain_strength_prefactor": 0.35,
    "chain_strength": 6783.520394124276,
    "max_chain_length": 3,
    "timing_info": {
        "qpu_sampling_time": 308860.0,
        "qpu_anneal_time_per_sample": 200.0,
        "qpu_readout_time_per_sample": 88.32,
        "qpu_access_time": 324787.97,
        "qpu_access_overhead_time": 1505.03,
        "qpu_programming_time": 15927.97,
        "qpu_delay_time_per_sample": 20.54,
        "total_post_processing_time": 1.0,
        "post_processing_overhead_time": 1.0
    },
    "embedding_info": {
        "embedding": {
            "17": [
                4508,
                4509
            ],
            "18": [
                1628,
                1629
            ],
            "22": [
                4643,
                1733
            ],
            "19": [
                4523
            ],
            "23": [
                4553,
                1583,
                4554
            ],
            "20": [
                1658,
                4448
            ],
            "24": [
                1763,
                4539
            ],
            "21": [
                4418,
                1598
            ],
            "25": [
                4538,
                1688
            ],
            "26": [
                1644,
                1643
            ],
            "27": [
                4493
            ],
            "28": [
                4477,
                4478
            ],
            "29": [
                4434,
                4433,
                1673
            ],
            "30": [
                4583,
                1568
            ],
            "31": [
                1613,
                4463
            ],
            "3": [
                1732
            ],
            "11": [
                1702
            ],
            "4": [
                4417
            ],
            "14": [
                1493,
                4388
            ],
            "5": [
                4642
            ],
            "7": [
                1749
            ],
            "6": [
                1762
            ],
            "12": [
                1748,
                4419
            ],
            "8": [
                1448
            ],
            "15": [
                1478,
                1479
            ],
            "9": [
                1537
            ],
            "13": [
                4358,
                1582
            ],
            "10": [
                4462
            ],
            "16": [
                1567,
                4297
            ],
            "0": [
                4404
            ],
            "32": [
                4389
            ],
            "36": [
                1552
            ],
            "1": [
                1717
            ],
            "37": [
                4344
            ],
            "38": [
                4329,
                4328
            ],
            "39": [
                4343
            ],
            "2": [
                4432
            ],
            "41": [
                1463
            ],
            "42": [
                4447
            ],
            "43": [
                1522
            ],
            "40": [
                1687
            ],
            "44": [
                4403
            ]
        },
        "chain_break_method": "majority_vote",
        "embedding_parameters": {},
        "chain_strength": 6783.520394124276
    }
}