{
    "config": "N_1000-4845.37171008877s-1_A200",
    "num_vars": 42,
    "num_qubit": 62,
    "time_elapsed": 0.0169985294342041,
    "best_state": {
        "sample": [
            1,
            1,
            0,
            0,
            0,
            0,
            0,
            0,
            0,
            0,
            1,
            1,
            0,
            1,
            0,
            0,
            1,
            0,
            0,
            0,
            0,
            0,
            1,
            0,
            0,
            0,
            0,
            0,
            0,
            1,
            1,
            0,
            1,
            1,
            1,
            1,
            1,
            0,
            0,
            1,
            1,
            1
        ],
        "energy": 902.0,
        "chain_break_fraction": 0.023809523809523808
    },
    "chain_strength_prefactor": 0.25,
    "chain_strength": 4845.37171008877,
    "max_chain_length": 3,
    "timing_info": {
        "qpu_sampling_time": 286840.0,
        "qpu_anneal_time_per_sample": 200.0,
        "qpu_readout_time_per_sample": 66.3,
        "qpu_access_time": 302767.17,
        "qpu_access_overhead_time": 1785.83,
        "qpu_programming_time": 15927.17,
        "qpu_delay_time_per_sample": 20.54,
        "total_post_processing_time": 1.0,
        "post_processing_overhead_time": 1.0
    },
    "embedding_info": {
        "embedding": {
            "17": [
                1152,
                1153
            ],
            "18": [
                5345
            ],
            "22": [
                1138,
                5360
            ],
            "19": [
                1168,
                1167
            ],
            "23": [
                5331,
                1243
            ],
            "20": [
                5315,
                1063,
                5316
            ],
            "24": [
                5420,
                5421
            ],
            "21": [
                1108,
                5255
            ],
            "25": [
                5301,
                1123
            ],
            "26": [
                1213,
                5481
            ],
            "27": [
                1228
            ],
            "28": [
                5390,
                1093
            ],
            "29": [
                5466,
                1258
            ],
            "30": [
                5405,
                5406
            ],
            "31": [
                5375,
                1183
            ],
            "3": [
                5540
            ],
            "9": [
                1169,
                5570
            ],
            "4": [
                943
            ],
            "12": [
                5480
            ],
            "5": [
                1139
            ],
            "7": [
                5359
            ],
            "6": [
                5419
            ],
            "13": [
                1048
            ],
            "8": [
                1214
            ],
            "10": [
                1124
            ],
            "11": [
                1003
            ],
            "15": [
                1018
            ],
            "14": [
                5465,
                1078
            ],
            "16": [
                5374
            ],
            "0": [
                5555
            ],
            "32": [
                1094
            ],
            "1": [
                5525
            ],
            "36": [
                1229
            ],
            "37": [
                5510,
                5511
            ],
            "38": [
                5495
            ],
            "2": [
                958
            ],
            "40": [
                5404
            ],
            "41": [
                913
            ],
            "42": [
                5389,
                973
            ],
            "44": [
                5539,
                988
            ],
            "39": [
                1109,
                5435
            ],
            "43": [
                1033
            ]
        },
        "chain_break_method": "majority_vote",
        "embedding_parameters": {},
        "chain_strength": 4845.37171008877
    }
}