{
    "config": "N_1000-9690.74342017754s-1_A200",
    "num_vars": 42,
    "num_qubit": 62,
    "time_elapsed": 0.028981685638427734,
    "best_state": {
        "sample": [
            1,
            0,
            1,
            0,
            0,
            1,
            0,
            0,
            0,
            0,
            0,
            0,
            0,
            0,
            0,
            1,
            0,
            0,
            1,
            0,
            1,
            0,
            1,
            0,
            1,
            0,
            0,
            0,
            0,
            1,
            1,
            0,
            1,
            0,
            0,
            0,
            0,
            0,
            1,
            1,
            1,
            1
        ],
        "energy": 897.0,
        "chain_break_fraction": 0.0
    },
    "chain_strength_prefactor": 0.5,
    "chain_strength": 9690.74342017754,
    "max_chain_length": 3,
    "timing_info": {
        "qpu_sampling_time": 321200.0,
        "qpu_anneal_time_per_sample": 200.0,
        "qpu_readout_time_per_sample": 100.66,
        "qpu_access_time": 337123.57,
        "qpu_access_overhead_time": 1282.43,
        "qpu_programming_time": 15923.57,
        "qpu_delay_time_per_sample": 20.54,
        "total_post_processing_time": 46.0,
        "post_processing_overhead_time": 46.0
    },
    "embedding_info": {
        "embedding": {
            "17": [
                2423,
                2422
            ],
            "18": [
                4482,
                2393
            ],
            "22": [
                4422,
                4423
            ],
            "19": [
                2348,
                4512
            ],
            "23": [
                4438,
                2378
            ],
            "20": [
                4452
            ],
            "24": [
                2408,
                2407
            ],
            "21": [
                2318,
                4542
            ],
            "25": [
                2498,
                4588,
                4587
            ],
            "26": [
                2363,
                4437
            ],
            "27": [
                2468,
                4497
            ],
            "28": [
                2333
            ],
            "29": [
                4467,
                4466
            ],
            "30": [
                2303,
                4527
            ],
            "31": [
                4558,
                4557,
                2483
            ],
            "3": [
                4407
            ],
            "9": [
                4511,
                2168
            ],
            "4": [
                2319
            ],
            "14": [
                4541
            ],
            "5": [
                4421
            ],
            "7": [
                2213
            ],
            "6": [
                2349
            ],
            "15": [
                2214
            ],
            "8": [
                4362
            ],
            "10": [
                4436
            ],
            "11": [
                2153
            ],
            "12": [
                2242,
                2243
            ],
            "13": [
                2258,
                4602
            ],
            "16": [
                4556,
                2228
            ],
            "0": [
                2093
            ],
            "32": [
                2078
            ],
            "1": [
                4392
            ],
            "36": [
                2257
            ],
            "37": [
                2272,
                4316
            ],
            "38": [
                4451
            ],
            "40": [
                4481
            ],
            "2": [
                2334
            ],
            "41": [
                4632
            ],
            "42": [
                2364
            ],
            "43": [
                4572
            ],
            "39": [
                2138
            ],
            "44": [
                2199
            ]
        },
        "chain_break_method": "majority_vote",
        "embedding_parameters": {},
        "chain_strength": 9690.74342017754
    }
}