{
    "config": "N_1000-1938.148684035508s-1_A200",
    "num_vars": 42,
    "num_qubit": 62,
    "time_elapsed": 0.016024351119995117,
    "best_state": {
        "sample": [
            1,
            0,
            0,
            0,
            0,
            0,
            0,
            0,
            0,
            0,
            1,
            1,
            1,
            0,
            1,
            1,
            0,
            0,
            1,
            0,
            0,
            0,
            1,
            1,
            0,
            0,
            0,
            0,
            0,
            0,
            0,
            1,
            1,
            0,
            0,
            1,
            1,
            1,
            0,
            1,
            1,
            1
        ],
        "energy": 18612.0,
        "chain_break_fraction": 0.14285714285714285
    },
    "chain_strength_prefactor": 0.1,
    "chain_strength": 1938.148684035508,
    "max_chain_length": 3,
    "timing_info": {
        "qpu_sampling_time": 292940.0,
        "qpu_anneal_time_per_sample": 200.0,
        "qpu_readout_time_per_sample": 72.4,
        "qpu_access_time": 308864.37,
        "qpu_access_overhead_time": 1369.63,
        "qpu_programming_time": 15924.37,
        "qpu_delay_time_per_sample": 20.54,
        "total_post_processing_time": 26.0,
        "post_processing_overhead_time": 26.0
    },
    "embedding_info": {
        "embedding": {
            "17": [
                835,
                4833
            ],
            "18": [
                4970,
                4969
            ],
            "22": [
                1015,
                4849,
                4848
            ],
            "19": [
                4909,
                911
            ],
            "23": [
                880,
                4834
            ],
            "20": [
                956,
                4894
            ],
            "24": [
                4924,
                4925
            ],
            "21": [
                820,
                4879
            ],
            "25": [
                850,
                4864
            ],
            "26": [
                4999,
                881
            ],
            "27": [
                4955,
                941
            ],
            "28": [
                970
            ],
            "29": [
                1000,
                4984
            ],
            "30": [
                985
            ],
            "31": [
                4940,
                4939
            ],
            "3": [
                912
            ],
            "9": [
                5044,
                5043
            ],
            "4": [
                925
            ],
            "14": [
                4878,
                655
            ],
            "5": [
                895
            ],
            "7": [
                775
            ],
            "6": [
                4789
            ],
            "15": [
                4863
            ],
            "8": [
                5074
            ],
            "10": [
                896
            ],
            "11": [
                4954,
                926
            ],
            "12": [
                4983
            ],
            "13": [
                805
            ],
            "16": [
                4908,
                761
            ],
            "0": [
                5058
            ],
            "32": [
                656
            ],
            "1": [
                927
            ],
            "36": [
                5089
            ],
            "37": [
                866
            ],
            "38": [
                851
            ],
            "40": [
                4998,
                776
            ],
            "2": [
                910
            ],
            "41": [
                4774
            ],
            "42": [
                790,
                789
            ],
            "43": [
                4893
            ],
            "39": [
                5059
            ],
            "44": [
                685
            ]
        },
        "chain_break_method": "majority_vote",
        "embedding_parameters": {},
        "chain_strength": 1938.148684035508
    }
}