{
    "config": "N_1000-16467.896299642813s-1_A200",
    "num_vars": 114,
    "num_qubit": 216,
    "time_elapsed": 0.030896663665771484,
    "best_state": {
        "sample": [
            1,
            1,
            0,
            0,
            0,
            0,
            0,
            0,
            0,
            0,
            0,
            0,
            0,
            0,
            0,
            0,
            1,
            0,
            0,
            0,
            0,
            0,
            0,
            0,
            0,
            0,
            0,
            0,
            0,
            0,
            0,
            0,
            0,
            0,
            0,
            0,
            0,
            0,
            0,
            0,
            0,
            0,
            0,
            0,
            0,
            0,
            1,
            1,
            1,
            0,
            0,
            1,
            1,
            1,
            0,
            1,
            1,
            1,
            1,
            0,
            0,
            0,
            0,
            0,
            0,
            1,
            1,
            1,
            1,
            1,
            1,
            1,
            1,
            1,
            1,
            1,
            0,
            0,
            0,
            0,
            0,
            0,
            0,
            0,
            0,
            0,
            0,
            0,
            0,
            0,
            0,
            0,
            0,
            0,
            0,
            0,
            0,
            0,
            0,
            0,
            0,
            0,
            0,
            0,
            0,
            0,
            0,
            0,
            0,
            0,
            0,
            0,
            0,
            0
        ],
        "energy": 3472.0,
        "chain_break_fraction": 0.008771929824561403
    },
    "chain_strength_prefactor": 0.3,
    "chain_strength": 16467.896299642813,
    "max_chain_length": 4,
    "timing_info": {
        "qpu_sampling_time": 350220.0,
        "qpu_anneal_time_per_sample": 200.0,
        "qpu_readout_time_per_sample": 129.68,
        "qpu_access_time": 365983.17,
        "qpu_access_overhead_time": 2547.83,
        "qpu_programming_time": 15763.17,
        "qpu_delay_time_per_sample": 20.54,
        "total_post_processing_time": 1.0,
        "post_processing_overhead_time": 1.0
    },
    "embedding_info": {
        "embedding": {
            "44": [
                4146,
                1176,
                4280
            ],
            "45": [
                4371,
                1192,
                1191,
                4372
            ],
            "50": [
                4222,
                4221,
                1462
            ],
            "46": [
                1326,
                1327,
                4252
            ],
            "51": [
                1341,
                1342,
                1340
            ],
            "47": [
                1236,
                1237,
                4251
            ],
            "52": [
                1206,
                4161,
                1207
            ],
            "48": [
                1402,
                4281,
                4342
            ],
            "53": [
                1312,
                4176
            ],
            "49": [
                4310,
                4311,
                1132
            ],
            "54": [
                4265,
                4266,
                4267,
                1102
            ],
            "55": [
                1387,
                4237,
                1388
            ],
            "56": [
                1447,
                4207,
                4206
            ],
            "57": [
                1297,
                1298
            ],
            "58": [
                4326,
                4327,
                4325
            ],
            "59": [
                4116,
                1356,
                1251,
                1357
            ],
            "60": [
                1252,
                4296,
                1253
            ],
            "61": [
                4386,
                1222,
                4387
            ],
            "62": [
                4191,
                1221,
                1267
            ],
            "63": [
                1146,
                4115,
                1147
            ],
            "64": [
                4340,
                4341,
                4339
            ],
            "6": [
                4373
            ],
            "15": [
                1190
            ],
            "7": [
                1328
            ],
            "21": [
                3952,
                1325,
                3951
            ],
            "8": [
                4101
            ],
            "27": [
                4057,
                4056
            ],
            "9": [
                4582,
                1403
            ],
            "33": [
                1477,
                1478
            ],
            "10": [
                4309
            ],
            "38": [
                4312
            ],
            "11": [
                4223
            ],
            "16": [
                1431
            ],
            "12": [
                1343
            ],
            "22": [
                4073,
                4072
            ],
            "13": [
                1296
            ],
            "28": [
                4162,
                1461
            ],
            "14": [
                1103,
                4400
            ],
            "39": [
                1567
            ],
            "17": [
                1358,
                4507
            ],
            "23": [
                1535,
                1536,
                4238
            ],
            "18": [
                1446
            ],
            "29": [
                4192
            ],
            "19": [
                1299
            ],
            "34": [
                1463,
                4447,
                4417
            ],
            "20": [
                1012
            ],
            "40": [
                1432
            ],
            "24": [
                4071,
                1266
            ],
            "30": [
                1372,
                1371,
                4147
            ],
            "25": [
                4505,
                4506,
                1073
            ],
            "35": [
                1208,
                4551,
                4475
            ],
            "26": [
                4356,
                4355,
                1177
            ],
            "41": [
                1133
            ],
            "31": [
                4235,
                4236,
                996
            ],
            "36": [
                4100
            ],
            "32": [
                4160,
                1026,
                1011
            ],
            "42": [
                1056,
                4175
            ],
            "37": [
                937
            ],
            "43": [
                952
            ],
            "0": [
                1175
            ],
            "65": [
                3996
            ],
            "66": [
                3997,
                1355
            ],
            "67": [
                4058,
                1476,
                1491
            ],
            "68": [
                1492
            ],
            "70": [
                1416
            ],
            "71": [
                4087,
                1566
            ],
            "1": [
                4358
            ],