{
    "config": "N_1000-5300.363103891176s-1_A200",
    "num_vars": 110,
    "num_qubit": 207,
    "time_elapsed": 0.06487250328063965,
    "best_state": {
        "sample": [
            1,
            0,
            0,
            0,
            0,
            0,
            0,
            0,
            1,
            1,
            0,
            0,
            0,
            0,
            0,
            0,
            0,
            0,
            0,
            0,
            0,
            0,
            0,
            0,
            0,
            0,
            0,
            0,
            0,
            0,
            0,
            0,
            0,
            0,
            0,
            0,
            0,
            0,
            0,
            0,
            0,
            0,
            0,
            1,
            1,
            1,
            1,
            1,
            1,
            1,
            1,
            1,
            1,
            1,
            1,
            1,
            1,
            0,
            1,
            0,
            1,
            1,
            0,
            1,
            1,
            1,
            1,
            1,
            1,
            1,
            1,
            1,
            1,
            1,
            1,
            0,
            0,
            0,
            0,
            0,
            0,
            0,
            0,
            0,
            0,
            0,
            0,
            0,
            0,
            0,
            0,
            0,
            0,
            0,
            0,
            0,
            0,
            0,
            0,
            0,
            0,
            0,
            0,
            0,
            0,
            0,
            0,
            0,
            0,
            0
        ],
        "energy": 1113.0,
        "chain_break_fraction": 0.0
    },
    "chain_strength_prefactor": 0.35,
    "chain_strength": 5300.363103891176,
    "max_chain_length": 4,
    "timing_info": {
        "qpu_sampling_time": 321780.0,
        "qpu_anneal_time_per_sample": 200.0,
        "qpu_readout_time_per_sample": 101.24,
        "qpu_access_time": 337540.37,
        "qpu_access_overhead_time": 1542.63,
        "qpu_programming_time": 15760.37,
        "qpu_delay_time_per_sample": 20.54,
        "total_post_processing_time": 22.0,
        "post_processing_overhead_time": 22.0
    },
    "embedding_info": {
        "embedding": {
            "42": [
                4588,
                2438,
                4589
            ],
            "43": [
                2468,
                4482
            ],
            "48": [
                4378,
                2558,
                4528,
                4527
            ],
            "44": [
                2393,
                4377,
                2394
            ],
            "49": [
                4438,
                4437,
                2437
            ],
            "45": [
                4452,
                2407,
                2408
            ],
            "50": [
                2333,
                4497
            ],
            "46": [
                2423,
                4603
            ],
            "51": [
                2349,
                2348,
                4647
            ],
            "47": [
                2378,
                2379,
                4362
            ],
            "52": [
                2288,
                2287,
                4587
            ],
            "53": [
                4467,
                4466,
                2452
            ],
            "54": [
                4558,
                4557,
                2483
            ],
            "55": [
                4618,
                2453,
                4617
            ],
            "56": [
                2363,
                2364
            ],
            "57": [
                2318,
                2317
            ],
            "58": [
                2273,
                4512,
                2303,
                4646
            ],
            "59": [
                4392,
                2302,
                2227,
                2228
            ],
            "60": [
                4542,
                2258
            ],
            "61": [
                4572,
                4573,
                4571
            ],
            "62": [
                4631,
                4632,
                4630,
                2199
            ],
            "2": [
                2677,
                2678
            ],
            "8": [
                2588
            ],
            "3": [
                4348,
                2467
            ],
            "14": [
                4513
            ],
            "4": [
                4376
            ],
            "19": [
                2543,
                4393
            ],
            "5": [
                4302
            ],
            "25": [
                4453
            ],
            "6": [
                2424
            ],
            "31": [
                2514,
                2513
            ],
            "7": [
                4301,
                2272
            ],
            "37": [
                2422
            ],
            "9": [
                2557
            ],
            "15": [
                4379
            ],
            "10": [
                2198
            ],
            "20": [
                2512,
                4363,
                4288
            ],
            "11": [
                2332
            ],
            "26": [
                2648,
                4498
            ],
            "12": [
                2334
            ],
            "32": [
                4648
            ],
            "13": [
                4316
            ],
            "38": [
                4408,
                4407,
                2257
            ],
            "16": [
                2183
            ],
            "21": [
                4333
            ],
            "17": [
                4317,
                2482
            ],
            "27": [
                2559,
                4604
            ],
            "18": [
                2289
            ],
            "33": [
                2544
            ],
            "22": [
                4242
            ],
            "28": [
                4662,
                4661,
                2319
            ],
            "23": [
                2213,
                2214,
                2215,
                2212
            ],
            "34": [
                2139
            ],
            "24": [
                4286,
                2152
            ],
            "39": [
                4391,
                2122
            ],
            "29": [
                4811,
                2259,
                2185
            ],
            "35": [
                4541,
                2243,
                2244
            ],
            "30": [
                4616,
                2063,
                2062
            ],
            "40": [
                2138,
                4436
            ],
            "36": [
                2093,
                4495
            ],
            "41": [
                2109,
                2108
            ],
            "63": [
                2528,
                4483
            ],
            "64": [
                4468
            ],
            "65": [
                2498
            ],
            "66": [
                4423
            ],
            "0": [
                4319
            ],
            "68": [
                4244,
                2692
            ],
            "69": [
                4364
            ],
            "70": [
                2647,
                4318
            ],
            "71": [
                2617,
                2618
            ],