{
    "config": "N_1000-4543.168374763865s-1_A200",
    "num_vars": 110,
    "num_qubit": 207,
    "time_elapsed": 0.02504873275756836,
    "best_state": {
        "sample": [
            1,
            0,
            0,
            0,
            1,
            0,
            0,
            0,
            1,
            0,
            0,
            0,
            0,
            0,
            0,
            0,
            0,
            0,
            0,
            0,
            0,
            1,
            0,
            0,
            0,
            0,
            0,
            0,
            0,
            0,
            0,
            0,
            0,
            0,
            0,
            0,
            0,
            0,
            0,
            0,
            0,
            0,
            0,
            1,
            1,
            1,
            1,
            1,
            1,
            1,
            1,
            1,
            1,
            0,
            1,
            0,
            0,
            1,
            0,
            1,
            0,
            0,
            1,
            1,
            1,
            1,
            1,
            1,
            1,
            1,
            1,
            1,
            0,
            1,
            1,
            1,
            1,
            1,
            1,
            1,
            0,
            1,
            1,
            1,
            0,
            0,
            0,
            0,
            0,
            0,
            0,
            0,
            0,
            0,
            0,
            0,
            0,
            0,
            0,
            0,
            0,
            0,
            0,
            0,
            0,
            0,
            0,
            0,
            0,
            0
        ],
        "energy": 1567.0,
        "chain_break_fraction": 0.00909090909090909
    },
    "chain_strength": 4543.168374763865,
    "max_chain_length": 4,
    "timing_info": {
        "qpu_sampling_time": 291380.0,
        "qpu_anneal_time_per_sample": 200.0,
        "qpu_readout_time_per_sample": 70.84,
        "qpu_access_time": 307306.77,
        "qpu_access_overhead_time": 2920.23,
        "qpu_programming_time": 15926.77,
        "qpu_delay_time_per_sample": 20.54,
        "total_post_processing_time": 1.0,
        "post_processing_overhead_time": 1.0
    },
    "embedding_info": {
        "embedding": {
            "42": [
                1336,
                3246,
                3247
            ],
            "43": [
                3216,
                3217,
                1351
            ],
            "48": [
                1321,
                3231,
                3232
            ],
            "44": [
                1412,
                1411,
                1413
            ],
            "49": [
                3441,
                1232,
                1231,
                3442
            ],
            "45": [
                1427,
                1426,
                1428
            ],
            "50": [
                1442,
                3397,
                1443,
                1441
            ],
            "46": [
                3337,
                1382
            ],
            "51": [
                1366,
                3307,
                1367
            ],
            "47": [
                3352,
                1307
            ],
            "52": [
                3366,
                1247,
                3367
            ],
            "53": [
                3322,
                1292,
                1293
            ],
            "54": [
                3381,
                3382,
                1577
            ],
            "55": [
                1397,
                1396
            ],
            "56": [
                3276,
                1277,
                3277
            ],
            "57": [
                1458,
                1457,
                3592
            ],
            "58": [
                1322,
                3487
            ],
            "59": [
                3426,
                3427,
                1187
            ],
            "60": [
                3503,
                3502,
                1488
            ],
            "61": [
                3411,
                1352,
                3412
            ],
            "62": [
                3396,
                1337,
                3471
            ],
            "2": [
                3245
            ],
            "8": [
                1486
            ],
            "3": [
                3218
            ],
            "14": [
                1471
            ],
            "4": [
                3667,
                3666
            ],
            "19": [
                1515,
                3202
            ],
            "5": [
                1429
            ],
            "25": [
                3157
            ],
            "6": [
                3472
            ],
            "31": [
                3336,
                1186
            ],
            "7": [
                1622,
                3353
            ],
            "36": [
                1141,
                3351
            ],
            "9": [
                3233
            ],
            "15": [
                3230,
                1081
            ],
            "10": [
                1233
            ],
            "20": [
                3186,
                3187,
                3185
            ],
            "11": [
                1444,
                3802
            ],
            "26": [
                3172,
                3171
            ],
            "12": [
                3457
            ],
            "32": [
                1127,
                3306
            ],
            "13": [
                3368
            ],
            "37": [
                3365,
                1112
            ],
            "16": [
                1294,
                3651
            ],
            "21": [
                3323
            ],
            "17": [
                1579,
                1578
            ],
            "27": [
                1516
            ],
            "18": [
                3278
            ],
            "38": [
                3291,
                3290
            ],
            "22": [
                3623,
                1548,
                1608
            ],
            "28": [
                1459,
                3637
            ],
            "23": [
                1638,
                3488
            ],
            "33": [
                3486,
                1157,
                1158
            ],
            "24": [
                3428,
                1532
            ],
            "39": [
                3560,
                1113
            ],
            "29": [
                3622
            ],
            "34": [
                1278,
                1279,
                3501
            ],
            "30": [
                3517,
                3518
            ],
            "40": [
                1353,
                3712
            ],
            "35": [
                1263
            ],
            "41": [
                3697,
                1338
            ],
            "63": [
                3097
            ],
            "64": [
                3201,
                1365
            ],
            "65": [
                3261,
                1306
            ],
            "66": [
                1171
            ],
            "0": [
                1021
            ],
            "68": [
                3260
            ],
            "69": [
                1126
            ],
            "70": [
                1201,
                3156
            ],
            "71": [
                1216
            ],
            "72": [
                3321
            ],