{
    "config": "N_1000-3028.778916509244s-1_A200",
    "num_vars": 110,
    "num_qubit": 211,
    "time_elapsed": 0.032988786697387695,
    "best_state": {
        "sample": [
            1,
            1,
            0,
            0,
            0,
            0,
            0,
            0,
            0,
            1,
            0,
            0,
            0,
            0,
            0,
            0,
            0,
            0,
            0,
            1,
            0,
            0,
            0,
            0,
            0,
            0,
            0,
            0,
            0,
            0,
            0,
            0,
            0,
            0,
            0,
            0,
            0,
            0,
            0,
            0,
            0,
            0,
            1,
            1,
            0,
            1,
            1,
            1,
            1,
            0,
            1,
            1,
            1,
            0,
            1,
            1,
            1,
            1,
            1,
            1,
            0,
            0,
            1,
            0,
            1,
            1,
            1,
            1,
            1,
            1,
            1,
            1,
            1,
            1,
            1,
            1,
            1,
            1,
            1,
            1,
            1,
            1,
            1,
            1,
            1,
            0,
            0,
            0,
            0,
            0,
            0,
            0,
            0,
            0,
            0,
            0,
            0,
            0,
            0,
            0,
            0,
            0,
            0,
            0,
            0,
            0,
            0,
            0,
            0,
            0
        ],
        "energy": 1598.0,
        "chain_break_fraction": 0.01818181818181818
    },
    "chain_strength_prefactor": 0.2,
    "chain_strength": 3028.778916509244,
    "max_chain_length": 4,
    "timing_info": {
        "qpu_sampling_time": 334760.0,
        "qpu_anneal_time_per_sample": 200.0,
        "qpu_readout_time_per_sample": 114.22,
        "qpu_access_time": 350518.77,
        "qpu_access_overhead_time": 2699.23,
        "qpu_programming_time": 15758.77,
        "qpu_delay_time_per_sample": 20.54,
        "total_post_processing_time": 15.0,
        "post_processing_overhead_time": 15.0
    },
    "embedding_info": {
        "embedding": {
            "42": [
                612,
                611
            ],
            "43": [
                5177,
                656
            ],
            "48": [
                642,
                641,
                5328
            ],
            "44": [
                567,
                5222,
                568
            ],
            "49": [
                5313,
                5312,
                748
            ],
            "45": [
                597,
                5148,
                598
            ],
            "50": [
                5358,
                5357,
                733
            ],
            "46": [
                5103,
                701,
                5102
            ],
            "51": [
                5298,
                687,
                686
            ],
            "47": [
                5088,
                5087,
                806,
                807
            ],
            "52": [
                5267,
                477,
                763,
                5268
            ],
            "53": [
                552,
                5162,
                553
            ],
            "54": [
                672,
                5253
            ],
            "55": [
                582,
                5207
            ],
            "56": [
                5193,
                5192,
                522
            ],
            "57": [
                5342,
                5343,
                792
            ],
            "58": [
                626,
                627,
                625
            ],
            "59": [
                5238,
                5237,
                747,
                746
            ],
            "60": [
                5133,
                702,
                703,
                5134
            ],
            "61": [
                716,
                717,
                718
            ],
            "62": [
                5119,
                5118,
                762
            ],
            "2": [
                613
            ],
            "8": [
                5252
            ],
            "3": [
                5027
            ],
            "14": [
                5147,
                537
            ],
            "4": [
                569
            ],
            "19": [
                507,
                508,
                506
            ],
            "5": [
                5149
            ],
            "25": [
                5402,
                5401
            ],
            "6": [
                5057,
                491,
                4952
            ],
            "30": [
                418,
                417,
                5416
            ],
            "7": [
                5299
            ],
            "36": [
                387,
                5086
            ],
            "9": [
                5012
            ],
            "15": [
                583,
                584
            ],
            "10": [
                688,
                5463
            ],
            "20": [
                5477,
                463,
                462,
                461
            ],
            "11": [
                868,
                867
            ],
            "26": [
                538
            ],
            "12": [
                4953
            ],
            "31": [
                446,
                5297,
                447
            ],
            "13": [
                5284
            ],
            "37": [
                5206
            ],
            "16": [
                5372,
                5373
            ],
            "21": [
                551,
                4982
            ],
            "17": [
                581
            ],
            "32": [
                475,
                476,
                5072
            ],
            "18": [
                5194
            ],
            "38": [
                521,
                4967
            ],
            "22": [
                791,
                5058
            ],
            "27": [
                5314,
                853
            ],
            "23": [
                4938
            ],
            "33": [
                775,
                4833,
                4832
            ],
            "24": [
                4909,
                4908,
                715
            ],
            "39": [
                790,
                4983
            ],
            "28": [
                911,
                912
            ],
            "34": [
                820,
                821
            ],
            "29": [
                5073,
                5074,
                957
            ],
            "40": [
                5029,
                5028
            ],
            "35": [
                896,
                4954
            ],
            "41": [
                5059,
                866
            ],
            "63": [
                492
            ],
            "64": [
                493,
                5341
            ],
            "65": [
                373
            ],
            "66": [
                388
            ],
            "0": [
                628
            ],
            "68": [
                5447
            ],
            "69": [
                5432
            ],