{
    "config": "N_1000-1305.0163115200257s-1_A200",
    "num_vars": 72,
    "num_qubit": 129,
    "time_elapsed": 0.017862319946289062,
    "best_state": {
        "sample": [
            0,
            0,
            1,
            1,
            0,
            0,
            0,
            0,
            0,
            0,
            0,
            0,
            0,
            0,
            0,
            0,
            0,
            0,
            0,
            0,
            1,
            1,
            0,
            0,
            0,
            0,
            0,
            0,
            1,
            1,
            1,
            0,
            1,
            1,
            1,
            1,
            0,
            1,
            1,
            1,
            0,
            1,
            1,
            0,
            0,
            0,
            0,
            1,
            0,
            0,
            1,
            1,
            0,
            0,
            0,
            0,
            0,
            0,
            0,
            0,
            0,
            0,
            0,
            1,
            1,
            1,
            1,
            1,
            1,
            0,
            0,
            0
        ],
        "energy": 183.0,
        "chain_break_fraction": 0.0
    },
    "chain_strength_prefactor": 0.4,
    "chain_strength": 1305.0163115200257,
    "max_chain_length": 3,
    "timing_info": {
        "qpu_sampling_time": 292480.0,
        "qpu_anneal_time_per_sample": 200.0,
        "qpu_readout_time_per_sample": 71.94,
        "qpu_access_time": 308405.17,
        "qpu_access_overhead_time": 8379.83,
        "qpu_programming_time": 15925.17,
        "qpu_delay_time_per_sample": 20.54,
        "total_post_processing_time": 70.0,
        "post_processing_overhead_time": 70.0
    },
    "embedding_info": {
        "embedding": {
            "27": [
                3192,
                3191,
                2220
            ],
            "28": [
                2145,
                2146,
                3071
            ],
            "33": [
                2191,
                3236
            ],
            "29": [
                3161,
                3162
            ],
            "34": [
                3132,
                2235
            ],
            "30": [
                2325,
                2326,
                3072
            ],
            "35": [
                2251,
                2250,
                3282
            ],
            "31": [
                3177,
                3176,
                2026
            ],
            "36": [
                3205,
                3206
            ],
            "32": [
                2265,
                3056,
                2130
            ],
            "37": [
                2280,
                2281
            ],
            "38": [
                3252,
                3251,
                2356
            ],
            "39": [
                3222,
                3221
            ],
            "40": [
                3117,
                3116,
                2176
            ],
            "41": [
                3267,
                3266,
                2131
            ],
            "42": [
                2310,
                2311
            ],
            "43": [
                3146,
                3147,
                2161
            ],
            "44": [
                3102,
                2341,
                2342
            ],
            "45": [
                2207,
                3327,
                2206
            ],
            "46": [
                2266,
                3297,
                2267
            ],
            "47": [
                2295,
                2296
            ],
            "3": [
                3311
            ],
            "8": [
                2996
            ],
            "4": [
                3163
            ],
            "12": [
                2070,
                3086,
                2085
            ],
            "5": [
                3175
            ],
            "20": [
                2101
            ],
            "6": [
                2372
            ],
            "16": [
                3281
            ],
            "7": [
                1966
            ],
            "21": [
                2116
            ],
            "9": [
                3253
            ],
            "13": [
                2071
            ],
            "10": [
                2387,
                2386
            ],
            "17": [
                2221
            ],
            "11": [
                2402,
                2401
            ],
            "24": [
                2132,
                3476
            ],
            "14": [
                2041,
                2040
            ],
            "22": [
                3402,
                3401,
                2162
            ],
            "15": [
                2297,
                3447
            ],
            "25": [
                3416,
                3417
            ],
            "18": [
                3356,
                3357
            ],
            "23": [
                3446,
                2072
            ],
            "19": [
                3477
            ],
            "26": [
                3537
            ],
            "0": [
                2981
            ],
            "48": [
                2115
            ],
            "49": [
                2100
            ],
            "52": [
                3296,
                2177
            ],
            "53": [
                3386
            ],
            "1": [
                3178
            ],
            "55": [
                2461
            ],
            "56": [
                2477,
                2476
            ],
            "57": [
                2327,
                3372
            ],
            "58": [
                2312
            ],
            "61": [
                3431,
                3432
            ],
            "62": [
                2222
            ],
            "63": [
                3492,
                2252
            ],
            "2": [
                3160
            ],
            "66": [
                1951
            ],
            "67": [
                3280
            ],
            "68": [
                2056
            ],
            "69": [
                2117,
                3385
            ],
            "72": [
                3462
            ],
            "73": [
                3522,
                2358
            ],
            "59": [
                2086,
                3235
            ],
            "60": [
                3341,
                3342
            ],
            "64": [
                2236,
                3371
            ],
            "65": [
                2282
            ],
            "70": [
                3326,
                2012
            ],
            "71": [
                3400
            ],
            "74": [
                2237
            ]
        },
        "chain_break_method": "majority_vote",
        "embedding_parameters": {},
        "chain_strength": 1305.0163115200257
    }
}