{
    "config": "N_1000-20166.947040686664s-1_A200",
    "num_vars": 86,
    "num_qubit": 172,
    "time_elapsed": 0.03499341011047363,
    "best_state": {
        "sample": [
            1,
            1,
            0,
            0,
            0,
            0,
            0,
            0,
            0,
            0,
            0,
            0,
            0,
            0,
            0,
            0,
            0,
            0,
            1,
            0,
            0,
            0,
            0,
            0,
            0,
            0,
            0,
            0,
            1,
            0,
            1,
            0,
            0,
            0,
            0,
            0,
            0,
            0,
            1,
            0,
            0,
            0,
            0,
            0,
            0,
            0,
            0,
            1,
            1,
            1,
            0,
            0,
            1,
            1,
            0,
            0,
            0,
            0,
            1,
            0,
            0,
            0,
            0,
            0,
            0,
            0,
            0,
            1,
            1,
            1,
            1,
            0,
            0,
            0,
            0,
            0,
            0,
            0,
            1,
            1,
            1,
            1,
            1,
            1,
            1,
            1
        ],
        "energy": 3437.0,
        "chain_break_fraction": 0.011627906976744186
    },
    "chain_strength": 20166.947040686664,
    "max_chain_length": 3,
    "timing_info": {
        "qpu_sampling_time": 299580.0,
        "qpu_anneal_time_per_sample": 200.0,
        "qpu_readout_time_per_sample": 79.04,
        "qpu_access_time": 315506.37,
        "qpu_access_overhead_time": 1430.63,
        "qpu_programming_time": 15926.37,
        "qpu_delay_time_per_sample": 20.54,
        "total_post_processing_time": 1.0,
        "post_processing_overhead_time": 1.0
    },
    "embedding_info": {
        "embedding": {
            "32": [
                3658,
                2598,
                2599
            ],
            "33": [
                3809,
                3808,
                2644
            ],
            "38": [
                2569,
                3643,
                2570
            ],
            "34": [
                3778,
                2584
            ],
            "39": [
                2540,
                2539
            ],
            "35": [
                3748,
                2659,
                3747
            ],
            "40": [
                3703,
                3702,
                3704
            ],
            "36": [
                2508,
                2509
            ],
            "41": [
                3688,
                2433,
                2374
            ],
            "37": [
                2434,
                3823,
                3824
            ],
            "42": [
                2449,
                3883,
                2448
            ],
            "43": [
                3839,
                3838,
                2629
            ],
            "44": [
                3733,
                3732,
                2628
            ],
            "45": [
                2478,
                2479,
                3538
            ],
            "46": [
                2464,
                3718,
                3719
            ],
            "47": [
                2555,
                2554,
                3973
            ],
            "48": [
                3762,
                3763
            ],
            "49": [
                2495,
                3928,
                2494
            ],
            "50": [
                3792,
                3793,
                2314
            ],
            "51": [
                2525,
                2524,
                2526
            ],
            "52": [
                2390,
                2389,
                3868
            ],
            "2": [
                2583
            ],
            "4": [
                2597
            ],
            "3": [
                3911,
                3912
            ],
            "27": [
                2673,
                2674
            ],
            "5": [
                3869
            ],
            "9": [
                3674
            ],
            "6": [
                2359
            ],
            "17": [
                2719,
                3794
            ],
            "7": [
                2418
            ],
            "22": [
                3583,
                2493
            ],
            "8": [
                3882
            ],
            "28": [
                2614,
                3854,
                3853
            ],
            "10": [
                2750
            ],
            "13": [
                2720,
                3959
            ],
            "11": [
                2344
            ],
            "18": [
                3734,
                2778
            ],
            "12": [
                3673
            ],
            "23": [
                3628,
                3629
            ],
            "14": [
                3958,
                3957
            ],
            "19": [
                2735,
                3974
            ],
            "15": [
                3898,
                2480,
                2419
            ],
            "24": [
                2689,
                2688,
                3764
            ],
            "16": [
                4002,
                4003
            ],
            "29": [
                2660
            ],
            "20": [
                2315,
                3942
            ],
            "25": [
                2254,
                2253
            ],
            "21": [
                4062,
                4063
            ],
            "30": [
                4047,
                4048
            ],
            "26": [
                2195,
                3867
            ],
            "31": [
                2300,
                3972
            ],
            "0": [
                2582
            ],
            "53": [
                3539
            ],
            "55": [
                3689
            ],
            "56": [
                2643,
                3644
            ],
            "57": [
                2613
            ],
            "59": [
                2704,
                2705
            ],
            "60": [
                2763,
                3659
            ],
            "62": [
                3929,
                2794
            ],
            "63": [
                2690,
                3989
            ],
            "64": [
                4004
            ],
            "67": [
                2360,
                2345
            ],
            "68": [
                3837,
                2375
            ],
            "69": [
                3987,
                2255
            ],
            "70": [
                2405,
                4107
            ],
            "74": [
                2404,
                2403
            ],
            "75": [
                3927
            ],
            "76": [
                2330
            ],
            "77": [
                3897
            ],
            "1": [
                2210
            ],
            "81": [
                3926,
                2239
            ],
            "82": [
                2285
            ],
            "83": [
                4017,
                2361
            ],
            "84": [
                2270,
                3956
            ],
            "85": [
                2225,
                3941
            ],
            "65": [
                3899,
                2645
            ],