{
    "config": "N_1000-11189.25838339854s-1_A200",
    "num_vars": 121,
    "num_qubit": 227,
    "time_elapsed": 0.04200601577758789,
    "best_state": {
        "sample": [
            1,
            0,
            1,
            0,
            0,
            1,
            0,
            0,
            0,
            0,
            0,
            0,
            0,
            0,
            0,
            0,
            0,
            0,
            0,
            0,
            0,
            0,
            0,
            0,
            0,
            0,
            0,
            0,
            1,
            0,
            0,
            0,
            0,
            0,
            0,
            0,
            0,
            0,
            1,
            0,
            0,
            0,
            1,
            0,
            0,
            0,
            0,
            1,
            0,
            1,
            1,
            1,
            1,
            0,
            0,
            1,
            0,
            0,
            1,
            1,
            1,
            1,
            1,
            0,
            1,
            0,
            0,
            1,
            1,
            1,
            1,
            1,
            0,
            0,
            0,
            0,
            0,
            1,
            1,
            1,
            1,
            0,
            0,
            0,
            0,
            1,
            1,
            0,
            0,
            0,
            0,
            0,
            0,
            0,
            0,
            0,
            0,
            0,
            0,
            0,
            0,
            1,
            1,
            1,
            1,
            1,
            1,
            0,
            0,
            1,
            1,
            0,
            0,
            0,
            1,
            1,
            1,
            1,
            1,
            1,
            1
        ],
        "energy": 3746.0,
        "chain_break_fraction": 0.01652892561983471
    },
    "chain_strength_prefactor": 0.25,
    "chain_strength": 11189.25838339854,
    "max_chain_length": 4,
    "timing_info": {
        "qpu_sampling_time": 299500.0,
        "qpu_anneal_time_per_sample": 200.0,
        "qpu_readout_time_per_sample": 78.96,
        "qpu_access_time": 315427.97,
        "qpu_access_overhead_time": 2235.03,
        "qpu_programming_time": 15927.97,
        "qpu_delay_time_per_sample": 20.54,
        "total_post_processing_time": 1.0,
        "post_processing_overhead_time": 1.0
    },
    "embedding_info": {
        "embedding": {
            "47": [
                2047,
                4391,
                2046
            ],
            "48": [
                4285,
                2107
            ],
            "53": [
                4315,
                4314,
                2077
            ],
            "49": [
                2091,
                4241,
                4240
            ],
            "54": [
                2121,
                4120,
                2122
            ],
            "50": [
                2061,
                4135,
                2062
            ],
            "55": [
                4226,
                4225,
                1837,
                2182
            ],
            "51": [
                4375,
                1957,
                4376,
                4377
            ],
            "56": [
                2137,
                4316,
                4406
            ],
            "52": [
                4346,
                4345,
                2092,
                4347
            ],
            "57": [
                2152,
                4286,
                4361
            ],
            "58": [
                2017,
                2016,
                4195
            ],
            "59": [
                4180,
                4181,
                2076
            ],
            "60": [
                4331,
                2197,
                4330
            ],
            "61": [
                4257,
                4256,
                2032
            ],
            "62": [
                4166,
                2106,
                4165
            ],
            "63": [
                4270,
                4271,
                2226,
                2225
            ],
            "64": [
                4196,
                4197,
                2212
            ],
            "65": [
                4136,
                2241,
                4227,
                2242
            ],
            "66": [
                4211,
                2167,
                2136
            ],
            "67": [
                2286,
                2287,
                4212
            ],
            "7": [
                4390
            ],
            "12": [
                2048
            ],
            "8": [
                2090
            ],
            "23": [
                1853,
                1852
            ],
            "9": [
                4133,
                4134
            ],
            "29": [
                1897,
                4464,
                4465
            ],
            "10": [
                2422
            ],
            "35": [
                4450,
                1958
            ],
            "11": [
                2332
            ],
            "41": [
                4436
            ],
            "13": [
                1821,
                1822
            ],
            "18": [
                1867
            ],
            "14": [
                2120,
                3910
            ],
            "24": [
                1881,
                4269,
                4119
            ],
            "15": [
                1761,
                4224
            ],
            "30": [
                1807,
                4284,
                1808
            ],
            "16": [
                4317
            ],
            "36": [
                4480,
                2033
            ],
            "17": [
                4287
            ],
            "42": [
                4422,
                4421,
                2153
            ],
            "19": [
                2015
            ],
            "25": [
                1910,
                4030,
                1911
            ],
            "20": [
                4179
            ],
            "31": [
                4105,
                1956
            ],
            "21": [
                4332
            ],
            "37": [
                1987,
                4210,
                4255
            ],
            "22": [
                4258
            ],
            "43": [
                4300,
                4301,
                2227
            ],
            "26": [
                1941,
                4089,
                1940
            ],
            "32": [
                2105,
                3971
            ],
            "27": [
                4002,
                4001
            ],
            "38": [
                3940,
                3941,
                2000
            ],
            "28": [
                2405,
                2406
            ],
            "44": [
                2255,
                2256
            ],
            "33": [
                4047,
                2211,
                4048
            ],
            "39": [
                2150,
                4046,
                2151
            ],
            "34": [
                4107,
                4106
            ],
            "45": [
                4121
            ],
            "40": [
                2316
            ],
            "46": [
                4167,
                2361
            ],
            "0": [
                2063
            ],