{
    "config": "N_1000-3076.2334084531985s-1_A200",
    "num_vars": 67,
    "num_qubit": 122,
    "time_elapsed": 0.022997140884399414,
    "best_state": {
        "sample": [
            0,
            1,
            0,
            0,
            0,
            0,
            0,
            0,
            0,
            0,
            0,
            1,
            0,
            0,
            1,
            0,
            0,
            0,
            1,
            1,
            0,
            0,
            0,
            0,
            0,
            1,
            0,
            0,
            0,
            0,
            1,
            0,
            0,
            0,
            0,
            1,
            0,
            0,
            0,
            1,
            1,
            1,
            1,
            1,
            1,
            1,
            0,
            1,
            1,
            1,
            1,
            1,
            1,
            1,
            1,
            0,
            0,
            0,
            0,
            0,
            1,
            1,
            1,
            1,
            0,
            0,
            0
        ],
        "energy": 398.0,
        "chain_break_fraction": 0.0
    },
    "chain_strength_prefactor": 0.4,
    "chain_strength": 3076.2334084531985,
    "max_chain_length": 3,
    "timing_info": {
        "qpu_sampling_time": 293300.0,
        "qpu_anneal_time_per_sample": 200.0,
        "qpu_readout_time_per_sample": 72.76,
        "qpu_access_time": 309223.97,
        "qpu_access_overhead_time": 1105.03,
        "qpu_programming_time": 15923.97,
        "qpu_delay_time_per_sample": 20.54,
        "total_post_processing_time": 21.0,
        "post_processing_overhead_time": 21.0
    },
    "embedding_info": {
        "embedding": {
            "25": [
                3283,
                3284
            ],
            "26": [
                3223,
                2626
            ],
            "31": [
                2642,
                3344,
                2641
            ],
            "27": [
                2446,
                3313,
                3314
            ],
            "32": [
                3298,
                3299
            ],
            "28": [
                2656,
                2657,
                3208
            ],
            "33": [
                2702,
                3329
            ],
            "29": [
                3238,
                2611,
                2612
            ],
            "34": [
                2581,
                2582,
                3268
            ],
            "30": [
                2597,
                3494,
                2596
            ],
            "35": [
                2717,
                3359,
                3358
            ],
            "36": [
                2491,
                2492,
                3343
            ],
            "37": [
                3388,
                2552
            ],
            "38": [
                2536,
                2537,
                3193
            ],
            "39": [
                3372,
                3373,
                2477
            ],
            "40": [
                3253,
                2566,
                2567
            ],
            "41": [
                2507,
                2506
            ],
            "42": [
                2522,
                3418
            ],
            "43": [
                3403,
                2627,
                3404
            ],
            "44": [
                3449,
                3447,
                3448
            ],
            "45": [
                3433,
                3434
            ],
            "3": [
                2431
            ],
            "6": [
                2461
            ],
            "4": [
                3312
            ],
            "11": [
                2415,
                2416
            ],
            "5": [
                2580
            ],
            "15": [
                3207
            ],
            "7": [
                3553
            ],
            "18": [
                2476,
                3222
            ],
            "8": [
                3357
            ],
            "22": [
                2372
            ],
            "9": [
                3342
            ],
            "12": [
                3133,
                2490
            ],
            "10": [
                2538
            ],
            "19": [
                3192,
                2445
            ],
            "13": [
                3103,
                3102
            ],
            "16": [
                3252,
                2371
            ],
            "14": [
                3508
            ],
            "20": [
                3478,
                3477
            ],
            "17": [
                3387,
                2327
            ],
            "23": [
                3282,
                2357
            ],
            "21": [
                3432,
                2402
            ],
            "24": [
                2432,
                3538
            ],
            "0": [
                3178
            ],
            "46": [
                3163
            ],
            "47": [
                2400
            ],
            "49": [
                3328
            ],
            "1": [
                3327
            ],
            "52": [
                2207
            ],
            "53": [
                3371,
                2251
            ],
            "54": [
                2267,
                2266,
                2268
            ],
            "55": [
                2373,
                3612
            ],
            "2": [
                2595
            ],
            "58": [
                3118
            ],
            "59": [
                2356,
                3117
            ],
            "60": [
                2401,
                3267
            ],
            "62": [
                2523
            ],
            "63": [
                3493
            ],
            "64": [
                2417
            ],
            "67": [
                2342
            ],
            "68": [
                3402
            ],
            "56": [
                2521,
                3148
            ],
            "57": [
                2387,
                2386,
                2388
            ],
            "61": [
                2326
            ],
            "65": [
                2312,
                2311
            ],
            "66": [
                3462
            ],
            "69": [
                3417
            ]
        },
        "chain_break_method": "majority_vote",
        "embedding_parameters": {},
        "chain_strength": 3076.2334084531985
    }
}