{
    "config": "N_1000-769.0583521132996s-1_A200",
    "num_vars": 67,
    "num_qubit": 119,
    "time_elapsed": 0.026179790496826172,
    "best_state": {
        "sample": [
            1,
            0,
            1,
            0,
            0,
            0,
            0,
            0,
            0,
            0,
            0,
            0,
            0,
            1,
            0,
            0,
            1,
            1,
            1,
            1,
            1,
            0,
            1,
            0,
            1,
            1,
            1,
            1,
            0,
            1,
            1,
            1,
            1,
            1,
            1,
            1,
            0,
            0,
            0,
            0,
            0,
            1,
            1,
            1,
            1,
            1,
            1,
            1,
            1,
            0,
            1,
            1,
            1,
            1,
            1,
            1,
            1,
            0,
            1,
            1,
            1,
            1,
            0,
            1,
            1,
            1,
            1
        ],
        "energy": 18134.0,
        "chain_break_fraction": 0.16417910447761194
    },
    "chain_strength_prefactor": 0.1,
    "chain_strength": 769.0583521132996,
    "max_chain_length": 3,
    "timing_info": {
        "qpu_sampling_time": 376620.0,
        "qpu_anneal_time_per_sample": 200.0,
        "qpu_readout_time_per_sample": 156.08,
        "qpu_access_time": 392380.37,
        "qpu_access_overhead_time": 1467.63,
        "qpu_programming_time": 15760.37,
        "qpu_delay_time_per_sample": 20.54,
        "total_post_processing_time": 21.0,
        "post_processing_overhead_time": 21.0
    },
    "embedding_info": {
        "embedding": {
            "25": [
                420,
                3046,
                421
            ],
            "26": [
                450,
                3152
            ],
            "31": [
                526,
                3302
            ],
            "27": [
                3091,
                3092,
                376
            ],
            "32": [
                3241,
                3242
            ],
            "28": [
                3182,
                3181,
                645
            ],
            "33": [
                481,
                480
            ],
            "29": [
                465,
                466
            ],
            "34": [
                616,
                3287,
                3286
            ],
            "30": [
                496,
                3226
            ],
            "35": [
                3317,
                3318,
                451
            ],
            "36": [
                435,
                436
            ],
            "37": [
                3169,
                3167,
                3168
            ],
            "38": [
                391,
                392,
                3137
            ],
            "39": [
                3197,
                3196,
                676
            ],
            "40": [
                3107,
                3106,
                586
            ],
            "41": [
                510,
                511,
                3122
            ],
            "42": [
                406,
                3256,
                407
            ],
            "43": [
                3272,
                557,
                556
            ],
            "44": [
                3257,
                3258,
                541
            ],
            "45": [
                3212,
                3211
            ],
            "3": [
                3332,
                3333
            ],
            "6": [
                3032,
                3031
            ],
            "4": [
                377
            ],
            "11": [
                3093
            ],
            "5": [
                3183
            ],
            "14": [
                3078
            ],
            "7": [
                615
            ],
            "18": [
                3348,
                3347
            ],
            "8": [
                737
            ],
            "21": [
                706
            ],
            "9": [
                3154
            ],
            "15": [
                795
            ],
            "10": [
                3303
            ],
            "22": [
                3198
            ],
            "12": [
                3108
            ],
            "16": [
                3362,
                587,
                3363
            ],
            "13": [
                3123
            ],
            "19": [
                512,
                3407
            ],
            "17": [
                796,
                3288
            ],
            "23": [
                3228,
                736
            ],
            "20": [
                3227,
                661
            ],
            "24": [
                630,
                631
            ],
            "0": [
                3047
            ],
            "46": [
                675
            ],
            "47": [
                660
            ],
            "49": [
                707
            ],
            "1": [
                362
            ],
            "52": [
                3361
            ],
            "53": [
                482,
                3437
            ],
            "54": [
                571,
                572
            ],
            "2": [
                825
            ],
            "56": [
                810
            ],
            "57": [
                751,
                3139
            ],
            "58": [
                766
            ],
            "59": [
                3213
            ],
            "62": [
                600,
                3153
            ],
            "63": [
                601,
                3377
            ],
            "65": [
                722
            ],
            "66": [
                3273
            ],
            "67": [
                646
            ],
            "55": [
                690,
                3138
            ],
            "60": [
                781,
                780
            ],
            "61": [
                811,
                3304
            ],
            "64": [
                662
            ],
            "68": [
                691
            ],
            "69": [
                3243
            ]
        },
        "chain_break_method": "majority_vote",
        "embedding_parameters": {},
        "chain_strength": 769.0583521132996
    }
}