{
    "config": "N_1000-2691.704232396549s-1_A200",
    "num_vars": 67,
    "num_qubit": 121,
    "time_elapsed": 0.01853322982788086,
    "best_state": {
        "sample": [
            1,
            0,
            1,
            0,
            0,
            0,
            0,
            0,
            0,
            0,
            0,
            0,
            0,
            0,
            0,
            0,
            0,
            0,
            0,
            0,
            1,
            1,
            1,
            0,
            0,
            1,
            1,
            1,
            1,
            1,
            1,
            1,
            1,
            0,
            0,
            0,
            1,
            0,
            0,
            0,
            0,
            0,
            0,
            0,
            1,
            1,
            1,
            1,
            0,
            0,
            0,
            0,
            0,
            0,
            0,
            0,
            1,
            1,
            1,
            1,
            0,
            0,
            0,
            0,
            1,
            1,
            1
        ],
        "energy": 398.0,
        "chain_break_fraction": 0.0
    },
    "chain_strength_prefactor": 0.35,
    "chain_strength": 2691.704232396549,
    "max_chain_length": 3,
    "timing_info": {
        "qpu_sampling_time": 307900.0,
        "qpu_anneal_time_per_sample": 200.0,
        "qpu_readout_time_per_sample": 87.36,
        "qpu_access_time": 323827.17,
        "qpu_access_overhead_time": 1126.83,
        "qpu_programming_time": 15927.17,
        "qpu_delay_time_per_sample": 20.54,
        "total_post_processing_time": 1.0,
        "post_processing_overhead_time": 1.0
    },
    "embedding_info": {
        "embedding": {
            "25": [
                4306,
                442,
                502
            ],
            "26": [
                307,
                4321
            ],
            "31": [
                4351,
                322
            ],
            "27": [
                4261,
                4260
            ],
            "32": [
                383,
                382
            ],
            "28": [
                4290,
                4291,
                187
            ],
            "33": [
                4456,
                427,
                4455
            ],
            "29": [
                4275,
                4276,
                4277
            ],
            "34": [
                412,
                4186,
                413
            ],
            "30": [
                172,
                4305,
                4380
            ],
            "35": [
                4366,
                4365
            ],
            "36": [
                276,
                4231
            ],
            "37": [
                277,
                4411
            ],
            "38": [
                4396,
                352,
                4397
            ],
            "39": [
                4381,
                337
            ],
            "40": [
                368,
                367
            ],
            "41": [
                261,
                4246,
                4247
            ],
            "42": [
                4201,
                246,
                247
            ],
            "43": [
                4336,
                397
            ],
            "44": [
                262,
                4426,
                4335
            ],
            "45": [
                291,
                292,
                293
            ],
            "3": [
                443,
                4486
            ],
            "6": [
                501
            ],
            "4": [
                471
            ],
            "11": [
                592,
                593,
                4262
            ],
            "5": [
                682
            ],
            "17": [
                547,
                548
            ],
            "7": [
                428
            ],
            "14": [
                338
            ],
            "8": [
                218
            ],
            "21": [
                398
            ],
            "9": [
                4398
            ],
            "18": [
                563
            ],
            "10": [
                233
            ],
            "22": [
                532,
                4382
            ],
            "12": [
                4502,
                4501
            ],
            "15": [
                4441
            ],
            "13": [
                517,
                4352
            ],
            "19": [
                488,
                487
            ],
            "16": [
                263
            ],
            "23": [
                308,
                4546
            ],
            "20": [
                4607,
                4606
            ],
            "24": [
                4576,
                4577
            ],
            "0": [
                486
            ],
            "46": [
                4187
            ],
            "47": [
                4172
            ],
            "49": [
                4471
            ],
            "1": [
                4157
            ],
            "52": [
                457,
                456
            ],
            "53": [
                472,
                4412
            ],
            "54": [
                4367
            ],
            "56": [
                4516
            ],
            "57": [
                4470,
                323
            ],
            "2": [
                667
            ],
            "59": [
                4383
            ],
            "60": [
                607
            ],
            "61": [
                518,
                4457
            ],
            "62": [
                473,
                4532
            ],
            "65": [
                4515
            ],
            "66": [
                248,
                4485
            ],
            "67": [
                278
            ],
            "55": [
                578
            ],
            "58": [
                353,
                4561
            ],
            "63": [
                4427
            ],
            "64": [
                504,
                503
            ],
            "68": [
                399,
                4562,
                533
            ],
            "69": [
                369,
                4531
            ]
        },
        "chain_break_method": "majority_vote",
        "embedding_parameters": {},
        "chain_strength": 2691.704232396549
    }
}