{
    "config": "N_1000-21503.969967010864s-1_A200",
    "num_vars": 114,
    "num_qubit": 210,
    "time_elapsed": 0.024983644485473633,
    "best_state": {
        "sample": [
            1,
            0,
            0,
            0,
            0,
            0,
            0,
            0,
            0,
            0,
            1,
            0,
            0,
            0,
            0,
            0,
            0,
            0,
            0,
            0,
            0,
            0,
            0,
            0,
            0,
            0,
            0,
            0,
            0,
            0,
            0,
            0,
            0,
            0,
            0,
            0,
            0,
            0,
            0,
            1,
            1,
            0,
            0,
            0,
            1,
            1,
            1,
            1,
            1,
            1,
            0,
            0,
            0,
            0,
            0,
            1,
            0,
            1,
            0,
            0,
            1,
            0,
            1,
            0,
            0,
            1,
            1,
            1,
            1,
            0,
            0,
            0,
            0,
            0,
            0,
            0,
            0,
            0,
            0,
            0,
            0,
            0,
            0,
            0,
            0,
            0,
            0,
            0,
            0,
            0,
            0,
            0,
            0,
            0,
            0,
            0,
            0,
            0,
            0,
            0,
            0,
            0,
            0,
            0,
            1,
            1,
            1,
            1,
            1,
            1,
            1,
            1,
            1,
            1
        ],
        "energy": 2591.0,
        "chain_break_fraction": 0.0
    },
    "chain_strength_prefactor": 0.5,
    "chain_strength": 21503.969967010864,
    "max_chain_length": 4,
    "timing_info": {
        "qpu_sampling_time": 350800.0,
        "qpu_anneal_time_per_sample": 200.0,
        "qpu_readout_time_per_sample": 130.26,
        "qpu_access_time": 366557.17,
        "qpu_access_overhead_time": 2294.83,
        "qpu_programming_time": 15757.17,
        "qpu_delay_time_per_sample": 20.54,
        "total_post_processing_time": 1.0,
        "post_processing_overhead_time": 1.0
    },
    "embedding_info": {
        "embedding": {
            "44": [
                1731,
                4283,
                4149
            ],
            "45": [
                4193,
                4194
            ],
            "50": [
                4118,
                1686,
                4119
            ],
            "46": [
                4163,
                1611,
                4164
            ],
            "51": [
                1701,
                1700
            ],
            "47": [
                4208,
                1642,
                4209
            ],
            "52": [
                4178,
                1566,
                1672
            ],
            "48": [
                1656,
                1657,
                1655,
                3998
            ],
            "53": [
                4148
            ],
            "49": [
                4239,
                4238,
                1716
            ],
            "54": [
                4268,
                4267,
                1551
            ],
            "55": [
                1746,
                4059
            ],
            "56": [
                1791,
                4074,
                4073
            ],
            "57": [
                1596,
                1595,
                4058
            ],
            "58": [
                1627,
                1626,
                4088,
                4253
            ],
            "59": [
                4103,
                4102,
                1761
            ],
            "60": [
                4013,
                1685,
                1671
            ],
            "61": [
                4133,
                4132
            ],
            "62": [
                1580,
                1581
            ],
            "63": [
                1505,
                1506,
                4087
            ],
            "64": [
                3937,
                1535,
                1536
            ],
            "6": [
                4285,
                4284
            ],
            "11": [
                1850,
                1851
            ],
            "7": [
                1836
            ],
            "21": [
                1881,
                1880
            ],
            "8": [
                4192,
                1521
            ],
            "27": [
                1776,
                1775
            ],
            "9": [
                1654
            ],
            "33": [
                3865,
                3864,
                1729
            ],
            "10": [
                1567
            ],
            "38": [
                1896,
                1895,
                4240
            ],
            "12": [
                4120
            ],
            "16": [
                4135,
                4134
            ],
            "13": [
                4044
            ],
            "22": [
                4255,
                2002,
                4254
            ],
            "14": [
                4177
            ],
            "28": [
                4179,
                4180
            ],
            "15": [
                1432
            ],
            "39": [
                1911,
                1910,
                4269
            ],
            "17": [
                1821
            ],
            "23": [
                1941,
                4060
            ],
            "18": [
                4072
            ],
            "29": [
                1790,
                3939
            ],
            "19": [
                1594
            ],
            "34": [
                3923
            ],
            "20": [
                4252
            ],
            "40": [
                1715
            ],
            "24": [
                1476,
                1477
            ],
            "30": [
                3879,
                1760
            ],
            "25": [
                1415,
                1414,
                4012
            ],
            "35": [
                1670,
                3849
            ],
            "26": [
                1446,
                1447
            ],
            "41": [
                1641,
                1640
            ],
            "31": [
                1579,
                3803
            ],
            "36": [
                3952,
                1445
            ],
            "32": [
                3967,
                1355,
                1354
            ],
            "42": [
                3817,
                1504,
                3878
            ],
            "37": [
                1475
            ],
            "43": [
                1534
            ],
            "0": [
                1835
            ],
            "65": [
                3984
            ],
            "66": [
                3969
            ],
            "67": [
                1820,
                3909
            ],
            "68": [
                1894
            ],
            "1": [
                2061
            ],
            "70": [
                2046
            ],
            "71": [
                4270,
                2091
            ],
            "72": [
                1987
            ],
            "73": [
                4195
            ],
            "2": [
                2016
            ],