{
    "config": "N_1000-10751.984983505432s-1_A200",
    "num_vars": 114,
    "num_qubit": 205,
    "time_elapsed": 0.049407005310058594,
    "best_state": {
        "sample": [
            1,
            1,
            0,
            0,
            0,
            0,
            0,
            0,
            0,
            1,
            0,
            0,
            0,
            0,
            0,
            0,
            0,
            0,
            0,
            0,
            0,
            0,
            0,
            0,
            0,
            0,
            0,
            0,
            1,
            0,
            0,
            0,
            0,
            0,
            0,
            0,
            1,
            0,
            0,
            0,
            0,
            0,
            0,
            0,
            1,
            1,
            1,
            1,
            1,
            1,
            1,
            1,
            1,
            0,
            1,
            1,
            0,
            0,
            1,
            0,
            0,
            1,
            0,
            1,
            1,
            1,
            1,
            1,
            1,
            1,
            1,
            1,
            1,
            0,
            0,
            1,
            1,
            0,
            0,
            0,
            0,
            0,
            0,
            0,
            0,
            0,
            0,
            0,
            1,
            1,
            0,
            1,
            1,
            1,
            1,
            1,
            1,
            1,
            1,
            1,
            0,
            0,
            0,
            1,
            0,
            0,
            0,
            0,
            0,
            0,
            0,
            0,
            0,
            0
        ],
        "energy": 3641.0,
        "chain_break_fraction": 0.02631578947368421
    },
    "chain_strength_prefactor": 0.25,
    "chain_strength": 10751.984983505432,
    "max_chain_length": 4,
    "timing_info": {
        "qpu_sampling_time": 291820.0,
        "qpu_anneal_time_per_sample": 200.0,
        "qpu_readout_time_per_sample": 71.28,
        "qpu_access_time": 307747.57,
        "qpu_access_overhead_time": 914.43,
        "qpu_programming_time": 15927.57,
        "qpu_delay_time_per_sample": 20.54,
        "total_post_processing_time": 25.0,
        "post_processing_overhead_time": 25.0
    },
    "embedding_info": {
        "embedding": {
            "44": [
                5127,
                5126
            ],
            "45": [
                5021,
                2261
            ],
            "50": [
                5097,
                2306,
                5096
            ],
            "46": [
                5157,
                2337,
                5156,
                2096
            ],
            "51": [
                2367,
                2366
            ],
            "47": [
                2245,
                2246
            ],
            "52": [
                2321,
                4977,
                2322
            ],
            "48": [
                2231,
                2232
            ],
            "53": [
                2081,
                5111,
                2082,
                5112
            ],
            "49": [
                5036,
                5037,
                2291,
                5035
            ],
            "54": [
                4962,
                2336,
                5022
            ],
            "55": [
                2352,
                5172,
                5171
            ],
            "56": [
                2275,
                2276,
                4947
            ],
            "57": [
                2172,
                2171,
                5186
            ],
            "58": [
                5066,
                5067,
                2351
            ],
            "59": [
                2456,
                5143,
                5142
            ],
            "60": [
                5232,
                2412,
                5231,
                2411
            ],
            "61": [
                2426,
                5187
            ],
            "62": [
                5081,
                5083,
                5082,
                2156
            ],
            "63": [
                5128,
                2471,
                4992,
                4991
            ],
            "64": [
                5052,
                5051,
                5053
            ],
            "6": [
                2051
            ],
            "11": [
                2038,
                2037
            ],
            "7": [
                2097,
                2098
            ],
            "21": [
                2338
            ],
            "8": [
                4916
            ],
            "26": [
                2247
            ],
            "9": [
                2233
            ],
            "32": [
                5276
            ],
            "10": [
                2381
            ],
            "38": [
                2126
            ],
            "12": [
                2307
            ],
            "16": [
                5095
            ],
            "13": [
                2201
            ],
            "27": [
                5306,
                5307
            ],
            "14": [
                2083
            ],
            "33": [
                5141,
                2142
            ],
            "15": [
                4963
            ],
            "39": [
                2111,
                4961
            ],
            "17": [
                2218,
                2217
            ],
            "22": [
                2353,
                5427
            ],
            "18": [
                4917
            ],
            "28": [
                2277
            ],
            "19": [
                2173
            ],
            "34": [
                2202,
                5246
            ],
            "20": [
                5068,
                2546
            ],
            "40": [
                2186
            ],
            "23": [
                2383,
                2382
            ],
            "29": [
                2457,
                2458
            ],
            "24": [
                2427,
                5338
            ],
            "35": [
                5293,
                2502
            ],
            "25": [
                2517,
                5188
            ],
            "41": [
                2486,
                2487
            ],
            "30": [
                2532,
                5173
            ],
            "36": [
                2591
            ],
            "31": [
                2727,
                5129
            ],
            "42": [
                2606,
                5098
            ],
            "37": [
                2696,
                4979,
                2561
            ],
            "43": [
                5054
            ],
            "0": [
                5336
            ],
            "65": [
                5321,
                5322
            ],
            "66": [
                2203,
                5337
            ],
            "67": [
                5261
            ],
            "68": [
                2127
            ],
            "1": [
                2066
            ],
            "70": [
                5080
            ],
            "71": [
                2023,
                2022
            ],
            "72": [
                5291
            ],
            "73": [
                2112
            ],
            "2": [
                5262
            ],
            "75": [
                5277
            ],