{
    "config": "F_1000-81064.71772337548s-1_A200",
    "num_vars": 55,
    "num_qubit": 143,
    "time_elapsed": 0.016637325286865234,
    "best_state": {
        "sample": [
            0,
            1,
            0,
            0,
            0,
            0,
            0,
            0,
            0,
            0,
            0,
            0,
            0,
            0,
            0,
            0,
            0,
            0,
            0,
            0,
            0,
            0,
            0,
            0,
            0,
            0,
            1,
            0,
            0,
            1,
            1,
            0,
            0,
            0,
            0,
            1,
            0,
            1,
            0,
            0,
            1,
            1,
            1,
            1,
            1,
            0,
            1,
            0,
            0,
            1,
            1,
            1,
            0,
            0,
            1
        ],
        "energy": 33434.0,
        "chain_break_fraction": 0.12727272727272726
    },
    "chain_strength": 81064.71772337548,
    "max_chain_length": 4,
    "timing_info": {
        "qpu_sampling_time": 369640.0,
        "qpu_anneal_time_per_sample": 200.0,
        "qpu_readout_time_per_sample": 149.1,
        "qpu_access_time": 385404.37,
        "qpu_access_overhead_time": 3659.63,
        "qpu_programming_time": 15764.37,
        "qpu_delay_time_per_sample": 20.54,
        "total_post_processing_time": 1.0,
        "post_processing_overhead_time": 1.0
    },
    "embedding_info": {
        "embedding": {
            "34": [
                606,
                4112,
                4111
            ],
            "35": [
                425,
                426,
                4006
            ],
            "40": [
                4156,
                4157,
                4158
            ],
            "36": [
                441,
                440,
                3991
            ],
            "41": [
                4217,
                4218,
                456
            ],
            "37": [
                4081,
                4082,
                351
            ],
            "42": [
                681,
                680,
                679,
                4053
            ],
            "38": [
                4186,
                4187
            ],
            "43": [
                576,
                575,
                577
            ],
            "39": [
                561,
                562,
                4037
            ],
            "44": [
                4143,
                4142
            ],
            "45": [
                470,
                4096,
                471,
                3931
            ],
            "46": [
                410,
                4126,
                411,
                4127
            ],
            "47": [
                546,
                4007,
                547
            ],
            "48": [
                4067,
                486
            ],
            "49": [
                455,
                4052,
                454
            ],
            "50": [
                3992,
                591,
                592
            ],
            "51": [
                501,
                4202,
                4203
            ],
            "52": [
                515,
                3947,
                516
            ],
            "53": [
                4097,
                531,
                605
            ],
            "54": [
                4173,
                4172,
                666
            ],
            "4": [
                726,
                725,
                4113
            ],
            "8": [
                4051,
                366
            ],
            "5": [
                424
            ],
            "12": [
                290,
                3961
            ],
            "6": [
                319,
                320,
                3826
            ],
            "16": [
                350,
                3886,
                4036
            ],
            "7": [
                4038
            ],
            "30": [
                4023,
                4022,
                4021
            ],
            "9": [
                3767,
                664,
                3766
            ],
            "20": [
                3813,
                709
            ],
            "10": [
                3932,
                530,
                529
            ],
            "25": [
                3827,
                3828
            ],
            "11": [
                4008,
                741
            ],
            "31": [
                710,
                3918,
                755,
                711
            ],
            "13": [
                380
            ],
            "17": [
                3916,
                395
            ],
            "14": [
                3843,
                3842
            ],
            "21": [
                469,
                3872
            ],
            "15": [
                545
            ],
            "26": [
                485,
                3887,
                484
            ],
            "18": [
                3858,
                3857,
                3856
            ],
            "22": [
                3901,
                439
            ],
            "19": [
                3812,
                590,
                3811
            ],
            "27": [
                3977,
                3976,
                500,
                499
            ],
            "23": [
                560,
                559
            ],
            "28": [
                634,
                3902,
                3873
            ],
            "24": [
                3888,
                695,
                604
            ],
            "32": [
                3752,
                649,
                650,
                3751
            ],
            "29": [
                3917,
                665
            ],
            "33": [
                620,
                619,
                4068,
                3962
            ],
            "0": [
                275
            ],
            "1": [
                740
            ],
            "2": [
                365
            ],
            "3": [
                635,
                3993
            ]
        },
        "chain_break_method": "majority_vote",
        "embedding_parameters": {},
        "chain_strength": 81064.71772337548
    }
}