{
    "config": "N_1000-2307.1750563398987s-1_A200",
    "num_vars": 67,
    "num_qubit": 121,
    "time_elapsed": 0.018937110900878906,
    "best_state": {
        "sample": [
            0,
            1,
            0,
            0,
            0,
            0,
            0,
            0,
            0,
            0,
            0,
            0,
            0,
            1,
            1,
            1,
            0,
            1,
            1,
            0,
            0,
            0,
            0,
            0,
            0,
            0,
            0,
            0,
            0,
            0,
            1,
            1,
            0,
            0,
            0,
            1,
            0,
            0,
            0,
            1,
            0,
            1,
            1,
            1,
            1,
            1,
            0,
            1,
            0,
            1,
            1,
            0,
            1,
            1,
            1,
            1,
            0,
            1,
            1,
            1,
            1,
            0,
            0,
            0,
            0,
            0,
            0
        ],
        "energy": 400.0,
        "chain_break_fraction": 0.014925373134328358
    },
    "chain_strength_prefactor": 0.3,
    "chain_strength": 2307.1750563398987,
    "max_chain_length": 3,
    "timing_info": {
        "qpu_sampling_time": 328080.0,
        "qpu_anneal_time_per_sample": 200.0,
        "qpu_readout_time_per_sample": 107.54,
        "qpu_access_time": 344006.77,
        "qpu_access_overhead_time": 2134.23,
        "qpu_programming_time": 15926.77,
        "qpu_delay_time_per_sample": 20.54,
        "total_post_processing_time": 1.0,
        "post_processing_overhead_time": 1.0
    },
    "embedding_info": {
        "embedding": {
            "25": [
                2289,
                2288
            ],
            "26": [
                2333,
                4437,
                2334
            ],
            "31": [
                2243,
                4617
            ],
            "27": [
                4542,
                4541,
                2408
            ],
            "32": [
                2259,
                2258,
                4676
            ],
            "28": [
                2423,
                4632,
                4631
            ],
            "33": [
                4646,
                2304
            ],
            "29": [
                2303,
                4527
            ],
            "34": [
                4587,
                2228
            ],
            "30": [
                4557,
                4556
            ],
            "35": [
                2199,
                4661
            ],
            "36": [
                4512,
                4511
            ],
            "37": [
                2213,
                2214
            ],
            "38": [
                4526,
                2198
            ],
            "39": [
                4601,
                2078,
                4602
            ],
            "40": [
                2169,
                4691,
                2168
            ],
            "41": [
                4495,
                4496,
                2108
            ],
            "42": [
                2184,
                2183
            ],
            "43": [
                4481,
                2273
            ],
            "44": [
                2154,
                4706,
                2153
            ],
            "45": [
                4571,
                2123,
                4572
            ],
            "3": [
                4466
            ],
            "6": [
                4752,
                2200
            ],
            "4": [
                4482,
                2363
            ],
            "14": [
                2139,
                4766
            ],
            "5": [
                4692,
                2349,
                2274
            ],
            "21": [
                4645,
                2093
            ],
            "7": [
                4675
            ],
            "11": [
                4451,
                2257
            ],
            "8": [
                2227
            ],
            "17": [
                4585,
                4586
            ],
            "9": [
                4361
            ],
            "18": [
                1913,
                4525
            ],
            "10": [
                2079,
                4810
            ],
            "22": [
                1974,
                4600
            ],
            "12": [
                4406,
                4407
            ],
            "15": [
                2094,
                4660
            ],
            "13": [
                2033
            ],
            "19": [
                1973
            ],
            "16": [
                4751
            ],
            "23": [
                4705
            ],
            "20": [
                2063
            ],
            "24": [
                2048
            ],
            "0": [
                2229
            ],
            "46": [
                4721
            ],
            "47": [
                2124
            ],
            "49": [
                2138
            ],
            "52": [
                1959,
                1958
            ],
            "53": [
                4465
            ],
            "1": [
                2348
            ],
            "55": [
                4392,
                4391
            ],
            "56": [
                2018,
                2019
            ],
            "57": [
                2064,
                4690
            ],
            "59": [
                4376,
                4375
            ],
            "60": [
                2003,
                4480
            ],
            "61": [
                4510
            ],
            "2": [
                4826
            ],
            "64": [
                4811
            ],
            "65": [
                4736,
                2185
            ],
            "66": [
                4616,
                2109
            ],
            "67": [
                4630
            ],
            "54": [
                4450,
                2092
            ],
            "58": [
                2049
            ],
            "62": [
                4570
            ],
            "63": [
                4555,
                1898
            ],
            "68": [
                2004
            ],
            "69": [
                4540,
                1989
            ]
        },
        "chain_break_method": "majority_vote",
        "embedding_parameters": {},
        "chain_strength": 2307.1750563398987
    }
}