{
    "config": "N_1000-935.85755718856s-1_A200",
    "num_vars": 98,
    "num_qubit": 186,
    "time_elapsed": 0.023992538452148438,
    "best_state": {
        "sample": [
            0,
            1,
            1,
            0,
            0,
            0,
            0,
            0,
            0,
            0,
            0,
            0,
            0,
            0,
            0,
            1,
            0,
            0,
            0,
            0,
            0,
            0,
            0,
            0,
            0,
            0,
            0,
            0,
            0,
            0,
            0,
            1,
            0,
            0,
            0,
            0,
            0,
            1,
            0,
            1,
            1,
            1,
            0,
            0,
            1,
            0,
            1,
            0,
            1,
            1,
            1,
            1,
            0,
            0,
            0,
            1,
            0,
            0,
            0,
            0,
            1,
            1,
            1,
            1,
            0,
            0,
            0,
            0,
            0,
            0,
            0,
            0,
            0,
            0,
            0,
            0,
            0,
            0,
            0,
            0,
            0,
            0,
            0,
            0,
            0,
            0,
            0,
            0,
            0,
            0,
            1,
            1,
            1,
            1,
            1,
            1,
            1,
            1
        ],
        "energy": 333.0,
        "chain_break_fraction": 0.02040816326530612
    },
    "chain_strength_prefactor": 0.25,
    "chain_strength": 935.85755718856,
    "max_chain_length": 4,
    "timing_info": {
        "qpu_sampling_time": 318620.0,
        "qpu_anneal_time_per_sample": 200.0,
        "qpu_readout_time_per_sample": 98.08,
        "qpu_access_time": 334542.77,
        "qpu_access_overhead_time": 904.23,
        "qpu_programming_time": 15922.77,
        "qpu_delay_time_per_sample": 20.54,
        "total_post_processing_time": 28.0,
        "post_processing_overhead_time": 28.0
    },
    "embedding_info": {
        "embedding": {
            "37": [
                4478,
                1763,
                1762
            ],
            "38": [
                1612,
                4283
            ],
            "43": [
                4404,
                4403
            ],
            "39": [
                4359,
                4358,
                1777
            ],
            "44": [
                4374,
                4373,
                1732
            ],
            "40": [
                1627,
                1628
            ],
            "45": [
                4523,
                1688,
                1687
            ],
            "41": [
                4328,
                4329
            ],
            "46": [
                1672,
                1673
            ],
            "42": [
                4239,
                4238,
                1747
            ],
            "47": [
                1702,
                1701,
                4434
            ],
            "48": [
                1643,
                1642
            ],
            "49": [
                1567,
                1568,
                4253,
                4433
            ],
            "50": [
                4268,
                1597
            ],
            "51": [
                4388,
                4389
            ],
            "52": [
                1552,
                4419,
                4418
            ],
            "53": [
                1658,
                1657,
                4463
            ],
            "54": [
                1536,
                1537,
                4193
            ],
            "55": [
                4342,
                4343
            ],
            "56": [
                4312,
                4313,
                1507
            ],
            "57": [
                4297,
                4298,
                1582
            ],
            "7": [
                1776
            ],
            "16": [
                1838,
                4509
            ],
            "8": [
                1717,
                1718
            ],
            "26": [
                4254,
                1716,
                1822
            ],
            "9": [
                1748
            ],
            "31": [
                1731
            ],
            "10": [
                1689
            ],
            "21": [
                1418,
                4522
            ],
            "11": [
                1674
            ],
            "27": [
                4208,
                4209
            ],
            "12": [
                1793
            ],
            "32": [
                4133,
                1596
            ],
            "13": [
                1641
            ],
            "17": [
                1733,
                4643,
                1644
            ],
            "14": [
                1569
            ],
            "22": [
                4582,
                4583
            ],
            "15": [
                1823
            ],
            "33": [
                1522,
                1521
            ],
            "18": [
                1553
            ],
            "23": [
                1372,
                1371,
                4417
            ],
            "19": [
                4538,
                1613
            ],
            "28": [
                4177,
                4178,
                1386
            ],
            "20": [
                4462,
                4461
            ],
            "34": [
                4207,
                1416,
                4132
            ],
            "24": [
                1402,
                1403
            ],
            "29": [
                1493,
                1492
            ],
            "25": [
                4371,
                4372
            ],
            "35": [
                4311,
                4266,
                1237
            ],
            "30": [
                1417
            ],
            "36": [
                1462,
                4237
            ],
            "0": [
                4524
            ],
            "58": [
                1808,
                1807
            ],
            "59": [
                4194
            ],
            "1": [
                4477
            ],
            "61": [
                1477,
                1478
            ],
            "62": [
                4223
            ],
            "2": [
                1629
            ],
            "64": [
                4568
            ],
            "65": [
                1523
            ],
            "3": [
                4074
            ],
            "67": [
                4058,
                4059
            ],
            "68": [
                4148,
                4147,
                1626
            ],
            "69": [
                1356
            ],
            "70": [
                4222
            ],
            "71": [
                1313,
                1312
            ],
            "4": [
                4733
            ],
            "75": [
                1614,
                4718
            ],
            "76": [
                4613
            ],
            "77": [
                4598,
                1494,
                1508
            ],
            "78": [
                4506,
                4507,
                1238
            ],
            "79": [
                1327,
                1328
            ],
            "5": [
                4599
            ],