{
    "config": "N_1000-1684.543602939408s-1_A200",
    "num_vars": 98,
    "num_qubit": 184,
    "time_elapsed": 0.025951147079467773,
    "best_state": {
        "sample": [
            0,
            0,
            0,
            0,
            1,
            0,
            0,
            0,
            0,
            0,
            0,
            0,
            0,
            0,
            0,
            0,
            0,
            1,
            1,
            0,
            0,
            0,
            1,
            0,
            1,
            0,
            0,
            0,
            0,
            0,
            0,
            0,
            0,
            0,
            0,
            0,
            0,
            1,
            1,
            1,
            0,
            0,
            1,
            0,
            0,
            0,
            0,
            0,
            0,
            0,
            0,
            0,
            0,
            0,
            0,
            1,
            1,
            1,
            0,
            1,
            1,
            1,
            1,
            1,
            0,
            0,
            0,
            1,
            1,
            1,
            1,
            1,
            1,
            1,
            1,
            1,
            1,
            1,
            1,
            1,
            1,
            1,
            0,
            0,
            0,
            0,
            0,
            0,
            0,
            0,
            0,
            0,
            0,
            0,
            0,
            0,
            0,
            0
        ],
        "energy": 293.0,
        "chain_break_fraction": 0.0
    },
    "chain_strength_prefactor": 0.45,
    "chain_strength": 1684.543602939408,
    "max_chain_length": 4,
    "timing_info": {
        "qpu_sampling_time": 297780.0,
        "qpu_anneal_time_per_sample": 200.0,
        "qpu_readout_time_per_sample": 77.24,
        "qpu_access_time": 313707.97,
        "qpu_access_overhead_time": 1641.03,
        "qpu_programming_time": 15927.97,
        "qpu_delay_time_per_sample": 20.54,
        "total_post_processing_time": 310.0,
        "post_processing_overhead_time": 310.0
    },
    "embedding_info": {
        "embedding": {
            "37": [
                5235,
                5236
            ],
            "38": [
                5070,
                207
            ],
            "43": [
                282,
                5205,
                162
            ],
            "39": [
                5085,
                192,
                5086
            ],
            "44": [
                5145,
                177,
                5146
            ],
            "40": [
                223,
                222
            ],
            "45": [
                358,
                357,
                5326
            ],
            "41": [
                5221,
                5220
            ],
            "46": [
                342,
                5131,
                5130
            ],
            "42": [
                5370,
                238,
                237
            ],
            "47": [
                313,
                312
            ],
            "48": [
                281,
                5071,
                5101
            ],
            "49": [
                267,
                266,
                5355
            ],
            "50": [
                251,
                252,
                250
            ],
            "51": [
                5160,
                5161
            ],
            "52": [
                373,
                5311,
                372
            ],
            "53": [
                388,
                387,
                5281
            ],
            "54": [
                5177,
                5176,
                5175
            ],
            "55": [
                432,
                5251,
                5250
            ],
            "56": [
                5190,
                417,
                5191
            ],
            "57": [
                5296,
                327,
                5297
            ],
            "7": [
                5115
            ],
            "16": [
                5055,
                161,
                5010
            ],
            "8": [
                5385
            ],
            "22": [
                221,
                4951
            ],
            "9": [
                5371,
                5372
            ],
            "32": [
                5117,
                5116,
                5118
            ],
            "10": [
                116
            ],
            "17": [
                296,
                295
            ],
            "11": [
                328,
                5431
            ],
            "23": [
                356,
                355
            ],
            "12": [
                132,
                133
            ],
            "27": [
                5026,
                341
            ],
            "13": [
                5025,
                326
            ],
            "18": [
                5072,
                491
            ],
            "14": [
                253
            ],
            "28": [
                4966,
                4967
            ],
            "15": [
                5162
            ],
            "33": [
                461,
                5087
            ],
            "19": [
                5417,
                5416
            ],
            "24": [
                371
            ],
            "20": [
                5342,
                343,
                5341
            ],
            "29": [
                5282,
                5283
            ],
            "21": [
                656,
                657
            ],
            "34": [
                626,
                627,
                5192
            ],
            "25": [
                431,
                5147
            ],
            "30": [
                418
            ],
            "26": [
                5102,
                402
            ],
            "35": [
                462,
                5267
            ],
            "31": [
                553,
                5387
            ],
            "36": [
                522
            ],
            "0": [
                236
            ],
            "58": [
                4995
            ],
            "59": [
                311
            ],
            "1": [
                4891
            ],
            "61": [
                4906
            ],
            "62": [
                340
            ],
            "2": [
                506
            ],
            "64": [
                4952
            ],
            "65": [
                521
            ],
            "3": [
                5100
            ],
            "67": [
                101
            ],
            "68": [
                5040,
                191
            ],
            "69": [
                5041,
                416
            ],
            "70": [
                4981,
                4982,
                686,
                687
            ],
            "71": [
                5298
            ],
            "72": [
                642
            ],
            "4": [
                298
            ],
            "77": [
                283
            ],
            "78": [
                5401,
                448
            ],
            "79": [
                5386,
                493
            ],
            "80": [
                5356
            ],
            "81": [
                477,
                5206
            ],
            "5": [
                148
            ],
            "85": [
                5430
            ],