{
    "config": "N_1000-1123.029068626272s-1_A200",
    "num_vars": 98,
    "num_qubit": 181,
    "time_elapsed": 0.024089813232421875,
    "best_state": {
        "sample": [
            0,
            0,
            0,
            0,
            0,
            1,
            0,
            0,
            0,
            0,
            0,
            0,
            0,
            0,
            0,
            0,
            0,
            0,
            0,
            0,
            0,
            0,
            0,
            1,
            0,
            0,
            0,
            1,
            1,
            0,
            1,
            0,
            0,
            0,
            0,
            0,
            0,
            1,
            1,
            1,
            1,
            0,
            1,
            0,
            0,
            0,
            0,
            0,
            1,
            1,
            0,
            1,
            0,
            0,
            0,
            0,
            0,
            1,
            0,
            0,
            0,
            1,
            0,
            1,
            0,
            0,
            0,
            0,
            0,
            0,
            0,
            0,
            0,
            0,
            0,
            0,
            0,
            1,
            1,
            1,
            1,
            1,
            1,
            1,
            1,
            1,
            1,
            1,
            1,
            1,
            0,
            0,
            0,
            0,
            0,
            0,
            0,
            0
        ],
        "energy": 322.0,
        "chain_break_fraction": 0.01020408163265306
    },
    "chain_strength": 1123.029068626272,
    "max_chain_length": 4,
    "timing_info": {
        "qpu_sampling_time": 295540.0,
        "qpu_anneal_time_per_sample": 200.0,
        "qpu_readout_time_per_sample": 75.0,
        "qpu_access_time": 311467.17,
        "qpu_access_overhead_time": 1244.83,
        "qpu_programming_time": 15927.17,
        "qpu_delay_time_per_sample": 20.54,
        "total_post_processing_time": 56.0,
        "post_processing_overhead_time": 56.0
    },
    "embedding_info": {
        "embedding": {
            "37": [
                2177,
                2178
            ],
            "38": [
                2162,
                2163
            ],
            "43": [
                3492,
                3491,
                2267
            ],
            "39": [
                2222,
                2221,
                3461
            ],
            "44": [
                3506,
                3507,
                2072
            ],
            "40": [
                3432,
                3431,
                2237
            ],
            "45": [
                3477,
                3476,
                2087
            ],
            "41": [
                2357,
                3327,
                3326
            ],
            "46": [
                3447,
                3446
            ],
            "42": [
                2236,
                3296
            ],
            "47": [
                2101,
                3311,
                2102
            ],
            "48": [
                3386,
                2297,
                3385
            ],
            "49": [
                3371,
                2282,
                3370
            ],
            "50": [
                3401,
                3402,
                2192
            ],
            "51": [
                3342,
                2312,
                3341
            ],
            "52": [
                3357,
                3356,
                2327
            ],
            "53": [
                2131,
                2132
            ],
            "54": [
                3266,
                2071
            ],
            "55": [
                2146,
                2147,
                3176
            ],
            "56": [
                2116,
                2117,
                2115
            ],
            "57": [
                2207,
                3281,
                2206
            ],
            "7": [
                3460
            ],
            "16": [
                3537
            ],
            "8": [
                3433
            ],
            "22": [
                3551,
                3552,
                3550
            ],
            "9": [
                3387
            ],
            "27": [
                3417,
                2432
            ],
            "10": [
                2028
            ],
            "17": [
                3521,
                3522
            ],
            "11": [
                3478
            ],
            "23": [
                3565
            ],
            "12": [
                3310
            ],
            "32": [
                2012,
                3415,
                2011,
                2010
            ],
            "13": [
                1952
            ],
            "18": [
                3297,
                2266
            ],
            "14": [
                2402,
                2417
            ],
            "28": [
                2387,
                3358
            ],
            "15": [
                3250,
                2056
            ],
            "33": [
                2981,
                2982,
                2310,
                2311
            ],
            "19": [
                3268,
                3267,
                2326
            ],
            "24": [
                2041,
                3280
            ],
            "20": [
                3191,
                3192
            ],
            "29": [
                3221,
                3222
            ],
            "21": [
                2070,
                3101
            ],
            "34": [
                2175,
                2176
            ],
            "25": [
                3117,
                3116,
                2145
            ],
            "30": [
                3206,
                3207,
                2430
            ],
            "26": [
                3146,
                2100
            ],
            "35": [
                3071,
                2190
            ],
            "31": [
                3177,
                2220
            ],
            "36": [
                3132,
                2295
            ],
            "0": [
                2298
            ],
            "58": [
                2193,
                3566
            ],
            "59": [
                3567
            ],
            "1": [
                3536
            ],
            "61": [
                2042
            ],
            "62": [
                2057
            ],
            "2": [
                3282
            ],
            "64": [
                2371,
                2372
            ],
            "65": [
                2386,
                3102
            ],
            "3": [
                2013
            ],
            "67": [
                1998,
                3625
            ],
            "68": [
                3475
            ],
            "69": [
                1967,
                1966
            ],
            "70": [
                3235,
                3236
            ],
            "71": [
                2161
            ],
            "72": [
                3161
            ],
            "4": [
                3448
            ],
            "77": [
                2477
            ],
            "78": [
                2461,
                2462
            ],
            "79": [
                2476
            ],
            "80": [
                3056,
                3057,
                2475
            ],
            "81": [
                2130
            ],