{
    "config": "N_1000-374.3430228754241s-1_A200",
    "num_vars": 98,
    "num_qubit": 187,
    "time_elapsed": 0.05373835563659668,
    "best_state": {
        "sample": [
            0,
            0,
            0,
            1,
            1,
            0,
            0,
            0,
            0,
            0,
            0,
            0,
            0,
            0,
            0,
            0,
            0,
            1,
            0,
            0,
            0,
            1,
            0,
            0,
            1,
            0,
            1,
            1,
            0,
            1,
            0,
            0,
            0,
            1,
            0,
            0,
            0,
            1,
            0,
            0,
            0,
            0,
            0,
            0,
            0,
            0,
            0,
            0,
            0,
            0,
            0,
            0,
            1,
            1,
            0,
            1,
            0,
            0,
            1,
            1,
            0,
            1,
            1,
            0,
            1,
            1,
            1,
            1,
            1,
            1,
            1,
            1,
            1,
            1,
            0,
            1,
            1,
            1,
            1,
            1,
            0,
            0,
            1,
            1,
            1,
            1,
            1,
            1,
            1,
            1,
            0,
            0,
            0,
            0,
            1,
            1,
            1,
            1
        ],
        "energy": 12025.0,
        "chain_break_fraction": 0.16326530612244897
    },
    "chain_strength_prefactor": 0.1,
    "chain_strength": 374.3430228754241,
    "max_chain_length": 4,
    "timing_info": {
        "qpu_sampling_time": 320760.0,
        "qpu_anneal_time_per_sample": 200.0,
        "qpu_readout_time_per_sample": 100.22,
        "qpu_access_time": 336688.77,
        "qpu_access_overhead_time": 1419.23,
        "qpu_programming_time": 15928.77,
        "qpu_delay_time_per_sample": 20.54,
        "total_post_processing_time": 51.0,
        "post_processing_overhead_time": 51.0
    },
    "embedding_info": {
        "embedding": {
            "37": [
                4298,
                4297
            ],
            "38": [
                4268,
                1747,
                4267
            ],
            "43": [
                1732,
                4419,
                1731
            ],
            "39": [
                1628,
                1627,
                4478,
                4508
            ],
            "44": [
                1717,
                4448
            ],
            "40": [
                1568,
                1567,
                1569
            ],
            "45": [
                1688,
                1689,
                1687,
                4733
            ],
            "41": [
                4239,
                4238,
                1762
            ],
            "46": [
                4314,
                4313
            ],
            "42": [
                4343,
                1642
            ],
            "47": [
                1702
            ],
            "48": [
                1748,
                4434,
                1808
            ],
            "49": [
                4403,
                4404
            ],
            "50": [
                1792,
                4359,
                4254
            ],
            "51": [
                4389,
                4388,
                1597
            ],
            "52": [
                4523,
                1673,
                1553
            ],
            "53": [
                1658,
                1657,
                4493
            ],
            "54": [
                1643,
                4463,
                1644
            ],
            "55": [
                1672,
                1537,
                4328
            ],
            "56": [
                4373,
                1552
            ],
            "57": [
                4358,
                4357,
                1612
            ],
            "7": [
                1629
            ],
            "16": [
                4538,
                1674,
                1675,
                1583
            ],
            "8": [
                4763
            ],
            "21": [
                4703,
                4704,
                1539
            ],
            "9": [
                1447,
                4237
            ],
            "26": [
                4524,
                1763
            ],
            "10": [
                4732
            ],
            "22": [
                4749,
                4748
            ],
            "11": [
                4312
            ],
            "27": [
                1883,
                4629,
                1882
            ],
            "12": [
                1701
            ],
            "32": [
                1703,
                4614
            ],
            "13": [
                1749
            ],
            "17": [
                1778,
                4584
            ],
            "14": [
                4253
            ],
            "28": [
                1793
            ],
            "15": [
                4387
            ],
            "33": [
                1824,
                1823
            ],
            "18": [
                1374,
                1373,
                4522
            ],
            "23": [
                4642,
                4643
            ],
            "19": [
                4492
            ],
            "29": [
                4688,
                1659
            ],
            "20": [
                4597,
                4598
            ],
            "34": [
                1598,
                1599
            ],
            "24": [
                4462,
                1448
            ],
            "30": [
                4627,
                4626,
                1538
            ],
            "25": [
                4446,
                4447
            ],
            "35": [
                4417,
                4418
            ],
            "31": [
                1388,
                1387
            ],
            "36": [
                4507,
                1493
            ],
            "0": [
                1660
            ],
            "58": [
                4718,
                4719
            ],
            "59": [
                1734,
                1733
            ],
            "1": [
                4764
            ],
            "61": [
                1779
            ],
            "62": [
                1794
            ],
            "2": [
                4509
            ],
            "64": [
                1853,
                4494
            ],
            "65": [
                4479
            ],
            "3": [
                4658
            ],
            "67": [
                4673
            ],
            "68": [
                1764
            ],
            "69": [
                4628
            ],
            "70": [
                1614
            ],
            "71": [
                4613
            ],
            "4": [
                1495
            ],
            "75": [
                1480
            ],
            "76": [
                4717
            ],
            "77": [
                1434,
                4702,
                4701
            ],
            "78": [
                1299,
                1298
            ],
            "79": [
                1313,
                4432
            ],
            "5": [
                4177
            ],
            "83": [
                1462
            ],