{
    "config": "N_1000-1497.3720915016963s-1_A200",
    "num_vars": 98,
    "num_qubit": 175,
    "time_elapsed": 0.05106854438781738,
    "best_state": {
        "sample": [
            0,
            1,
            0,
            0,
            0,
            1,
            0,
            0,
            0,
            0,
            0,
            0,
            0,
            0,
            0,
            0,
            0,
            0,
            0,
            0,
            0,
            0,
            0,
            0,
            0,
            0,
            0,
            1,
            1,
            0,
            0,
            0,
            0,
            0,
            0,
            0,
            0,
            0,
            1,
            1,
            1,
            0,
            1,
            1,
            1,
            1,
            0,
            1,
            1,
            1,
            0,
            1,
            0,
            0,
            0,
            0,
            0,
            1,
            0,
            0,
            1,
            1,
            0,
            1,
            0,
            0,
            0,
            0,
            0,
            0,
            0,
            0,
            0,
            0,
            0,
            0,
            0,
            0,
            0,
            0,
            0,
            0,
            1,
            1,
            1,
            1,
            1,
            1,
            1,
            1,
            0,
            0,
            0,
            0,
            0,
            0,
            0,
            0
        ],
        "energy": 315.0,
        "chain_break_fraction": 0.0
    },
    "chain_strength_prefactor": 0.4,
    "chain_strength": 1497.3720915016963,
    "max_chain_length": 3,
    "timing_info": {
        "qpu_sampling_time": 328580.0,
        "qpu_anneal_time_per_sample": 200.0,
        "qpu_readout_time_per_sample": 108.04,
        "qpu_access_time": 344508.37,
        "qpu_access_overhead_time": 1787.63,
        "qpu_programming_time": 15928.37,
        "qpu_delay_time_per_sample": 20.54,
        "total_post_processing_time": 1.0,
        "post_processing_overhead_time": 1.0
    },
    "embedding_info": {
        "embedding": {
            "37": [
                2184,
                4586
            ],
            "38": [
                4616,
                4615
            ],
            "43": [
                2093,
                4480
            ],
            "39": [
                4601,
                4600,
                2139
            ],
            "44": [
                2048,
                4495
            ],
            "40": [
                2168,
                2169,
                4391
            ],
            "45": [
                2122,
                2123,
                4315
            ],
            "41": [
                2077,
                2078
            ],
            "46": [
                2108,
                4421
            ],
            "42": [
                4570,
                4571,
                1854
            ],
            "47": [
                4541,
                4540,
                1898
            ],
            "48": [
                4645,
                1959
            ],
            "49": [
                2033,
                2034,
                2032
            ],
            "50": [
                1988,
                4450,
                1989
            ],
            "51": [
                1973,
                1974,
                4675
            ],
            "52": [
                2062,
                4375,
                2063
            ],
            "53": [
                2018,
                2019,
                4406
            ],
            "54": [
                4644,
                1913,
                4510
            ],
            "55": [
                4436,
                2047,
                2153
            ],
            "56": [
                4555,
                4556,
                4554
            ],
            "57": [
                4465,
                1958
            ],
            "7": [
                4599
            ],
            "16": [
                2138,
                2137
            ],
            "8": [
                2106,
                2107
            ],
            "21": [
                2167
            ],
            "9": [
                4346
            ],
            "27": [
                2076,
                4270
            ],
            "10": [
                4494,
                4493
            ],
            "17": [
                2288,
                4496,
                2287
            ],
            "11": [
                4061,
                2121
            ],
            "22": [
                2183,
                4511,
                2182
            ],
            "12": [
                1899
            ],
            "32": [
                4525
            ],
            "13": [
                2031
            ],
            "23": [
                4226,
                4225
            ],
            "14": [
                4376,
                2092
            ],
            "28": [
                1987
            ],
            "15": [
                4705,
                1944
            ],
            "33": [
                2003,
                2004
            ],
            "18": [
                2061,
                4195
            ],
            "24": [
                4374,
                1853
            ],
            "19": [
                4211,
                2017
            ],
            "29": [
                4405
            ],
            "20": [
                1808,
                1807,
                1809
            ],
            "34": [
                1867,
                1868
            ],
            "25": [
                4329,
                4330
            ],
            "30": [
                1942,
                4360
            ],
            "26": [
                1748
            ],
            "35": [
                1793
            ],
            "31": [
                4419,
                4420
            ],
            "36": [
                1928,
                4464
            ],
            "0": [
                2152
            ],
            "58": [
                4286
            ],
            "59": [
                4271
            ],
            "1": [
                4466
            ],
            "61": [
                2198
            ],
            "62": [
                4526
            ],
            "2": [
                1956
            ],
            "64": [
                4210
            ],
            "65": [
                2002
            ],
            "3": [
                1703
            ],
            "67": [
                4478,
                1733
            ],
            "68": [
                4479
            ],
            "69": [
                1838
            ],
            "70": [
                1882,
                4359
            ],
            "71": [
                1837,
                4299
            ],
            "4": [
                4135
            ],
            "75": [
                4120
            ],
            "76": [
                2016
            ],
            "77": [
                4150
            ],
            "78": [
                1896,
                4269
            ],
            "79": [
                1792,
                1822,
                4284
            ],
            "80": [
                1823,
                4524
            ],
            "5": [
                4331
            ],
            "85": [
                2242
            ],
            "86": [
                4300,
                4301
            ],