{
    "config": "F_1000-1007.1266376233559s-1_A200",
    "num_vars": 38,
    "num_qubit": 77,
    "time_elapsed": 0.014168500900268555,
    "best_state": {
        "sample": [
            1,
            0,
            0,
            0,
            0,
            0,
            1,
            0,
            0,
            1,
            0,
            0,
            1,
            0,
            0,
            1,
            1,
            1,
            1,
            0,
            0,
            0,
            0,
            1,
            0,
            0,
            0,
            0,
            0,
            0,
            0,
            0,
            1,
            1,
            0,
            0,
            0,
            0
        ],
        "energy": 320.0,
        "chain_break_fraction": 0.02631578947368421
    },
    "chain_strength": 1007.1266376233559,
    "max_chain_length": 3,
    "timing_info": {
        "qpu_sampling_time": 287820.0,
        "qpu_anneal_time_per_sample": 200.0,
        "qpu_readout_time_per_sample": 67.28,
        "qpu_access_time": 303747.17,
        "qpu_access_overhead_time": 1167.83,
        "qpu_programming_time": 15927.17,
        "qpu_delay_time_per_sample": 20.54,
        "total_post_processing_time": 1.0,
        "post_processing_overhead_time": 1.0
    },
    "embedding_info": {
        "embedding": {
            "17": [
                2648,
                2647,
                4483
            ],
            "18": [
                2587,
                4303
            ],
            "23": [
                4288,
                2601,
                2527
            ],
            "19": [
                4453,
                4452
            ],
            "24": [
                2513,
                4528,
                2512
            ],
            "20": [
                4467,
                4468
            ],
            "25": [
                2543,
                2542
            ],
            "21": [
                2573,
                2572
            ],
            "26": [
                4259,
                4258
            ],
            "22": [
                2632,
                4424
            ],
            "27": [
                4348,
                4349,
                2482
            ],
            "28": [
                4378,
                2528
            ],
            "29": [
                4333,
                2452
            ],
            "30": [
                4363,
                2497
            ],
            "31": [
                2602
            ],
            "32": [
                4393,
                2393
            ],
            "33": [
                2677,
                4394,
                2558
            ],
            "34": [
                4408,
                4409,
                2407
            ],
            "35": [
                2468,
                2467,
                4513
            ],
            "36": [
                2437,
                4438,
                4439
            ],
            "37": [
                4318,
                4317,
                2557
            ],
            "1": [
                2348
            ],
            "6": [
                2363
            ],
            "2": [
                4213
            ],
            "4": [
                4228
            ],
            "3": [
                2421
            ],
            "12": [
                2406
            ],
            "5": [
                4302
            ],
            "9": [
                4332,
                2377
            ],
            "7": [
                2333,
                2332,
                4482
            ],
            "10": [
                4392,
                2317
            ],
            "8": [
                4362,
                2287
            ],
            "15": [
                4377
            ],
            "11": [
                2392,
                4287
            ],
            "13": [
                4272,
                2362
            ],
            "14": [
                4347,
                2422
            ],
            "16": [
                2347,
                4182,
                4257
            ],
            "0": [
                2302
            ]
        },
        "chain_break_method": "majority_vote",
        "embedding_parameters": {},
        "chain_strength": 1007.1266376233559
    }
}