{
    "config": "L_1000-95.4369791344077s-1_A200",
    "num_vars": 73,
    "num_qubit": 127,
    "time_elapsed": 0.06779956817626953,
    "best_state": {
        "sample": [
            1,
            0,
            0,
            0,
            0,
            1,
            0,
            0,
            1,
            0,
            1,
            0,
            0,
            1,
            0,
            1,
            1,
            0,
            0,
            1,
            0,
            0,
            1,
            1,
            0,
            1,
            0,
            1,
            0,
            0,
            0,
            0,
            0,
            1,
            0,
            0,
            1,
            0,
            0,
            0,
            0,
            1,
            0,
            0,
            1,
            0,
            1,
            0,
            0,
            1,
            0,
            0,
            0,
            1,
            0,
            1,
            0,
            0,
            0,
            0,
            0,
            0,
            0,
            0,
            0,
            0,
            1,
            0,
            0,
            0,
            0,
            0,
            1
        ],
        "energy": 132.0,
        "chain_break_fraction": 0.0273972602739726
    },
    "chain_strength": 95.4369791344077,
    "max_chain_length": 3,
    "timing_info": {
        "qpu_sampling_time": 351020.0,
        "qpu_anneal_time_per_sample": 200.0,
        "qpu_readout_time_per_sample": 130.48,
        "qpu_access_time": 366776.77,
        "qpu_access_overhead_time": 2622.23,
        "qpu_programming_time": 15756.77,
        "qpu_delay_time_per_sample": 20.54,
        "total_post_processing_time": 9.0,
        "post_processing_overhead_time": 9.0
    },
    "embedding_info": {
        "embedding": {
            "3": [
                2181,
                2182,
                2180
            ],
            "0": [
                4017,
                4016
            ],
            "6": [
                2105,
                3881
            ],
            "9": [
                3896,
                2044,
                2120
            ],
            "12": [
                4001,
                2196
            ],
            "16": [
                4046,
                2090,
                4045
            ],
            "20": [
                2240,
                3986
            ],
            "24": [
                2135,
                3926,
                3927
            ],
            "1": [
                4002
            ],
            "2": [
                2405
            ],
            "4": [
                4286
            ],
            "5": [
                2167
            ],
            "7": [
                2104,
                3730
            ],
            "8": [
                2089,
                3851
            ],
            "10": [
                3820,
                1969
            ],
            "11": [
                3835
            ],
            "13": [
                2151,
                4106
            ],
            "14": [
                4136
            ],
            "15": [
                4121
            ],
            "17": [
                3970,
                2045
            ],
            "18": [
                4015,
                1925
            ],
            "19": [
                1895
            ],
            "21": [
                3910,
                3911,
                2150
            ],
            "22": [
                2195
            ],
            "23": [
                3971
            ],
            "25": [
                2345,
                2346
            ],
            "26": [
                2360,
                3837
            ],
            "27": [
                3912
            ],
            "67": [
                2376,
                2375
            ],
            "68": [
                4092
            ],
            "45": [
                2197
            ],
            "46": [
                4196
            ],
            "40": [
                1984,
                3790
            ],
            "60": [
                2239,
                3791
            ],
            "41": [
                3775
            ],
            "61": [
                2074
            ],
            "34": [
                2059,
                3805
            ],
            "53": [
                1909,
                1910
            ],
            "35": [
                1954
            ],
            "54": [
                3865,
                1985
            ],
            "31": [
                4181,
                2121
            ],
            "55": [
                4076
            ],
            "69": [
                2136,
                4091
            ],
            "32": [
                2226,
                4212
            ],
            "56": [
                4062,
                4061,
                2286
            ],
            "70": [
                2301,
                4077
            ],
            "42": [
                1940,
                3895
            ],
            "47": [
                4000,
                2031
            ],
            "62": [
                3985,
                2030
            ],
            "43": [
                3880,
                2000
            ],
            "48": [
                4105,
                2060,
                2001
            ],
            "63": [
                1955,
                1956
            ],
            "37": [
                3866,
                2119,
                2165
            ],
            "57": [
                3940,
                2015
            ],
            "71": [
                3941,
                2285
            ],
            "38": [
                3836
            ],
            "58": [
                3956,
                3955,
                2210
            ],
            "72": [
                3882,
                2224
            ],
            "28": [
                2361,
                4167
            ],
            "50": [
                4047,
                2225
            ],
            "64": [
                2315,
                4032
            ],
            "29": [
                2390,
                2391
            ],
            "51": [
                2255,
                3972
            ],
            "65": [
                3987,
                2300
            ],
            "30": [
                4107
            ],
            "33": [
                2212
            ],
            "36": [
                3760
            ],
            "39": [
                3821
            ],
            "44": [
                1894
            ],
            "49": [
                2016
            ],
            "52": [
                2270
            ],
            "59": [
                1970
            ],
            "66": [
                3897
            ]
        },
        "chain_break_method": "majority_vote",
        "embedding_parameters": {},
        "chain_strength": 95.4369791344077
    }
}