{
    "config": "N_1000-220.23790403788357s-1_A200",
    "num_vars": 48,
    "num_qubit": 84,
    "time_elapsed": 0.01706862449645996,
    "best_state": {
        "sample": [
            1,
            0,
            0,
            0,
            0,
            0,
            1,
            0,
            1,
            0,
            0,
            1,
            0,
            0,
            1,
            1,
            0,
            0,
            0,
            0,
            0,
            0,
            0,
            0,
            0,
            0,
            0,
            0,
            0,
            0,
            0,
            1,
            1,
            0,
            0,
            0,
            0,
            0,
            1,
            1,
            0,
            1,
            1,
            1,
            1,
            1,
            1,
            1
        ],
        "energy": 64.0,
        "chain_break_fraction": 0.0
    },
    "chain_strength_prefactor": 0.25,
    "chain_strength": 220.23790403788357,
    "max_chain_length": 3,
    "timing_info": {
        "qpu_sampling_time": 318760.0,
        "qpu_anneal_time_per_sample": 200.0,
        "qpu_readout_time_per_sample": 98.22,
        "qpu_access_time": 334684.37,
        "qpu_access_overhead_time": 1842.63,
        "qpu_programming_time": 15924.37,
        "qpu_delay_time_per_sample": 20.54,
        "total_post_processing_time": 1.0,
        "post_processing_overhead_time": 1.0
    },
    "embedding_info": {
        "embedding": {
            "17": [
                773,
                4473,
                772
            ],
            "18": [
                4293,
                697
            ],
            "23": [
                817,
                818,
                4308
            ],
            "19": [
                758,
                757
            ],
            "24": [
                4488,
                848
            ],
            "20": [
                4398,
                4399
            ],
            "25": [
                713,
                712
            ],
            "21": [
                652,
                4338,
                653
            ],
            "26": [
                4518,
                4519
            ],
            "22": [
                4323,
                637
            ],
            "27": [
                4429,
                4428,
                863
            ],
            "28": [
                832,
                4443
            ],
            "29": [
                4383,
                4384
            ],
            "30": [
                802,
                803
            ],
            "31": [
                4414,
                787
            ],
            "32": [
                743,
                4368
            ],
            "33": [
                4503,
                698
            ],
            "34": [
                4458,
                4457
            ],
            "35": [
                668,
                4533,
                667
            ],
            "36": [
                578,
                4413
            ],
            "37": [
                728,
                4353
            ],
            "1": [
                759
            ],
            "2": [
                833
            ],
            "4": [
                4638
            ],
            "3": [
                4563
            ],
            "9": [
                714
            ],
            "5": [
                4698,
                804
            ],
            "12": [
                4623
            ],
            "7": [
                699,
                4683
            ],
            "13": [
                774,
                4548
            ],
            "8": [
                518,
                519
            ],
            "15": [
                549,
                548
            ],
            "10": [
                4728,
                669
            ],
            "14": [
                744
            ],
            "11": [
                608,
                4502
            ],
            "16": [
                4532,
                579
            ],
            "40": [
                4653,
                4652
            ],
            "41": [
                564,
                4547
            ],
            "43": [
                4578
            ],
            "44": [
                623
            ],
            "46": [
                684
            ],
            "47": [
                4608
            ],
            "0": [
                534
            ],
            "49": [
                4637
            ],
            "50": [
                4622
            ],
            "42": [
                4682
            ],
            "45": [
                4593
            ],
            "48": [
                729
            ]
        },
        "chain_break_method": "majority_vote",
        "embedding_parameters": {},
        "chain_strength": 220.23790403788357
    }
}