{
    "config": "N_1000-132.14274242273012s-1_A200",
    "num_vars": 48,
    "num_qubit": 86,
    "time_elapsed": 0.015947818756103516,
    "best_state": {
        "sample": [
            0,
            0,
            0,
            0,
            1,
            0,
            1,
            0,
            0,
            0,
            1,
            0,
            0,
            0,
            1,
            0,
            1,
            0,
            0,
            0,
            1,
            0,
            0,
            0,
            0,
            1,
            0,
            0,
            0,
            1,
            0,
            0,
            1,
            0,
            1,
            1,
            0,
            0,
            1,
            1,
            1,
            1,
            0,
            0,
            0,
            0,
            1,
            1
        ],
        "energy": 323.0,
        "chain_break_fraction": 0.08333333333333333
    },
    "chain_strength_prefactor": 0.15,
    "chain_strength": 132.14274242273012,
    "max_chain_length": 3,
    "timing_info": {
        "qpu_sampling_time": 320100.0,
        "qpu_anneal_time_per_sample": 200.0,
        "qpu_readout_time_per_sample": 99.56,
        "qpu_access_time": 336028.77,
        "qpu_access_overhead_time": 1445.23,
        "qpu_programming_time": 15928.77,
        "qpu_delay_time_per_sample": 20.54,
        "total_post_processing_time": 1.0,
        "post_processing_overhead_time": 1.0
    },
    "embedding_info": {
        "embedding": {
            "17": [
                4595,
                4596
            ],
            "18": [
                4746,
                4745,
                1254
            ],
            "23": [
                1089,
                4565,
                1090
            ],
            "19": [
                4611,
                4610
            ],
            "24": [
                4624,
                4625,
                983
            ],
            "20": [
                4670,
                1209
            ],
            "25": [
                1059,
                4655
            ],
            "21": [
                1074,
                4685
            ],
            "26": [
                4581,
                1134,
                4580
            ],
            "22": [
                1119,
                4535,
                1120
            ],
            "27": [
                4550,
                1104
            ],
            "28": [
                1044,
                1043
            ],
            "29": [
                4760,
                4761
            ],
            "30": [
                4730,
                1135
            ],
            "31": [
                1013,
                1014,
                4520
            ],
            "32": [
                4640,
                4639,
                1224
            ],
            "33": [
                1029,
                1028
            ],
            "34": [
                4505,
                998,
                997
            ],
            "35": [
                1164,
                1163,
                4715
            ],
            "36": [
                1148,
                1149,
                1147
            ],
            "37": [
                4700,
                999
            ],
            "1": [
                1072,
                1073
            ],
            "2": [
                1088
            ],
            "4": [
                4566
            ],
            "3": [
                1058
            ],
            "11": [
                1223
            ],
            "5": [
                4459
            ],
            "6": [
                4430
            ],
            "7": [
                4415
            ],
            "12": [
                4444,
                4445
            ],
            "8": [
                4400,
                967
            ],
            "15": [
                4309
            ],
            "9": [
                1162
            ],
            "13": [
                4490
            ],
            "10": [
                1057,
                4370
            ],
            "16": [
                4340
            ],
            "40": [
                1012
            ],
            "41": [
                4294
            ],
            "0": [
                4475
            ],
            "43": [
                1118,
                1117
            ],
            "44": [
                4325
            ],
            "45": [
                4460,
                1103
            ],
            "46": [
                1133,
                4416
            ],
            "48": [
                4385
            ],
            "49": [
                1027
            ],
            "42": [
                982
            ],
            "47": [
                1208
            ],
            "50": [
                1042
            ]
        },
        "chain_break_method": "majority_vote",
        "embedding_parameters": {},
        "chain_strength": 132.14274242273012
    }
}