{
    "config": "N_1000-352.38064646061366s-1_A200",
    "num_vars": 48,
    "num_qubit": 88,
    "time_elapsed": 0.033089399337768555,
    "best_state": {
        "sample": [
            1,
            0,
            1,
            0,
            0,
            0,
            1,
            0,
            0,
            1,
            1,
            0,
            0,
            0,
            0,
            0,
            1,
            1,
            0,
            0,
            0,
            0,
            1,
            0,
            0,
            0,
            0,
            0,
            0,
            0,
            0,
            0,
            1,
            1,
            1,
            1,
            1,
            1,
            1,
            1,
            1,
            1,
            0,
            0,
            0,
            1,
            1,
            1
        ],
        "energy": 64.0,
        "chain_break_fraction": 0.0
    },
    "chain_strength_prefactor": 0.4,
    "chain_strength": 352.38064646061366,
    "max_chain_length": 3,
    "timing_info": {
        "qpu_sampling_time": 319060.0,
        "qpu_anneal_time_per_sample": 200.0,
        "qpu_readout_time_per_sample": 98.52,
        "qpu_access_time": 334988.37,
        "qpu_access_overhead_time": 1123.63,
        "qpu_programming_time": 15928.37,
        "qpu_delay_time_per_sample": 20.54,
        "total_post_processing_time": 23.0,
        "post_processing_overhead_time": 23.0
    },
    "embedding_info": {
        "embedding": {
            "17": [
                293,
                4501
            ],
            "18": [
                413,
                414
            ],
            "23": [
                4456,
                353,
                354
            ],
            "19": [
                4516,
                428
            ],
            "24": [
                308,
                4411
            ],
            "20": [
                369,
                4546
            ],
            "25": [
                4606,
                309
            ],
            "21": [
                398,
                399,
                4427
            ],
            "26": [
                4485,
                278,
                4486
            ],
            "22": [
                4530,
                4531,
                219
            ],
            "27": [
                4561,
                234
            ],
            "28": [
                339,
                4696,
                338
            ],
            "29": [
                4621,
                4620
            ],
            "30": [
                383,
                4366,
                384
            ],
            "31": [
                4635,
                4636
            ],
            "32": [
                4470,
                323,
                324
            ],
            "33": [
                4471,
                368
            ],
            "34": [
                4576,
                4577,
                443
            ],
            "35": [
                4592,
                473,
                4591
            ],
            "36": [
                263,
                4545
            ],
            "37": [
                247,
                248,
                4426
            ],
            "1": [
                98
            ],
            "2": [
                442
            ],
            "4": [
                503
            ],
            "3": [
                233
            ],
            "6": [
                472,
                4412
            ],
            "5": [
                382
            ],
            "11": [
                427
            ],
            "7": [
                4441,
                4440
            ],
            "9": [
                218
            ],
            "8": [
                367
            ],
            "12": [
                4351,
                322
            ],
            "10": [
                4515
            ],
            "15": [
                158
            ],
            "13": [
                4335
            ],
            "16": [
                4320
            ],
            "40": [
                4396
            ],
            "41": [
                4246,
                337
            ],
            "0": [
                4455
            ],
            "43": [
                173
            ],
            "44": [
                4500
            ],
            "45": [
                4321
            ],
            "46": [
                4305,
                202,
                277
            ],
            "48": [
                112,
                113
            ],
            "49": [
                4380,
                127
            ],
            "42": [
                457,
                4291
            ],
            "47": [
                4336
            ],
            "50": [
                157
            ]
        },
        "chain_break_method": "majority_vote",
        "embedding_parameters": {},
        "chain_strength": 352.38064646061366
    }
}