{
    "config": "N_1000-440.47580807576713s-1_A200",
    "num_vars": 48,
    "num_qubit": 87,
    "time_elapsed": 0.02143263816833496,
    "best_state": {
        "sample": [
            1,
            0,
            0,
            0,
            0,
            0,
            1,
            0,
            1,
            0,
            1,
            1,
            0,
            1,
            0,
            0,
            1,
            1,
            0,
            0,
            0,
            0,
            1,
            0,
            0,
            0,
            0,
            0,
            0,
            0,
            0,
            1,
            0,
            1,
            0,
            1,
            1,
            0,
            1,
            1,
            1,
            1,
            1,
            1,
            1,
            1,
            1,
            1
        ],
        "energy": 64.0,
        "chain_break_fraction": 0.0
    },
    "chain_strength_prefactor": 0.5,
    "chain_strength": 440.47580807576713,
    "max_chain_length": 3,
    "timing_info": {
        "qpu_sampling_time": 322020.0,
        "qpu_anneal_time_per_sample": 200.0,
        "qpu_readout_time_per_sample": 101.48,
        "qpu_access_time": 337945.57,
        "qpu_access_overhead_time": 1284.43,
        "qpu_programming_time": 15925.57,
        "qpu_delay_time_per_sample": 20.54,
        "total_post_processing_time": 48.0,
        "post_processing_overhead_time": 48.0
    },
    "embedding_info": {
        "embedding": {
            "17": [
                4686,
                1239
            ],
            "18": [
                4626
            ],
            "23": [
                1314,
                4701,
                1315
            ],
            "19": [
                1404,
                4656,
                4655
            ],
            "24": [
                4731,
                4730,
                4732
            ],
            "20": [
                1270,
                1269
            ],
            "25": [
                4716
            ],
            "21": [
                4596,
                1254
            ],
            "26": [
                1209,
                4625
            ],
            "22": [
                1284,
                4566
            ],
            "27": [
                1179,
                4791,
                1178
            ],
            "28": [
                4611,
                4612,
                1389
            ],
            "29": [
                1328,
                1329,
                4551
            ],
            "30": [
                4641,
                4640
            ],
            "31": [
                4536,
                1299,
                4535
            ],
            "32": [
                4761,
                4762,
                1285
            ],
            "33": [
                1119,
                1120
            ],
            "34": [
                1134,
                1135
            ],
            "35": [
                4746,
                4747,
                1224
            ],
            "36": [
                1194,
                4776,
                1193
            ],
            "37": [
                1149,
                1148,
                4700
            ],
            "1": [
                1405
            ],
            "2": [
                4792
            ],
            "4": [
                4881
            ],
            "3": [
                1180
            ],
            "14": [
                1225
            ],
            "5": [
                4806,
                1240
            ],
            "9": [
                4821,
                1300
            ],
            "7": [
                4926,
                1286
            ],
            "10": [
                4851
            ],
            "8": [
                1060,
                4805
            ],
            "12": [
                1105,
                4850
            ],
            "11": [
                1195,
                4866
            ],
            "15": [
                1210
            ],
            "13": [
                1150
            ],
            "16": [
                1165,
                1164
            ],
            "40": [
                4835,
                4836
            ],
            "41": [
                1075
            ],
            "43": [
                4911
            ],
            "44": [
                4896
            ],
            "0": [
                1090
            ],
            "46": [
                4880
            ],
            "47": [
                4865
            ],
            "48": [
                4971
            ],
            "49": [
                1136,
                4895
            ],
            "42": [
                4925
            ],
            "45": [
                1255
            ],
            "50": [
                4941
            ]
        },
        "chain_break_method": "majority_vote",
        "embedding_parameters": {},
        "chain_strength": 440.47580807576713
    }
}