{
    "config": "N_1000-264.28548484546025s-1_A200",
    "num_vars": 48,
    "num_qubit": 85,
    "time_elapsed": 0.017000913619995117,
    "best_state": {
        "sample": [
            1,
            0,
            0,
            0,
            0,
            0,
            1,
            0,
            0,
            1,
            1,
            0,
            0,
            0,
            1,
            1,
            0,
            0,
            0,
            0,
            0,
            0,
            1,
            1,
            0,
            1,
            0,
            0,
            0,
            0,
            0,
            0,
            1,
            0,
            1,
            0,
            0,
            1,
            1,
            1,
            0,
            1,
            1,
            0,
            1,
            1,
            1,
            1
        ],
        "energy": 64.0,
        "chain_break_fraction": 0.020833333333333332
    },
    "chain_strength": 264.28548484546025,
    "max_chain_length": 3,
    "timing_info": {
        "qpu_sampling_time": 269920.0,
        "qpu_anneal_time_per_sample": 200.0,
        "qpu_readout_time_per_sample": 49.38,
        "qpu_access_time": 285847.17,
        "qpu_access_overhead_time": 1443.83,
        "qpu_programming_time": 15927.17,
        "qpu_delay_time_per_sample": 20.54,
        "total_post_processing_time": 29.0,
        "post_processing_overhead_time": 29.0
    },
    "embedding_info": {
        "embedding": {
            "17": [
                3513,
                3512
            ],
            "18": [
                3543,
                708
            ],
            "23": [
                693,
                3528,
                3527
            ],
            "19": [
                3663,
                663
            ],
            "24": [
                588,
                3572
            ],
            "20": [
                602,
                3542,
                603
            ],
            "25": [
                558,
                559
            ],
            "21": [
                723,
                3498,
                724
            ],
            "26": [
                573,
                574,
                3452
            ],
            "22": [
                483,
                3632,
                3633
            ],
            "27": [
                3647,
                513
            ],
            "28": [
                648,
                3648
            ],
            "29": [
                3677,
                3678,
                528
            ],
            "30": [
                738,
                739,
                3483
            ],
            "31": [
                3602,
                3603
            ],
            "32": [
                678,
                3557,
                679
            ],
            "33": [
                633,
                3708
            ],
            "34": [
                3618,
                3617
            ],
            "35": [
                3587,
                3588
            ],
            "36": [
                544,
                543
            ],
            "37": [
                3693,
                3692,
                618
            ],
            "1": [
                3753
            ],
            "2": [
                3573
            ],
            "4": [
                498
            ],
            "3": [
                3722
            ],
            "9": [
                499,
                3707
            ],
            "5": [
                649
            ],
            "6": [
                783
            ],
            "7": [
                3737,
                3738
            ],
            "10": [
                3827,
                3828
            ],
            "8": [
                709
            ],
            "13": [
                634
            ],
            "11": [
                3782
            ],
            "15": [
                3752
            ],
            "14": [
                619
            ],
            "16": [
                664,
                3783
            ],
            "40": [
                3813,
                755
            ],
            "41": [
                754,
                3798
            ],
            "43": [
                529
            ],
            "44": [
                514
            ],
            "46": [
                694
            ],
            "47": [
                3843
            ],
            "0": [
                3797
            ],
            "49": [
                604
            ],
            "50": [
                3767
            ],
            "42": [
                3723
            ],
            "45": [
                469,
                3857
            ],
            "48": [
                3858
            ]
        },
        "chain_break_method": "majority_vote",
        "embedding_parameters": {},
        "chain_strength": 264.28548484546025
    }
}