{
    "config": "N_1000-176.19032323030683s-1_A200",
    "num_vars": 48,
    "num_qubit": 85,
    "time_elapsed": 0.022916078567504883,
    "best_state": {
        "sample": [
            1,
            0,
            0,
            0,
            0,
            0,
            1,
            1,
            0,
            0,
            0,
            1,
            0,
            0,
            0,
            0,
            0,
            0,
            0,
            0,
            0,
            0,
            0,
            0,
            0,
            0,
            0,
            1,
            1,
            1,
            1,
            1,
            1,
            1,
            1,
            1,
            1,
            1,
            1,
            0,
            0,
            0,
            1,
            1,
            1,
            1,
            1,
            1
        ],
        "energy": 289.0,
        "chain_break_fraction": 0.0625
    },
    "chain_strength_prefactor": 0.2,
    "chain_strength": 176.19032323030683,
    "max_chain_length": 3,
    "timing_info": {
        "qpu_sampling_time": 333520.0,
        "qpu_anneal_time_per_sample": 200.0,
        "qpu_readout_time_per_sample": 112.98,
        "qpu_access_time": 349278.77,
        "qpu_access_overhead_time": 2170.23,
        "qpu_programming_time": 15758.77,
        "qpu_delay_time_per_sample": 20.54,
        "total_post_processing_time": 1.0,
        "post_processing_overhead_time": 1.0
    },
    "embedding_info": {
        "embedding": {
            "17": [
                1370,
                1369
            ],
            "18": [
                1354,
                1355,
                4072
            ],
            "23": [
                4027,
                1461
            ],
            "19": [
                3832,
                3831
            ],
            "24": [
                1460,
                3892
            ],
            "20": [
                3921,
                1265
            ],
            "25": [
                3906,
                1385
            ],
            "21": [
                3966,
                1280,
                3967
            ],
            "26": [
                1415,
                3877
            ],
            "22": [
                3816,
                3817
            ],
            "27": [
                1399,
                1400,
                3756
            ],
            "28": [
                1311,
                1310
            ],
            "29": [
                4011,
                4012,
                1250
            ],
            "30": [
                4042,
                1430
            ],
            "31": [
                1340,
                1339,
                4086
            ],
            "32": [
                1295,
                1296
            ],
            "33": [
                1445,
                3862,
                1446
            ],
            "34": [
                3847,
                3848,
                1384
            ],
            "35": [
                3951,
                3952
            ],
            "36": [
                3937,
                3936,
                1490
            ],
            "37": [
                1325,
                1324
            ],
            "1": [
                3818
            ],
            "2": [
                4028
            ],
            "4": [
                4117
            ],
            "3": [
                3907
            ],
            "11": [
                1416,
                4147
            ],
            "5": [
                1520
            ],
            "8": [
                1610,
                4013
            ],
            "6": [
                1534,
                3863
            ],
            "12": [
                3922,
                1475,
                1476
            ],
            "7": [
                1579
            ],
            "15": [
                1519
            ],
            "9": [
                1535
            ],
            "13": [
                1505
            ],
            "10": [
                1640,
                3938
            ],
            "16": [
                1565,
                3968
            ],
            "0": [
                3878
            ],
            "40": [
                1504
            ],
            "41": [
                3757
            ],
            "42": [
                4043
            ],
            "43": [
                1595
            ],
            "45": [
                1550,
                1549
            ],
            "46": [
                4087
            ],
            "48": [
                3833
            ],
            "49": [
                1625
            ],
            "44": [
                3983
            ],
            "47": [
                4102
            ],
            "50": [
                3893
            ]
        },
        "chain_break_method": "majority_vote",
        "embedding_parameters": {},
        "chain_strength": 176.19032323030683
    }
}