{
    "config": "N_1000-3655.799627671893s-1_A200",
    "num_vars": 121,
    "num_qubit": 230,
    "time_elapsed": 0.03708076477050781,
    "best_state": {
        "sample": [
            0,
            0,
            1,
            0,
            0,
            0,
            0,
            0,
            0,
            0,
            0,
            0,
            1,
            0,
            0,
            0,
            0,
            0,
            0,
            0,
            0,
            0,
            0,
            0,
            0,
            0,
            0,
            0,
            0,
            1,
            0,
            0,
            0,
            1,
            0,
            0,
            1,
            0,
            0,
            0,
            0,
            0,
            0,
            0,
            0,
            0,
            0,
            0,
            1,
            0,
            0,
            0,
            0,
            1,
            0,
            0,
            0,
            0,
            0,
            0,
            0,
            0,
            0,
            0,
            0,
            1,
            1,
            0,
            0,
            0,
            1,
            1,
            0,
            0,
            0,
            0,
            1,
            1,
            1,
            1,
            1,
            0,
            0,
            0,
            0,
            0,
            0,
            0,
            0,
            0,
            0,
            1,
            1,
            1,
            1,
            1,
            1,
            1,
            1,
            1,
            1,
            0,
            0,
            0,
            0,
            1,
            1,
            1,
            1,
            1,
            1,
            0,
            0,
            0,
            0,
            0,
            0,
            0,
            0,
            0,
            0
        ],
        "energy": 1010.0,
        "chain_break_fraction": 0.024793388429752067
    },
    "chain_strength_prefactor": 0.2,
    "chain_strength": 3655.799627671893,
    "max_chain_length": 4,
    "timing_info": {
        "qpu_sampling_time": 301820.0,
        "qpu_anneal_time_per_sample": 200.0,
        "qpu_readout_time_per_sample": 81.28,
        "qpu_access_time": 317747.97,
        "qpu_access_overhead_time": 3138.03,
        "qpu_programming_time": 15927.97,
        "qpu_delay_time_per_sample": 20.54,
        "total_post_processing_time": 1.0,
        "post_processing_overhead_time": 1.0
    },
    "embedding_info": {
        "embedding": {
            "47": [
                2283,
                3807,
                2284
            ],
            "48": [
                2253,
                2252,
                3672
            ],
            "53": [
                3732,
                2403,
                3731
            ],
            "49": [
                2345,
                2344,
                2343
            ],
            "54": [
                2297,
                3792,
                2299,
                2298
            ],
            "50": [
                2388,
                3462,
                2389
            ],
            "55": [
                3627,
                2373,
                2372
            ],
            "51": [
                2328,
                3642
            ],
            "56": [
                3612,
                2358,
                3477
            ],
            "52": [
                3551,
                3552,
                2148
            ],
            "57": [
                2178,
                2179,
                3567,
                3566
            ],
            "58": [
                3717,
                2238,
                2237,
                3718
            ],
            "59": [
                3657,
                2418,
                2417
            ],
            "60": [
                3581,
                2193,
                3582
            ],
            "61": [
                3596,
                3595,
                2268
            ],
            "62": [
                2327,
                3432,
                3492
            ],
            "63": [
                2222,
                3537
            ],
            "64": [
                2208,
                3476,
                3507
            ],
            "65": [
                2312,
                2313
            ],
            "66": [
                3447,
                2267
            ],
            "67": [
                3521,
                3522,
                2133
            ],
            "5": [
                2285
            ],
            "11": [
                2269
            ],
            "6": [
                3687
            ],
            "17": [
                2254
            ],
            "7": [
                3868,
                3867
            ],
            "23": [
                3882,
                3883
            ],
            "8": [
                3493
            ],
            "29": [
                3912,
                3911,
                2390
            ],
            "9": [
                3643
            ],
            "35": [
                3641,
                2164,
                3806
            ],
            "10": [
                3550
            ],
            "41": [
                2149
            ],
            "12": [
                2194
            ],
            "18": [
                2315,
                2314
            ],
            "13": [
                3793
            ],
            "24": [
                3987,
                2300,
                2405
            ],
            "14": [
                3343
            ],
            "30": [
                2375,
                2374
            ],
            "15": [
                2357
            ],
            "36": [
                2118,
                2119,
                3611
            ],
            "16": [
                3565
            ],
            "42": [
                3701
            ],
            "19": [
                2524
            ],
            "25": [
                3762,
                3761,
                2329
            ],
            "20": [
                2416
            ],
            "31": [
                3777,
                2359,
                3747
            ],
            "21": [
                2192,
                3342
            ],
            "37": [
                3656,
                2223,
                2088,
                3626
            ],
            "22": [
                1983
            ],
            "43": [
                2043
            ],
            "26": [
                3237,
                2326
            ],
            "32": [
                2387,
                3417,
                3313
            ],
            "27": [
                3281,
                2221
            ],
            "38": [
                2146,
                2147,
                3401
            ],
            "28": [
                2116,
                2117
            ],
            "44": [
                1966,
                1967,
                3475
            ],
            "33": [
                3386,
                3387
            ],
            "39": [
                3357,
                3356
            ],
            "34": [
                3416,
                3415
            ],
            "45": [
                3446
            ],
            "40": [
                2071,
                2072
            ],
            "46": [
                2028,
                2027
            ],
            "68": [
                3897
            ],
            "69": [
                2239
            ],
            "70": [
                2224
            ],