{
    "config": "F_1000-115106.7095749478s-1_A200",
    "num_vars": 65,
    "num_qubit": 219,
    "time_elapsed": 0.025998592376708984,
    "best_state": {
        "sample": [
            0,
            0,
            0,
            0,
            0,
            0,
            0,
            0,
            0,
            0,
            0,
            0,
            0,
            0,
            0,
            0,
            0,
            0,
            0,
            0,
            0,
            0,
            1,
            0,
            0,
            0,
            0,
            1,
            0,
            0,
            0,
            1,
            0,
            0,
            0,
            1,
            0,
            1,
            0,
            0,
            0,
            0,
            0,
            0,
            0,
            0,
            0,
            0,
            0,
            0,
            1,
            1,
            0,
            1,
            1,
            0,
            0,
            0,
            0,
            0,
            1,
            1,
            1,
            1,
            1
        ],
        "energy": 50478.0,
        "chain_break_fraction": 0.06153846153846154
    },
    "chain_strength": 115106.7095749478,
    "max_chain_length": 5,
    "timing_info": {
        "qpu_sampling_time": 308680.0,
        "qpu_anneal_time_per_sample": 200.0,
        "qpu_readout_time_per_sample": 88.14,
        "qpu_access_time": 324602.37,
        "qpu_access_overhead_time": 1159.63,
        "qpu_programming_time": 15922.37,
        "qpu_delay_time_per_sample": 20.54,
        "total_post_processing_time": 1.0,
        "post_processing_overhead_time": 1.0
    },
    "embedding_info": {
        "embedding": {
            "44": [
                4862,
                550,
                4861
            ],
            "45": [
                430,
                431,
                432,
                5236
            ],
            "50": [
                402,
                5102,
                401,
                400
            ],
            "46": [
                4967,
                4968,
                475
            ],
            "51": [
                4817,
                639,
                640,
                4816
            ],
            "47": [
                491,
                5011,
                490,
                492
            ],
            "52": [
                342,
                341,
                340,
                5161
            ],
            "48": [
                4937,
                4938,
                535
            ],
            "53": [
                4832,
                4831,
                580
            ],
            "49": [
                567,
                566,
                5117,
                565,
                568
            ],
            "54": [
                370,
                4801,
                4802
            ],
            "55": [
                506,
                5026,
                505
            ],
            "56": [
                372,
                371,
                5221,
                5071,
                5222
            ],
            "57": [
                445,
                4981,
                4952
            ],
            "58": [
                417,
                416,
                415,
                418
            ],
            "59": [
                4997,
                4996,
                670,
                671
            ],
            "60": [
                4923,
                4922,
                685
            ],
            "61": [
                4847,
                4846,
                4848,
                775
            ],
            "62": [
                4892,
                625,
                4891
            ],
            "63": [
                461,
                460,
                462,
                5176,
                459
            ],
            "64": [
                4877,
                520,
                4878,
                4876
            ],
            "6": [
                5282
            ],
            "15": [
                5312,
                5313,
                748
            ],
            "7": [
                761,
                762,
                4969
            ],
            "21": [
                717,
                5163,
                718,
                716
            ],
            "8": [
                627,
                5237
            ],
            "27": [
                5253,
                5252,
                763
            ],
            "9": [
                536,
                5057,
                5058
            ],
            "33": [
                732,
                731,
                733
            ],
            "10": [
                5343,
                5342
            ],
            "39": [
                5373,
                868,
                5372
            ],
            "11": [
                403,
                5401,
                5402
            ],
            "16": [
                626,
                5103
            ],
            "12": [
                746,
                5013,
                747,
                4893
            ],
            "22": [
                5073,
                5074,
                641
            ],
            "13": [
                5191,
                5192,
                657
            ],
            "28": [
                5162,
                537
            ],
            "14": [
                4907,
                4908,
                596,
                595
            ],
            "34": [
                656,
                655
            ],
            "17": [
                5043,
                821,
                5044,
                5042
            ],
            "23": [
                5147,
                507,
                5148,
                5149,
                508
            ],
            "18": [
                597,
                598
            ],
            "29": [
                476,
                477,
                478,
                5132,
                5072
            ],
            "19": [
                686,
                4953
            ],
            "35": [
                522,
                521,
                5012,
                523
            ],
            "20": [
                5358,
                5357,
                5356
            ],
            "40": [
                5417,
                5418,
                553,
                5416
            ],
            "24": [
                5177,
                552,
                5178,
                672
            ],
            "30": [
                4998,
                851,
                852,
                5299,
                5298
            ],
            "25": [
                4982,
                4983,
                551
            ],
            "36": [
                805,
                806,
                4954,
                4924,
                5119
            ],
            "26": [
                776,
                777,
                778
            ],
            "41": [
                837,
                836,
                835,
                5193
            ],
            "31": [
                611,
                5118,
                610,
                612
            ],
            "37": [
                582,
                581,
                583
            ],
            "32": [
                5328,
                5327,
                673,
                5329
            ],
            "42": [
                5268,
                5267,
                642
            ],