{
    "config": "N_1000-21957.19506619042s-1_A200",
    "num_vars": 114,
    "num_qubit": 213,
    "time_elapsed": 0.0269167423248291,
    "best_state": {
        "sample": [
            0,
            1,
            0,
            0,
            1,
            0,
            0,
            0,
            0,
            0,
            0,
            0,
            0,
            0,
            0,
            0,
            1,
            0,
            0,
            0,
            0,
            1,
            0,
            0,
            0,
            0,
            0,
            0,
            0,
            0,
            0,
            0,
            1,
            0,
            0,
            0,
            0,
            1,
            0,
            0,
            0,
            1,
            0,
            0,
            0,
            0,
            0,
            0,
            0,
            0,
            0,
            1,
            0,
            0,
            1,
            1,
            1,
            1,
            1,
            0,
            0,
            0,
            0,
            1,
            1,
            0,
            1,
            1,
            1,
            1,
            1,
            1,
            1,
            1,
            1,
            1,
            0,
            0,
            0,
            0,
            0,
            1,
            1,
            1,
            1,
            1,
            0,
            0,
            0,
            0,
            1,
            1,
            0,
            0,
            0,
            0,
            1,
            1,
            1,
            1,
            1,
            1,
            0,
            0,
            0,
            1,
            0,
            0,
            0,
            1,
            1,
            0,
            1,
            1
        ],
        "energy": 6027.0,
        "chain_break_fraction": 0.008771929824561403
    },
    "chain_strength_prefactor": 0.4,
    "chain_strength": 21957.19506619042,
    "max_chain_length": 4,
    "timing_info": {
        "qpu_sampling_time": 331760.0,
        "qpu_anneal_time_per_sample": 200.0,
        "qpu_readout_time_per_sample": 111.22,
        "qpu_access_time": 347686.77,
        "qpu_access_overhead_time": 3414.23,
        "qpu_programming_time": 15926.77,
        "qpu_delay_time_per_sample": 20.54,
        "total_post_processing_time": 199.0,
        "post_processing_overhead_time": 199.0
    },
    "embedding_info": {
        "embedding": {
            "44": [
                4686,
                4685
            ],
            "45": [
                4762,
                4761,
                1344
            ],
            "50": [
                4791,
                1255,
                1254
            ],
            "46": [
                1224,
                4731
            ],
            "51": [
                4716,
                4715,
                1239
            ],
            "47": [
                4521,
                1328,
                1329,
                4520
            ],
            "52": [
                4475,
                1163,
                1164
            ],
            "48": [
                1209,
                4746,
                1208
            ],
            "53": [
                4655,
                1149
            ],
            "49": [
                1314,
                4582,
                4701
            ],
            "54": [
                1194,
                1193
            ],
            "55": [
                1285,
                1284,
                4821
            ],
            "56": [
                1269,
                4566,
                4656
            ],
            "57": [
                4671,
                4670
            ],
            "58": [
                4641,
                1404,
                4640
            ],
            "59": [
                4611,
                4612
            ],
            "60": [
                1134,
                4596,
                4535
            ],
            "61": [
                1299,
                1300,
                4536
            ],
            "62": [
                1118,
                1119,
                4460
            ],
            "63": [
                4506,
                1223,
                1343
            ],
            "64": [
                1178,
                1179,
                1177
            ],
            "6": [
                1271,
                1270
            ],
            "15": [
                1120
            ],
            "7": [
                4732
            ],
            "21": [
                1225,
                4850
            ],
            "8": [
                4519
            ],
            "27": [
                1074,
                1075,
                1073
            ],
            "9": [
                4744,
                4745
            ],
            "33": [
                4941,
                1210
            ],
            "10": [
                4583
            ],
            "39": [
                1316,
                4927,
                1315
            ],
            "11": [
                4896
            ],
            "16": [
                4790
            ],
            "12": [
                1524,
                4793,
                4717
            ],
            "22": [
                1105
            ],
            "13": [
                4474
            ],
            "28": [
                4760,
                1058,
                1059
            ],
            "14": [
                4654
            ],
            "34": [
                4805
            ],
            "17": [
                4822
            ],
            "23": [
                4866,
                1345
            ],
            "18": [
                4565,
                983
            ],
            "29": [
                1389,
                1390,
                1388
            ],
            "19": [
                4669
            ],
            "35": [
                4792,
                1374
            ],
            "20": [
                4642
            ],
            "40": [
                4882,
                1405
            ],
            "24": [
                4610,
                954
            ],
            "30": [
                1463,
                1464,
                4507
            ],
            "25": [
                1013
            ],
            "36": [
                1419,
                4687,
                4597
            ],
            "26": [
                1418,
                4537
            ],
            "41": [
                4567,
                1449,
                4702
            ],
            "31": [
                4416,
                4417
            ],
            "37": [
                4431
            ],
            "32": [
                1313,
                4402
            ],
            "42": [
                4446,
                4447,
                1298
            ],
            "38": [
                1192
            ],
            "43": [
                1207,
                4310,
                4326
            ],
            "0": [
                1135
            ],
            "65": [
                4835
            ],
            "66": [
                1060
            ],
            "67": [
                4940,
                4925
            ],
            "68": [
                4926
            ],
            "70": [
                4730,
                1014
            ],
            "71": [
                1090
            ],
            "1": [
                1286
            ],
            "73": [
                4911
            ],
            "74": [
                1330
            ],