{
    "config": "F_1000-86744.85881803911s-1_A200",
    "num_vars": 65,
    "num_qubit": 209,
    "time_elapsed": 0.0240023136138916,
    "best_state": {
        "sample": [
            1,
            0,
            1,
            0,
            0,
            0,
            0,
            0,
            0,
            0,
            0,
            0,
            0,
            0,
            0,
            0,
            0,
            0,
            0,
            0,
            0,
            0,
            1,
            0,
            0,
            0,
            0,
            0,
            0,
            0,
            0,
            0,
            0,
            0,
            0,
            0,
            0,
            0,
            0,
            0,
            0,
            0,
            1,
            0,
            1,
            1,
            1,
            1,
            1,
            1,
            0,
            0,
            1,
            1,
            0,
            0,
            1,
            1,
            0,
            1,
            1,
            1,
            0,
            0,
            0
        ],
        "energy": 26498.0,
        "chain_break_fraction": 0.1076923076923077
    },
    "chain_strength": 86744.85881803911,
    "max_chain_length": 5,
    "timing_info": {
        "qpu_sampling_time": 327540.0,
        "qpu_anneal_time_per_sample": 200.0,
        "qpu_readout_time_per_sample": 107.0,
        "qpu_access_time": 343467.97,
        "qpu_access_overhead_time": 1925.03,
        "qpu_programming_time": 15927.97,
        "qpu_delay_time_per_sample": 20.54,
        "total_post_processing_time": 301.0,
        "post_processing_overhead_time": 301.0
    },
    "embedding_info": {
        "embedding": {
            "44": [
                4345,
                4346,
                1897
            ],
            "45": [
                2183,
                2182,
                4511
            ],
            "50": [
                4301,
                1867,
                4299,
                4300
            ],
            "46": [
                4359,
                4360,
                4361,
                1972
            ],
            "51": [
                4374,
                4375,
                4376
            ],
            "47": [
                2123,
                2122,
                4526,
                2124
            ],
            "52": [
                4406,
                4407,
                2092,
                4405
            ],
            "48": [
                2213,
                2214,
                2212
            ],
            "53": [
                2152,
                4331
            ],
            "49": [
                4421,
                2062,
                4422,
                4420
            ],
            "54": [
                2108,
                2107,
                4480
            ],
            "55": [
                1838,
                4390,
                4391,
                4392
            ],
            "56": [
                2258,
                4496,
                2259,
                2257,
                4527
            ],
            "57": [
                2242,
                2243,
                4316
            ],
            "58": [
                4437,
                4436,
                4435
            ],
            "59": [
                4450,
                4451,
                1988,
                1958
            ],
            "60": [
                2138,
                2137,
                2139,
                4271
            ],
            "61": [
                2078,
                2077,
                4556
            ],
            "62": [
                2228,
                2227,
                2229,
                4481
            ],
            "63": [
                4465,
                4466,
                2033,
                2047
            ],
            "64": [
                4541,
                2153
            ],
            "6": [
                4464
            ],
            "11": [
                1898,
                1899,
                4525
            ],
            "7": [
                1748,
                1749,
                4764,
                1747
            ],
            "21": [
                4689,
                1809,
                4690,
                1808
            ],
            "8": [
                4810,
                2064,
                2125,
                1975
            ],
            "27": [
                4765,
                1884,
                4766
            ],
            "9": [
                4691,
                2094
            ],
            "33": [
                4660,
                4661,
                4659
            ],
            "10": [
                4495,
                2063,
                4494
            ],
            "38": [
                1928,
                1929
            ],
            "12": [
                1869,
                4824,
                1868
            ],
            "16": [
                4449
            ],
            "13": [
                1734,
                1733,
                1732
            ],
            "22": [
                1824,
                1823,
                1825,
                4584
            ],
            "14": [
                2004,
                2005,
                2003
            ],
            "28": [
                4554,
                1854,
                1855,
                4780,
                1853
            ],
            "15": [
                2018,
                2019,
                4510
            ],
            "39": [
                1913,
                1912,
                4479
            ],
            "17": [
                4509,
                1718,
                1719
            ],
            "23": [
                4839,
                1840,
                4734,
                1839
            ],
            "18": [
                4781,
                4782,
                2020,
                4885
            ],
            "29": [
                4797,
                4796,
                1930,
                4795
            ],
            "19": [
                2154,
                4646,
                2155
            ],
            "34": [
                4735,
                4736,
                2244,
                1914
            ],
            "20": [
                4585,
                1973,
                4586
            ],
            "40": [
                1944,
                1945,
                1943
            ],
            "24": [
                4615,
                1989,
                1990,
                4614
            ],
            "30": [
                4720,
                4719,
                1959
            ],
            "25": [
                4749,
                1794,
                4750,
                4751
            ],
            "35": [
                4705,
                4706,
                1974,
                4704
            ],
            "26": [
                4600,
                4601,
                4599,
                2093
            ],
            "41": [
                4644,
                4643,
                1883,
                4645
            ],
            "31": [
                4675,
                4676,
                2079
            ],
            "36": [
                4825,
                4826,
                2185,
                1960
            ],
            "32": [
                2034,
                2035,
                4540
            ],
            "42": [
                2048,
                4555,
                2049
            ],