{
    "config": "N_1000-15052.778976907604s-1_A200",
    "num_vars": 114,
    "num_qubit": 216,
    "time_elapsed": 0.12271547317504883,
    "best_state": {
        "sample": [
            1,
            0,
            0,
            0,
            1,
            0,
            0,
            0,
            0,
            0,
            0,
            0,
            0,
            0,
            0,
            0,
            0,
            0,
            0,
            0,
            0,
            0,
            0,
            1,
            0,
            0,
            0,
            0,
            0,
            0,
            0,
            0,
            0,
            0,
            1,
            0,
            1,
            0,
            0,
            0,
            0,
            0,
            0,
            0,
            1,
            0,
            0,
            1,
            0,
            0,
            0,
            0,
            0,
            0,
            0,
            0,
            1,
            0,
            0,
            1,
            0,
            1,
            0,
            0,
            1,
            1,
            1,
            1,
            1,
            0,
            0,
            0,
            0,
            0,
            1,
            1,
            1,
            0,
            0,
            0,
            1,
            1,
            0,
            1,
            1,
            1,
            0,
            0,
            0,
            0,
            0,
            0,
            0,
            0,
            0,
            0,
            1,
            1,
            1,
            1,
            1,
            1,
            1,
            1,
            1,
            1,
            0,
            0,
            0,
            0,
            0,
            0,
            0,
            0
        ],
        "energy": 2426.0,
        "chain_break_fraction": 0.0
    },
    "chain_strength_prefactor": 0.35,
    "chain_strength": 15052.778976907604,
    "max_chain_length": 4,
    "timing_info": {
        "qpu_sampling_time": 277640.0,
        "qpu_anneal_time_per_sample": 200.0,
        "qpu_readout_time_per_sample": 57.1,
        "qpu_access_time": 293564.37,
        "qpu_access_overhead_time": 2270.63,
        "qpu_programming_time": 15924.37,
        "qpu_delay_time_per_sample": 20.54,
        "total_post_processing_time": 52.0,
        "post_processing_overhead_time": 52.0
    },
    "embedding_info": {
        "embedding": {
            "44": [
                542,
                543
            ],
            "45": [
                393,
                3527,
                392
            ],
            "50": [
                436,
                3302,
                437,
                3303
            ],
            "46": [
                3467,
                452
            ],
            "51": [
                3437,
                602,
                587
            ],
            "47": [
                3362,
                512,
                513
            ],
            "52": [
                646,
                647,
                3377
            ],
            "48": [
                3483,
                3482,
                632
            ],
            "53": [
                3512,
                3513
            ],
            "49": [
                3557,
                3556
            ],
            "54": [
                527,
                3347,
                528
            ],
            "55": [
                3391,
                3392,
                497,
                498
            ],
            "56": [
                3498,
                3499,
                3497
            ],
            "57": [
                407,
                3571,
                408,
                3572
            ],
            "58": [
                3541,
                3542,
                467
            ],
            "59": [
                3453,
                3452,
                738
            ],
            "60": [
                617,
                618
            ],
            "61": [
                3587,
                3586,
                588
            ],
            "62": [
                558,
                3617,
                557
            ],
            "63": [
                573,
                3602,
                3528
            ],
            "64": [
                3632,
                483,
                482
            ],
            "6": [
                541
            ],
            "11": [
                3318,
                3317
            ],
            "7": [
                3466
            ],
            "21": [
                3468,
                707
            ],
            "8": [
                601
            ],
            "27": [
                3363,
                767
            ],
            "9": [
                3481
            ],
            "33": [
                3423,
                3424
            ],
            "10": [
                363
            ],
            "39": [
                3558
            ],
            "12": [
                3304
            ],
            "16": [
                526
            ],
            "13": [
                3436,
                347
            ],
            "22": [
                631,
                3348
            ],
            "14": [
                3288
            ],
            "28": [
                781,
                3378
            ],
            "15": [
                3511
            ],
            "34": [
                797,
                3514
            ],
            "17": [
                499,
                3721
            ],
            "23": [
                3407,
                3408
            ],
            "18": [
                918
            ],
            "29": [
                842,
                3454
            ],
            "19": [
                288,
                213,
                3570
            ],
            "35": [
                3573
            ],
            "20": [
                348
            ],
            "40": [
                3543
            ],
            "24": [
                3603
            ],
            "30": [
                3768,
                739,
                754
            ],
            "25": [
                3767,
                3766,
                619
            ],
            "36": [
                3693,
                694,
                3694
            ],
            "26": [
                438,
                439,
                3872
            ],
            "41": [
                649,
                648
            ],
            "31": [
                468,
                469
            ],
            "37": [
                603,
                3678,
                724
            ],
            "32": [
                453,
                3677
            ],
            "42": [
                575,
                574
            ],
            "38": [
                544,
                545
            ],
            "43": [
                484,
                3797
            ],
            "0": [
                722
            ],
            "65": [
                3333,
                737
            ],
            "66": [
                692
            ],
            "67": [
                3438
            ],
            "68": [
                782
            ],
            "1": [
                556
            ],
            "70": [
                3212
            ],
            "71": [
                3227
            ],
            "72": [
                3243,
                661
            ],
            "73": [
                796
            ],
            "2": [
                3319
            ],
            "75": [
                752
            ],