{
    "config": "F_1000-22389.97923625656s-1_A200",
    "num_vars": 54,
    "num_qubit": 141,
    "time_elapsed": 0.015622138977050781,
    "best_state": {
        "sample": [
            0,
            0,
            0,
            0,
            1,
            0,
            0,
            0,
            0,
            0,
            1,
            0,
            0,
            0,
            0,
            0,
            0,
            0,
            1,
            0,
            0,
            0,
            0,
            0,
            1,
            1,
            1,
            1,
            0,
            0,
            0,
            0,
            0,
            0,
            0,
            1,
            0,
            0,
            0,
            1,
            1,
            1,
            0,
            1,
            1,
            0,
            0,
            0,
            0,
            0,
            0,
            0,
            0,
            1
        ],
        "energy": 4466.0,
        "chain_break_fraction": 0.05555555555555555
    },
    "chain_strength": 22389.97923625656,
    "max_chain_length": 4,
    "timing_info": {
        "qpu_sampling_time": 267000.0,
        "qpu_anneal_time_per_sample": 200.0,
        "qpu_readout_time_per_sample": 46.46,
        "qpu_access_time": 282928.77,
        "qpu_access_overhead_time": 966.23,
        "qpu_programming_time": 15928.77,
        "qpu_delay_time_per_sample": 20.54,
        "total_post_processing_time": 43.0,
        "post_processing_overhead_time": 43.0
    },
    "embedding_info": {
        "embedding": {
            "33": [
                3360,
                197,
                3361
            ],
            "34": [
                242,
                3481,
                347
            ],
            "39": [
                3376,
                3375
            ],
            "35": [
                3271,
                3270,
                346
            ],
            "40": [
                407,
                3317
            ],
            "36": [
                286,
                287
            ],
            "41": [
                392,
                3421,
                3302
            ],
            "37": [
                212,
                3390,
                167
            ],
            "42": [
                3332,
                3331,
                256,
                257
            ],
            "38": [
                302,
                301,
                3451
            ],
            "43": [
                332,
                3391
            ],
            "44": [
                362,
                3406,
                363
            ],
            "45": [
                272,
                271,
                3511,
                228
            ],
            "46": [
                227,
                3405
            ],
            "47": [
                3466,
                317
            ],
            "48": [
                3286,
                3287
            ],
            "49": [
                3316,
                316
            ],
            "50": [
                421,
                422,
                3241
            ],
            "51": [
                331,
                3301,
                3151
            ],
            "52": [
                3436,
                377,
                376,
                375
            ],
            "53": [
                241,
                240,
                3346,
                3347
            ],
            "5": [
                451
            ],
            "9": [
                196
            ],
            "6": [
                3167,
                450,
                3166
            ],
            "15": [
                3256,
                3255,
                391
            ],
            "7": [
                182,
                181,
                180
            ],
            "24": [
                166,
                3150,
                165
            ],
            "8": [
                300,
                2986
            ],
            "29": [
                226,
                225,
                3210
            ],
            "10": [
                152
            ],
            "14": [
                466
            ],
            "11": [
                3137,
                406
            ],
            "16": [
                496,
                3211
            ],
            "12": [
                525,
                526,
                3257
            ],
            "20": [
                511,
                3272,
                510
            ],
            "13": [
                151,
                150,
                3285
            ],
            "25": [
                3226,
                3227,
                3225,
                211
            ],
            "17": [
                481,
                480
            ],
            "21": [
                3061,
                435,
                436,
                3152
            ],
            "18": [
                285,
                3180,
                3136
            ],
            "26": [
                3196,
                3195
            ],
            "19": [
                3030,
                420,
                3031
            ],
            "30": [
                361,
                3122,
                3121
            ],
            "22": [
                3091,
                270,
                3090,
                3092
            ],
            "27": [
                330,
                3001,
                3000,
                3002
            ],
            "23": [
                2971,
                360,
                2972
            ],
            "31": [
                3076,
                3077
            ],
            "28": [
                465,
                3046,
                3045
            ],
            "32": [
                255,
                3060,
                210
            ],
            "0": [
                3240
            ],
            "1": [
                3242,
                541
            ],
            "2": [
                3181
            ],
            "3": [
                3062,
                495
            ],
            "4": [
                315,
                3015
            ]
        },
        "chain_break_method": "majority_vote",
        "embedding_parameters": {},
        "chain_strength": 22389.97923625656
    }
}