{
    "config": "N_1000-6814.086527087115s-1_A200",
    "num_vars": 73,
    "num_qubit": 127,
    "time_elapsed": 0.055158138275146484,
    "best_state": {
        "sample": [
            0,
            1,
            1,
            0,
            0,
            0,
            0,
            0,
            0,
            0,
            1,
            1,
            0,
            1,
            1,
            0,
            0,
            0,
            0,
            0,
            0,
            0,
            0,
            0,
            0,
            1,
            0,
            0,
            0,
            0,
            0,
            0,
            0,
            1,
            0,
            1,
            1,
            1,
            0,
            0,
            0,
            0,
            1,
            1,
            1,
            0,
            0,
            0,
            1,
            1,
            1,
            1,
            1,
            1,
            1,
            1,
            0,
            0,
            1,
            1,
            1,
            0,
            1,
            1,
            1,
            0,
            0,
            0,
            1,
            1,
            1,
            0,
            1
        ],
        "energy": 47224.0,
        "chain_break_fraction": 0.1232876712328767
    },
    "chain_strength_prefactor": 0.1,
    "chain_strength": 6814.086527087115,
    "max_chain_length": 3,
    "timing_info": {
        "qpu_sampling_time": 325480.0,
        "qpu_anneal_time_per_sample": 200.0,
        "qpu_readout_time_per_sample": 104.94,
        "qpu_access_time": 341408.37,
        "qpu_access_overhead_time": 1582.63,
        "qpu_programming_time": 15928.37,
        "qpu_delay_time_per_sample": 20.54,
        "total_post_processing_time": 34.0,
        "post_processing_overhead_time": 34.0
    },
    "embedding_info": {
        "embedding": {
            "27": [
                2048,
                4571
            ],
            "28": [
                4555,
                4556
            ],
            "33": [
                4586,
                2019
            ],
            "29": [
                4751,
                2108,
                2109
            ],
            "34": [
                2124,
                2123
            ],
            "30": [
                2034,
                4601
            ],
            "35": [
                4691,
                2169
            ],
            "31": [
                2139,
                2138
            ],
            "36": [
                4721,
                2154,
                2153
            ],
            "32": [
                4616,
                2243,
                4617
            ],
            "37": [
                4540,
                4541
            ],
            "38": [
                2078,
                4526,
                2079
            ],
            "39": [
                4630,
                1989,
                4631
            ],
            "40": [
                2093,
                2094,
                4511
            ],
            "41": [
                2228,
                4587
            ],
            "42": [
                4661,
                4660
            ],
            "43": [
                4766,
                4705,
                2064
            ],
            "44": [
                4645,
                4646,
                2004
            ],
            "45": [
                4676,
                4675
            ],
            "46": [
                2199,
                4602
            ],
            "47": [
                2214,
                4706,
                4572
            ],
            "5": [
                1928
            ],
            "10": [
                4557
            ],
            "6": [
                2379,
                2380,
                4618
            ],
            "23": [
                2364
            ],
            "7": [
                2125
            ],
            "11": [
                2200,
                4736
            ],
            "8": [
                2244
            ],
            "15": [
                2170
            ],
            "9": [
                4722,
                4723
            ],
            "19": [
                2155
            ],
            "12": [
                2229
            ],
            "16": [
                2185,
                2184
            ],
            "13": [
                4768,
                4767
            ],
            "20": [
                2140,
                4781
            ],
            "14": [
                2305,
                2304
            ],
            "24": [
                2319,
                4647,
                2320
            ],
            "17": [
                2454,
                4677
            ],
            "21": [
                2259
            ],
            "18": [
                2334,
                4737,
                2335
            ],
            "25": [
                2350,
                2349
            ],
            "22": [
                4707
            ],
            "26": [
                2394,
                4573
            ],
            "0": [
                2215
            ],
            "49": [
                4841
            ],
            "50": [
                4856
            ],
            "1": [
                4585
            ],
            "2": [
                2110
            ],
            "53": [
                4886
            ],
            "54": [
                4871
            ],
            "55": [
                4946,
                4947,
                2230
            ],
            "56": [
                2290,
                4932
            ],
            "59": [
                4797
            ],
            "60": [
                4782
            ],
            "61": [
                2365
            ],
            "3": [
                4738
            ],
            "64": [
                2514
            ],
            "65": [
                4753
            ],
            "66": [
                2469,
                4662
            ],
            "67": [
                4693,
                4692
            ],
            "4": [
                2395
            ],
            "70": [
                4887
            ],
            "71": [
                4872
            ],
            "72": [
                2425,
                2424
            ],
            "73": [
                2409,
                2408
            ],
            "57": [
                4752
            ],
            "58": [
                2289
            ],
            "62": [
                4812,
                4811
            ],
            "63": [
                4827
            ],
            "68": [
                4826
            ],
            "69": [
                2274
            ],
            "74": [
                4632
            ],
            "75": [
                4542,
                2423
            ]
        },
        "chain_break_method": "majority_vote",
        "embedding_parameters": {},
        "chain_strength": 6814.086527087115
    }
}