{
    "config": "N_1000-6428.424232427322s-1_A200",
    "num_vars": 102,
    "num_qubit": 195,
    "time_elapsed": 0.02600407600402832,
    "best_state": {
        "sample": [
            0,
            1,
            0,
            0,
            0,
            0,
            0,
            0,
            0,
            0,
            0,
            0,
            0,
            0,
            0,
            0,
            0,
            0,
            1,
            0,
            1,
            0,
            0,
            0,
            1,
            1,
            0,
            0,
            0,
            0,
            0,
            0,
            0,
            0,
            0,
            0,
            0,
            0,
            0,
            0,
            0,
            0,
            0,
            0,
            0,
            1,
            0,
            0,
            0,
            1,
            0,
            0,
            0,
            1,
            1,
            1,
            1,
            1,
            1,
            1,
            0,
            0,
            1,
            1,
            0,
            0,
            1,
            0,
            1,
            1,
            1,
            1,
            1,
            1,
            1,
            1,
            1,
            1,
            0,
            0,
            1,
            1,
            1,
            1,
            1,
            1,
            1,
            0,
            0,
            0,
            0,
            0,
            0,
            0,
            0,
            0,
            0,
            0,
            0,
            0,
            0,
            0
        ],
        "energy": 1383.0,
        "chain_break_fraction": 0.0
    },
    "chain_strength_prefactor": 0.35,
    "chain_strength": 6428.424232427322,
    "max_chain_length": 4,
    "timing_info": {
        "qpu_sampling_time": 285280.0,
        "qpu_anneal_time_per_sample": 200.0,
        "qpu_readout_time_per_sample": 64.74,
        "qpu_access_time": 301209.57,
        "qpu_access_overhead_time": 4082.43,
        "qpu_programming_time": 15929.57,
        "qpu_delay_time_per_sample": 20.54,
        "total_post_processing_time": 389.0,
        "post_processing_overhead_time": 389.0
    },
    "embedding_info": {
        "embedding": {
            "39": [
                1416,
                4177
            ],
            "40": [
                4162,
                1401
            ],
            "45": [
                4132,
                4131
            ],
            "41": [
                4102,
                1505,
                4101
            ],
            "46": [
                1520,
                1521,
                4028
            ],
            "42": [
                4073,
                1641,
                4072
            ],
            "47": [
                1536,
                4148,
                4147
            ],
            "43": [
                1325,
                4057
            ],
            "48": [
                3967,
                1355,
                1356
            ],
            "44": [
                4087,
                1550,
                4086
            ],
            "49": [
                1370,
                4027,
                1371
            ],
            "50": [
                1490,
                1491
            ],
            "51": [
                3997,
                1476
            ],
            "52": [
                1311,
                4116,
                4117
            ],
            "53": [
                1430,
                1431,
                3937
            ],
            "54": [
                1535,
                4043,
                1534,
                4042
            ],
            "55": [
                4012,
                4011,
                4013
            ],
            "56": [
                3952,
                1475,
                1415
            ],
            "57": [
                1446,
                1445
            ],
            "58": [
                1461,
                1460,
                3862
            ],
            "59": [
                3877,
                1386,
                1385
            ],
            "3": [
                1462
            ],
            "8": [
                1417
            ],
            "4": [
                4163
            ],
            "13": [
                1402
            ],
            "5": [
                4103
            ],
            "18": [
                1567,
                1566
            ],
            "6": [
                1296
            ],
            "23": [
                4178,
                1642
            ],
            "7": [
                3968
            ],
            "34": [
                1626,
                4088,
                1625
            ],
            "9": [
                1701,
                4133
            ],
            "14": [
                1341,
                4207
            ],
            "10": [
                4029
            ],
            "19": [
                4267,
                1582
            ],
            "11": [
                4146
            ],
            "24": [
                4222,
                4223,
                1477
            ],
            "12": [
                3936
            ],
            "29": [
                4192,
                4193
            ],
            "15": [
                1281,
                3996
            ],
            "25": [
                3998
            ],
            "16": [
                1235,
                1236
            ],
            "30": [
                4118,
                1686
            ],
            "17": [
                3908,
                3907
            ],
            "35": [
                3938
            ],
            "20": [
                3757,
                3756
            ],
            "26": [
                3922,
                3923
            ],
            "21": [
                1249,
                1250,
                3726
            ],
            "31": [
                1699,
                1700
            ],
            "22": [
                3683,
                1474,
                1624
            ],
            "36": [
                1594,
                3848
            ],
            "27": [
                3816,
                3817
            ],
            "32": [
                3832,
                1354,
                1504
            ],
            "28": [
                1459
            ],
            "37": [
                1383,
                1384
            ],
            "33": [
                1339,
                3847
            ],
            "38": [
                1294,
                1295
            ],
            "0": [
                1432
            ],
            "60": [
                4342
            ],
            "61": [
                4328,
                4327
            ],
            "62": [
                4343
            ],
            "63": [
                1627
            ],
            "65": [
                1447
            ],
            "66": [
                4312
            ],
            "67": [
                1492
            ],
            "69": [
                1671
            ],
            "70": [
                4059,
                1656
            ],
            "71": [
                1685
            ],
            "1": [
                1715
            ],
            "73": [
                4044,
                1730
            ],
            "74": [
                1760
            ],
            "75": [
                1684,
                3879
            ],
            "76": [
                3849
            ],