{
    "config": "N_1000-3673.3852756727565s-1_A200",
    "num_vars": 102,
    "num_qubit": 194,
    "time_elapsed": 0.0359959602355957,
    "best_state": {
        "sample": [
            1,
            0,
            0,
            1,
            1,
            0,
            0,
            0,
            0,
            0,
            0,
            0,
            0,
            0,
            0,
            0,
            0,
            0,
            0,
            0,
            0,
            0,
            0,
            0,
            0,
            0,
            0,
            0,
            0,
            0,
            0,
            0,
            0,
            0,
            0,
            0,
            0,
            0,
            0,
            1,
            1,
            1,
            1,
            1,
            1,
            1,
            0,
            1,
            1,
            1,
            0,
            1,
            1,
            1,
            1,
            1,
            1,
            1,
            1,
            1,
            1,
            1,
            1,
            1,
            1,
            1,
            1,
            1,
            1,
            1,
            0,
            0,
            0,
            0,
            0,
            0,
            0,
            0,
            0,
            0,
            0,
            0,
            0,
            0,
            0,
            0,
            0,
            0,
            0,
            0,
            0,
            0,
            0,
            0,
            0,
            0,
            0,
            0,
            0,
            0,
            0,
            0
        ],
        "energy": 1882.0,
        "chain_break_fraction": 0.0392156862745098
    },
    "chain_strength_prefactor": 0.2,
    "chain_strength": 3673.3852756727565,
    "max_chain_length": 4,
    "timing_info": {
        "qpu_sampling_time": 300240.0,
        "qpu_anneal_time_per_sample": 200.0,
        "qpu_readout_time_per_sample": 79.7,
        "qpu_access_time": 316164.77,
        "qpu_access_overhead_time": 1263.23,
        "qpu_programming_time": 15924.77,
        "qpu_delay_time_per_sample": 20.54,
        "total_post_processing_time": 206.0,
        "post_processing_overhead_time": 206.0
    },
    "embedding_info": {
        "embedding": {
            "39": [
                1843,
                5335,
                5259
            ],
            "40": [
                5425,
                5424
            ],
            "45": [
                1859,
                5454,
                1858
            ],
            "41": [
                1828,
                1829,
                5274
            ],
            "46": [
                1873,
                1872,
                5500
            ],
            "42": [
                1768,
                1767,
                5319
            ],
            "47": [
                5363,
                5364,
                1633
            ],
            "43": [
                1737,
                1738
            ],
            "48": [
                5408,
                5409,
                1573
            ],
            "44": [
                1887,
                5244,
                1722,
                1888
            ],
            "49": [
                1603,
                5348,
                5349
            ],
            "50": [
                1948,
                5485,
                5484
            ],
            "51": [
                1798
            ],
            "52": [
                5469,
                1753
            ],
            "53": [
                1783,
                1782
            ],
            "54": [
                1814,
                1813,
                5439,
                5589
            ],
            "55": [
                1723,
                5499,
                5514
            ],
            "56": [
                5378,
                5379,
                5377
            ],
            "57": [
                5393,
                5392,
                5394
            ],
            "58": [
                5334,
                5333,
                1678
            ],
            "59": [
                1692,
                5289,
                1693
            ],
            "3": [
                5305
            ],
            "8": [
                2008
            ],
            "4": [
                2053
            ],
            "13": [
                2038
            ],
            "5": [
                5559
            ],
            "18": [
                5275,
                1947
            ],
            "6": [
                1707,
                5198
            ],
            "24": [
                5168,
                5169
            ],
            "7": [
                5079,
                1721
            ],
            "34": [
                1827,
                5109
            ],
            "9": [
                5455
            ],
            "14": [
                5290
            ],
            "10": [
                1949
            ],
            "19": [
                5199
            ],
            "11": [
                5258
            ],
            "25": [
                1632
            ],
            "12": [
                5438
            ],
            "29": [
                1572
            ],
            "15": [
                1844
            ],
            "20": [
                1933,
                5470
            ],
            "16": [
                1679
            ],
            "30": [
                5140,
                1752,
                5139,
                5138
            ],
            "17": [
                1781
            ],
            "35": [
                5154
            ],
            "21": [
                5544,
                5543
            ],
            "26": [
                5588,
                1499,
                5587
            ],
            "22": [
                5513,
                1649
            ],
            "31": [
                5498,
                1484,
                1483
            ],
            "23": [
                1557,
                1558,
                1556
            ],
            "36": [
                1543,
                1542
            ],
            "27": [
                1438,
                5437
            ],
            "32": [
                1453
            ],
            "28": [
                1512,
                1511
            ],
            "37": [
                5212,
                1527
            ],
            "33": [
                1362,
                5227,
                5228
            ],
            "38": [
                5287,
                1468,
                5288
            ],
            "0": [
                5350
            ],
            "60": [
                5365
            ],
            "61": [
                2023,
                5260
            ],
            "62": [
                1932
            ],
            "63": [
                5184
            ],
            "65": [
                1917
            ],
            "66": [
                5213,
                5214
            ],
            "67": [
                1647,
                5153
            ],
            "69": [
                5440
            ],
            "70": [
                1978,
                1977
            ],
            "71": [
                5155
            ],
            "73": [
                5574,
                1874
            ],
            "74": [
                5604,
                5603
            ],
            "75": [
                1589
            ],
            "76": [
                5527
            ],
            "77": [
                5542,
                1513
            ],