{
    "config": "N_1000-7346.770551345513s-1_A200",
    "num_vars": 102,
    "num_qubit": 198,
    "time_elapsed": 0.051805734634399414,
    "best_state": {
        "sample": [
            0,
            0,
            1,
            0,
            0,
            0,
            0,
            0,
            0,
            1,
            0,
            0,
            0,
            0,
            0,
            0,
            0,
            0,
            0,
            0,
            0,
            0,
            0,
            1,
            1,
            0,
            0,
            0,
            0,
            0,
            0,
            1,
            0,
            0,
            0,
            0,
            0,
            0,
            0,
            1,
            1,
            0,
            0,
            0,
            1,
            1,
            0,
            0,
            0,
            1,
            0,
            0,
            0,
            1,
            1,
            1,
            1,
            0,
            1,
            1,
            0,
            0,
            1,
            1,
            0,
            0,
            1,
            1,
            1,
            1,
            0,
            0,
            0,
            0,
            0,
            0,
            0,
            0,
            0,
            0,
            1,
            1,
            1,
            1,
            1,
            1,
            1,
            1,
            1,
            1,
            0,
            0,
            1,
            0,
            0,
            0,
            0,
            0,
            0,
            0,
            0,
            0
        ],
        "energy": 1359.0,
        "chain_break_fraction": 0.00980392156862745
    },
    "chain_strength_prefactor": 0.4,
    "chain_strength": 7346.770551345513,
    "max_chain_length": 4,
    "timing_info": {
        "qpu_sampling_time": 345940.0,
        "qpu_anneal_time_per_sample": 200.0,
        "qpu_readout_time_per_sample": 125.4,
        "qpu_access_time": 361699.97,
        "qpu_access_overhead_time": 2159.03,
        "qpu_programming_time": 15759.97,
        "qpu_delay_time_per_sample": 20.54,
        "total_post_processing_time": 22.0,
        "post_processing_overhead_time": 22.0
    },
    "embedding_info": {
        "embedding": {
            "39": [
                4506,
                1313,
                1223
            ],
            "40": [
                4490,
                4491,
                1373
            ],
            "45": [
                4446,
                1298,
                4447
            ],
            "41": [
                4476,
                1358
            ],
            "46": [
                4507,
                1418
            ],
            "42": [
                1284,
                4356,
                4357,
                1283
            ],
            "47": [
                1448,
                1447,
                4387
            ],
            "43": [
                1327,
                1328,
                4341,
                4342
            ],
            "48": [
                4433,
                4432
            ],
            "44": [
                4460,
                1103,
                4461,
                1238
            ],
            "49": [
                4416,
                4417,
                1133
            ],
            "50": [
                1433,
                1432,
                4537
            ],
            "51": [
                1387,
                1388
            ],
            "52": [
                4296,
                1372,
                4297
            ],
            "53": [
                4401,
                4402,
                1118
            ],
            "54": [
                1463,
                4522,
                1462
            ],
            "55": [
                1523,
                1522,
                4552
            ],
            "56": [
                1402,
                1403
            ],
            "57": [
                4372,
                1507,
                4388
            ],
            "58": [
                4327,
                1357
            ],
            "59": [
                4311,
                4312,
                1342
            ],
            "3": [
                1314
            ],
            "8": [
                4505
            ],
            "4": [
                1058
            ],
            "13": [
                4550,
                1163
            ],
            "5": [
                1236,
                1237
            ],
            "23": [
                4627,
                4626,
                4625
            ],
            "6": [
                4343
            ],
            "28": [
                4535,
                1134,
                4536
            ],
            "7": [
                4430
            ],
            "33": [
                4551,
                1208
            ],
            "9": [
                4445
            ],
            "14": [
                1299
            ],
            "10": [
                4477
            ],
            "18": [
                1477,
                1478,
                1479
            ],
            "11": [
                1446
            ],
            "24": [
                1449,
                4642,
                4641
            ],
            "12": [
                4415
            ],
            "34": [
                1253
            ],
            "15": [
                4492
            ],
            "19": [
                4281,
                4282,
                4280
            ],
            "16": [
                1582
            ],
            "29": [
                1192,
                4295,
                1193
            ],
            "17": [
                1117
            ],
            "35": [
                1162
            ],
            "20": [
                4177
            ],
            "25": [
                4462,
                1568
            ],
            "21": [
                1521,
                4117
            ],
            "30": [
                4597,
                4596,
                4598,
                1538
            ],
            "22": [
                4237,
                4238
            ],
            "36": [
                4566,
                4567,
                4568
            ],
            "26": [
                1537,
                1536
            ],
            "31": [
                1252,
                4371,
                1251
            ],
            "27": [
                4267,
                1417
            ],
            "37": [
                1356,
                4147,
                4146
            ],
            "32": [
                1341,
                4191
            ],
            "38": [
                1297
            ],
            "0": [
                4520
            ],
            "60": [
                4580,
                1043
            ],
            "61": [
                1089
            ],
            "62": [
                4655,
                1119
            ],
            "63": [
                4581
            ],
            "65": [
                4672,
                4671
            ],
            "66": [
                4657,
                4656
            ],
            "67": [
                1254
            ],
            "69": [
                1072,
                1073
            ],
            "70": [
                1057
            ],
            "71": [
                4310
            ],
            "73": [
                1583
            ],
            "74": [
                4553
            ],
            "75": [
                1629,
                4538
            ],