{
    "config": "F_1000-2228.922033892332s-1_A200",
    "num_vars": 41,
    "num_qubit": 91,
    "time_elapsed": 0.030231714248657227,
    "best_state": {
        "sample": [
            1,
            0,
            0,
            0,
            0,
            0,
            0,
            0,
            0,
            1,
            0,
            0,
            0,
            1,
            0,
            0,
            0,
            1,
            0,
            1,
            1,
            0,
            0,
            1,
            0,
            0,
            0,
            0,
            1,
            0,
            0,
            0,
            1,
            1,
            1,
            1,
            1,
            1,
            0,
            0,
            1
        ],
        "energy": 1047.0,
        "chain_break_fraction": 0.04878048780487805
    },
    "chain_strength": 2228.922033892332,
    "max_chain_length": 3,
    "timing_info": {
        "qpu_sampling_time": 273860.0,
        "qpu_anneal_time_per_sample": 200.0,
        "qpu_readout_time_per_sample": 53.32,
        "qpu_access_time": 289784.77,
        "qpu_access_overhead_time": 1290.23,
        "qpu_programming_time": 15924.77,
        "qpu_delay_time_per_sample": 20.54,
        "total_post_processing_time": 1.0,
        "post_processing_overhead_time": 1.0
    },
    "embedding_info": {
        "embedding": {
            "20": [
                841,
                3319
            ],
            "21": [
                780,
                781,
                3169
            ],
            "26": [
                3304,
                871
            ],
            "22": [
                3199,
                3198,
                3200
            ],
            "27": [
                946,
                3244,
                3243
            ],
            "23": [
                3183,
                3184
            ],
            "28": [
                855,
                856
            ],
            "24": [
                885,
                886,
                3064
            ],
            "29": [
                932,
                931,
                3274
            ],
            "25": [
                810,
                811
            ],
            "30": [
                961,
                3289
            ],
            "31": [
                766,
                3154
            ],
            "32": [
                3213,
                3214,
                1036
            ],
            "33": [
                3229,
                3230,
                3228
            ],
            "34": [
                825,
                826
            ],
            "35": [
                3094,
                901
            ],
            "36": [
                3125,
                3124,
                1096
            ],
            "37": [
                960,
                3155,
                3109
            ],
            "38": [
                3139,
                3140,
                751
            ],
            "39": [
                975,
                976,
                3079
            ],
            "40": [
                916,
                3259
            ],
            "2": [
                1051
            ],
            "7": [
                3185,
                1170
            ],
            "3": [
                3065,
                1050
            ],
            "13": [
                3049,
                3050,
                1020
            ],
            "4": [
                3320
            ],
            "17": [
                3305
            ],
            "5": [
                3275
            ],
            "10": [
                3290
            ],
            "6": [
                3095,
                1126
            ],
            "14": [
                1155,
                1156
            ],
            "8": [
                3171,
                3170,
                1140
            ],
            "15": [
                3245,
                1081,
                1080
            ],
            "9": [
                1021,
                3260,
                1022
            ],
            "18": [
                1066,
                1067
            ],
            "11": [
                1005,
                1006,
                3080
            ],
            "16": [
                990,
                991
            ],
            "12": [
                1097,
                3335
            ],
            "19": [
                3350,
                1082
            ],
            "0": [
                1141
            ],
            "1": [
                3110
            ]
        },
        "chain_break_method": "majority_vote",
        "embedding_parameters": {},
        "chain_strength": 2228.922033892332
    }
}