{
    "config": "N_1000-2133.6889974140913s-1_A200",
    "num_vars": 121,
    "num_qubit": 229,
    "time_elapsed": 0.027913331985473633,
    "best_state": {
        "sample": [
            0,
            1,
            0,
            0,
            0,
            0,
            0,
            0,
            0,
            0,
            0,
            0,
            0,
            0,
            0,
            0,
            0,
            0,
            0,
            0,
            0,
            0,
            0,
            0,
            1,
            1,
            0,
            1,
            0,
            0,
            0,
            0,
            0,
            0,
            0,
            1,
            0,
            0,
            0,
            0,
            0,
            0,
            0,
            0,
            0,
            0,
            0,
            1,
            0,
            0,
            0,
            0,
            0,
            0,
            0,
            0,
            0,
            0,
            0,
            0,
            1,
            1,
            1,
            1,
            1,
            1,
            1,
            1,
            0,
            0,
            0,
            0,
            1,
            0,
            1,
            1,
            1,
            0,
            1,
            1,
            1,
            1,
            1,
            1,
            1,
            1,
            1,
            1,
            1,
            1,
            1,
            0,
            0,
            0,
            0,
            0,
            0,
            0,
            0,
            0,
            0,
            0,
            0,
            0,
            1,
            1,
            1,
            1,
            1,
            1,
            1,
            0,
            0,
            0,
            0,
            0,
            0,
            0,
            0,
            0,
            0
        ],
        "energy": 446.0,
        "chain_break_fraction": 0.008264462809917356
    },
    "chain_strength": 2133.6889974140913,
    "max_chain_length": 4,
    "timing_info": {
        "qpu_sampling_time": 364320.0,
        "qpu_anneal_time_per_sample": 200.0,
        "qpu_readout_time_per_sample": 143.78,
        "qpu_access_time": 380085.57,
        "qpu_access_overhead_time": 1669.43,
        "qpu_programming_time": 15765.57,
        "qpu_delay_time_per_sample": 20.54,
        "total_post_processing_time": 1.0,
        "post_processing_overhead_time": 1.0
    },
    "embedding_info": {
        "embedding": {
            "47": [
                2288,
                2289,
                4496
            ],
            "48": [
                4466,
                4467
            ],
            "53": [
                2198,
                2423,
                4511,
                4512
            ],
            "49": [
                2379,
                2378,
                4707
            ],
            "54": [
                2259,
                4722,
                2258,
                2257
            ],
            "50": [
                4497,
                2363,
                2438
            ],
            "55": [
                4407,
                2287,
                2213
            ],
            "51": [
                2348,
                4437,
                2349
            ],
            "56": [
                2272,
                2273
            ],
            "52": [
                2408,
                2407,
                4557
            ],
            "57": [
                2303,
                2302,
                4481
            ],
            "58": [
                4573,
                2468,
                4572
            ],
            "59": [
                2317,
                2318
            ],
            "60": [
                4423,
                4422,
                2437
            ],
            "61": [
                4482,
                2393
            ],
            "62": [
                2333,
                2334,
                2332
            ],
            "63": [
                4528,
                2498,
                4527
            ],
            "64": [
                4452,
                4451,
                4453
            ],
            "65": [
                4393,
                4392,
                2497
            ],
            "66": [
                2422,
                4362,
                4332
            ],
            "67": [
                4378,
                2573,
                4377
            ],
            "5": [
                4631
            ],
            "11": [
                4495
            ],
            "6": [
                2153
            ],
            "17": [
                4465
            ],
            "7": [
                4647
            ],
            "23": [
                4706
            ],
            "8": [
                4499,
                4498
            ],
            "29": [
                2439,
                4783,
                4782
            ],
            "9": [
                4436
            ],
            "35": [
                4737,
                2350,
                4738
            ],
            "10": [
                2406
            ],
            "41": [
                4558
            ],
            "12": [
                4526
            ],
            "18": [
                2243
            ],
            "13": [
                2380
            ],
            "24": [
                4676,
                2139
            ],
            "14": [
                4258,
                4259,
                4257
            ],
            "30": [
                2214,
                2215,
                4661
            ],
            "15": [
                4346,
                4347
            ],
            "36": [
                4752,
                2274
            ],
            "16": [
                2301
            ],
            "42": [
                4542,
                4543,
                2364
            ],
            "19": [
                2469
            ],
            "25": [
                4541,
                2228
            ],
            "20": [
                4287
            ],
            "31": [
                2319
            ],
            "21": [
                2242
            ],
            "37": [
                2514,
                2513
            ],
            "22": [
                2392
            ],
            "43": [
                2618,
                4619,
                4483
            ],
            "26": [
                4243,
                2482,
                2481,
                4302
            ],
            "32": [
                4678,
                4677
            ],
            "27": [
                2557,
                2558
            ],
            "38": [
                4648,
                2588
            ],
            "28": [
                2587
            ],
            "44": [
                2648,
                4544
            ],
            "33": [
                4408
            ],
            "39": [
                4303,
                2527
            ],
            "34": [
                4363
            ],
            "45": [
                4333,
                4334
            ],
            "40": [
                2708,
                4439,
                4454
            ],
            "46": [
                4379,
                2753
            ],
            "0": [
                4480
            ],
            "68": [
                2123
            ],
            "69": [
                2108,
                2109
            ],
            "70": [
                4811,
                2244,
                4736
            ],