{
    "config": "N_1000-2844.9186632187884s-1_A200",
    "num_vars": 121,
    "num_qubit": 231,
    "time_elapsed": 0.049021005630493164,
    "best_state": {
        "sample": [
            0,
            0,
            0,
            1,
            0,
            0,
            0,
            0,
            0,
            0,
            0,
            0,
            0,
            0,
            0,
            0,
            0,
            0,
            0,
            0,
            0,
            0,
            0,
            1,
            0,
            0,
            0,
            0,
            0,
            0,
            0,
            0,
            0,
            0,
            0,
            0,
            1,
            0,
            1,
            0,
            1,
            0,
            0,
            1,
            0,
            0,
            0,
            0,
            1,
            0,
            0,
            0,
            0,
            1,
            1,
            1,
            0,
            0,
            0,
            0,
            0,
            0,
            0,
            0,
            0,
            0,
            0,
            1,
            0,
            0,
            1,
            1,
            1,
            0,
            0,
            0,
            1,
            0,
            0,
            0,
            0,
            0,
            0,
            0,
            0,
            1,
            1,
            1,
            1,
            1,
            1,
            0,
            0,
            0,
            0,
            0,
            0,
            0,
            0,
            0,
            0,
            1,
            1,
            1,
            1,
            1,
            1,
            1,
            1,
            1,
            1,
            0,
            0,
            0,
            0,
            0,
            1,
            0,
            1,
            1,
            1
        ],
        "energy": 449.0,
        "chain_break_fraction": 0.0
    },
    "chain_strength_prefactor": 0.4,
    "chain_strength": 2844.9186632187884,
    "max_chain_length": 4,
    "timing_info": {
        "qpu_sampling_time": 328880.0,
        "qpu_anneal_time_per_sample": 200.0,
        "qpu_readout_time_per_sample": 108.34,
        "qpu_access_time": 344805.97,
        "qpu_access_overhead_time": 1944.03,
        "qpu_programming_time": 15925.97,
        "qpu_delay_time_per_sample": 20.54,
        "total_post_processing_time": 44.0,
        "post_processing_overhead_time": 44.0
    },
    "embedding_info": {
        "embedding": {
            "47": [
                1403,
                4537,
                1402,
                4461
            ],
            "48": [
                4417,
                4418,
                1388
            ],
            "53": [
                1463,
                4387
            ],
            "49": [
                4567,
                4568,
                1433
            ],
            "54": [
                4432,
                4433,
                1568
            ],
            "50": [
                4491,
                4492
            ],
            "55": [
                4582,
                1372,
                1373
            ],
            "51": [
                4388,
                1507,
                1508
            ],
            "56": [
                4373,
                4372,
                1628
            ],
            "52": [
                4447,
                1522,
                1523
            ],
            "57": [
                1552,
                1553,
                4583,
                4462
            ],
            "58": [
                4507,
                4508
            ],
            "59": [
                1358,
                1357,
                4597
            ],
            "60": [
                4358,
                1643,
                4357
            ],
            "61": [
                1658,
                4523,
                4522
            ],
            "62": [
                1449,
                1448,
                4702
            ],
            "63": [
                1493,
                1494
            ],
            "64": [
                1584,
                1583,
                4642
            ],
            "65": [
                1479,
                4552,
                1478
            ],
            "66": [
                1419,
                1418,
                1420
            ],
            "67": [
                4478,
                4477
            ],
            "5": [
                1283
            ],
            "11": [
                4536
            ],
            "6": [
                1342
            ],
            "17": [
                4476,
                1238
            ],
            "7": [
                1432
            ],
            "23": [
                4566
            ],
            "8": [
                1343
            ],
            "29": [
                4490,
                1193
            ],
            "9": [
                4389
            ],
            "35": [
                4341,
                4340,
                4342
            ],
            "10": [
                4448
            ],
            "41": [
                4297
            ],
            "12": [
                1327
            ],
            "18": [
                4386
            ],
            "13": [
                1567
            ],
            "24": [
                1223,
                4431
            ],
            "14": [
                4641
            ],
            "30": [
                1118,
                4402,
                4401,
                1119
            ],
            "15": [
                1702
            ],
            "36": [
                1192,
                4371
            ],
            "16": [
                4584
            ],
            "42": [
                4312
            ],
            "19": [
                1597,
                1598
            ],
            "25": [
                1253,
                1254,
                4506
            ],
            "20": [
                1404
            ],
            "31": [
                4596,
                1209,
                1178
            ],
            "21": [
                1808,
                4359
            ],
            "37": [
                1222,
                4356
            ],
            "22": [
                4628,
                1703
            ],
            "43": [
                4328,
                1657
            ],
            "26": [
                1374,
                4747
            ],
            "32": [
                1509,
                4763
            ],
            "27": [
                4687,
                4688,
                4689
            ],
            "38": [
                4612,
                4613,
                1464
            ],
            "28": [
                4718,
                1630
            ],
            "44": [
                4733
            ],
            "33": [
                1480,
                4748,
                4749
            ],
            "39": [
                4673,
                4672
            ],
            "34": [
                4852,
                1570
            ],
            "45": [
                4867,
                4868
            ],
            "40": [
                1734,
                1733
            ],
            "46": [
                1689,
                4808,
                1688
            ],
            "0": [
                1299
            ],
            "68": [
                4551
            ],
            "69": [
                4475,
                1163,
                4550
            ],