{
    "config": "N_1000-43514.626709054035s-1_A200",
    "num_vars": 113,
    "num_qubit": 211,
    "time_elapsed": 0.09092950820922852,
    "best_state": {
        "sample": [
            1,
            1,
            0,
            0,
            0,
            0,
            0,
            0,
            0,
            0,
            0,
            0,
            0,
            0,
            0,
            0,
            1,
            0,
            0,
            0,
            0,
            0,
            0,
            0,
            0,
            0,
            0,
            0,
            0,
            0,
            0,
            0,
            0,
            0,
            0,
            0,
            0,
            0,
            0,
            0,
            0,
            0,
            0,
            0,
            0,
            0,
            1,
            0,
            0,
            1,
            0,
            1,
            1,
            1,
            1,
            1,
            1,
            1,
            1,
            0,
            0,
            0,
            0,
            1,
            1,
            1,
            1,
            1,
            1,
            1,
            1,
            1,
            1,
            1,
            1,
            1,
            1,
            0,
            0,
            0,
            0,
            0,
            0,
            0,
            0,
            0,
            0,
            0,
            0,
            0,
            0,
            0,
            0,
            0,
            0,
            0,
            0,
            0,
            0,
            0,
            0,
            0,
            0,
            0,
            0,
            0,
            0,
            0,
            0,
            0,
            0,
            0,
            0
        ],
        "energy": 5529.0,
        "chain_break_fraction": 0.0
    },
    "chain_strength_prefactor": 0.4,
    "chain_strength": 43514.626709054035,
    "max_chain_length": 4,
    "timing_info": {
        "qpu_sampling_time": 330280.0,
        "qpu_anneal_time_per_sample": 200.0,
        "qpu_readout_time_per_sample": 109.74,
        "qpu_access_time": 346203.97,
        "qpu_access_overhead_time": 1521.03,
        "qpu_programming_time": 15923.97,
        "qpu_delay_time_per_sample": 20.54,
        "total_post_processing_time": 407.0,
        "post_processing_overhead_time": 407.0
    },
    "embedding_info": {
        "embedding": {
            "44": [
                5005,
                2050
            ],
            "45": [
                4976,
                2126,
                4977
            ],
            "50": [
                2080,
                2081
            ],
            "46": [
                5020,
                2006
            ],
            "51": [
                1960,
                4855,
                1961
            ],
            "47": [
                2065,
                4900
            ],
            "52": [
                4915,
                4916
            ],
            "48": [
                2022,
                2021
            ],
            "53": [
                4961,
                4960,
                2095
            ],
            "49": [
                4990,
                2111,
                4989
            ],
            "54": [
                1975,
                4840,
                1976
            ],
            "55": [
                5035,
                5034,
                5036
            ],
            "56": [
                2186,
                4945,
                4946,
                5066
            ],
            "57": [
                5081,
                2096,
                5080
            ],
            "58": [
                5111,
                5110,
                2156
            ],
            "59": [
                1915,
                4975,
                1931
            ],
            "60": [
                1946,
                5019,
                5065
            ],
            "61": [
                4930,
                1870,
                1871
            ],
            "62": [
                5230,
                1902,
                1901,
                1900
            ],
            "63": [
                1992,
                5125,
                1991
            ],
            "64": [
                2036,
                2037,
                5049,
                5050
            ],
            "6": [
                2049
            ],
            "11": [
                5006
            ],
            "7": [
                2366
            ],
            "16": [
                2306,
                5021
            ],
            "8": [
                1945
            ],
            "27": [
                4901,
                2201
            ],
            "9": [
                5141
            ],
            "33": [
                5127,
                2291,
                5126
            ],
            "10": [
                2113,
                2112
            ],
            "38": [
                4991,
                4992
            ],
            "12": [
                2230,
                4871
            ],
            "17": [
                2079
            ],
            "13": [
                4854
            ],
            "22": [
                4796,
                2035
            ],
            "14": [
                4914
            ],
            "28": [
                2155
            ],
            "15": [
                1978,
                1977
            ],
            "39": [
                2260,
                4841
            ],
            "18": [
                1826,
                4899
            ],
            "23": [
                2140,
                4886,
                2141
            ],
            "19": [
                4944,
                1661
            ],
            "29": [
                2187
            ],
            "20": [
                2066
            ],
            "34": [
                2202
            ],
            "21": [
                1858,
                1859,
                1857
            ],
            "40": [
                2157,
                2158,
                5216
            ],
            "24": [
                4974
            ],
            "30": [
                5184,
                1916,
                1917
            ],
            "25": [
                5095,
                5094
            ],
            "35": [
                5410,
                1948,
                1947
            ],
            "26": [
                5214,
                1872
            ],
            "41": [
                1812,
                5169,
                1813
            ],
            "31": [
                2052,
                5200,
                5306
            ],
            "36": [
                5260,
                5259
            ],
            "32": [
                1993
            ],
            "42": [
                5379,
                1843,
                1842
            ],
            "37": [
                2038,
                5380
            ],
            "43": [
                2068,
                2067,
                5215
            ],
            "65": [
                2216
            ],
            "66": [
                4962
            ],
            "67": [
                2336
            ],
            "0": [
                2064
            ],
            "69": [
                4825
            ],
            "70": [
                2094
            ],
            "71": [
                4781,
                2170
            ],
            "72": [
                4856
            ],
            "1": [
                4932
            ],