{
    "config": "N_1000-21757.313354527018s-1_A200",
    "num_vars": 113,
    "num_qubit": 212,
    "time_elapsed": 0.03502631187438965,
    "best_state": {
        "sample": [
            1,
            1,
            0,
            0,
            0,
            0,
            0,
            0,
            0,
            0,
            0,
            0,
            0,
            0,
            0,
            0,
            1,
            0,
            0,
            0,
            0,
            0,
            0,
            0,
            0,
            0,
            0,
            0,
            0,
            0,
            0,
            0,
            0,
            0,
            0,
            0,
            0,
            0,
            0,
            0,
            0,
            0,
            0,
            0,
            0,
            0,
            0,
            0,
            0,
            0,
            0,
            1,
            0,
            1,
            0,
            1,
            1,
            1,
            1,
            0,
            0,
            0,
            1,
            0,
            0,
            1,
            1,
            1,
            1,
            1,
            1,
            1,
            1,
            1,
            1,
            1,
            1,
            0,
            0,
            0,
            0,
            0,
            0,
            0,
            0,
            0,
            0,
            0,
            0,
            0,
            0,
            0,
            0,
            0,
            0,
            0,
            0,
            0,
            0,
            0,
            0,
            0,
            0,
            0,
            0,
            0,
            0,
            0,
            0,
            0,
            0,
            0,
            0
        ],
        "energy": 5529.0,
        "chain_break_fraction": 0.017699115044247787
    },
    "chain_strength_prefactor": 0.2,
    "chain_strength": 21757.313354527018,
    "max_chain_length": 4,
    "timing_info": {
        "qpu_sampling_time": 333620.0,
        "qpu_anneal_time_per_sample": 200.0,
        "qpu_readout_time_per_sample": 113.08,
        "qpu_access_time": 349545.97,
        "qpu_access_overhead_time": 1679.03,
        "qpu_programming_time": 15925.97,
        "qpu_delay_time_per_sample": 20.54,
        "total_post_processing_time": 1.0,
        "post_processing_overhead_time": 1.0
    },
    "embedding_info": {
        "embedding": {
            "44": [
                4437,
                4436,
                4435
            ],
            "45": [
                4450,
                1973,
                4451
            ],
            "50": [
                2153,
                2152
            ],
            "46": [
                2018,
                4391,
                4392
            ],
            "51": [
                2033,
                2032,
                4406
            ],
            "47": [
                4421,
                4420,
                1897
            ],
            "52": [
                2137,
                2138,
                4286
            ],
            "48": [
                4422,
                2242
            ],
            "53": [
                2077,
                4361
            ],
            "49": [
                4345,
                2047,
                4346
            ],
            "54": [
                2107,
                2108,
                4241
            ],
            "55": [
                4330,
                2197,
                4331,
                2198
            ],
            "56": [
                4465,
                4466,
                1958
            ],
            "57": [
                2227,
                2228,
                4481
            ],
            "58": [
                2183,
                2182,
                4496
            ],
            "59": [
                2091,
                4256,
                2092
            ],
            "60": [
                2122,
                4376,
                2121
            ],
            "61": [
                2017,
                4226
            ],
            "62": [
                4315,
                2062,
                2061,
                4316
            ],
            "63": [
                2167,
                2166,
                2168
            ],
            "64": [
                4301,
                4300
            ],
            "6": [
                2123
            ],
            "11": [
                1928
            ],
            "7": [
                1974
            ],
            "16": [
                4585
            ],
            "8": [
                4390
            ],
            "22": [
                4540,
                2019
            ],
            "9": [
                1853
            ],
            "28": [
                1898,
                4479
            ],
            "10": [
                4344
            ],
            "38": [
                2048
            ],
            "12": [
                2154
            ],
            "17": [
                2093,
                4511
            ],
            "13": [
                4375
            ],
            "23": [
                2034
            ],
            "14": [
                4362
            ],
            "33": [
                4541,
                2078
            ],
            "15": [
                4240,
                4239
            ],
            "39": [
                4571
            ],
            "18": [
                1957
            ],
            "24": [
                2199,
                4617
            ],
            "19": [
                4464
            ],
            "29": [
                4556,
                4555,
                2184
            ],
            "20": [
                4407
            ],
            "34": [
                2243
            ],
            "21": [
                4180,
                4181
            ],
            "40": [
                2303
            ],
            "25": [
                4135,
                4136,
                4134
            ],
            "30": [
                1987,
                4255
            ],
            "26": [
                4196,
                4197
            ],
            "35": [
                4285
            ],
            "27": [
                2136
            ],
            "41": [
                2286,
                4227
            ],
            "31": [
                4167,
                4166,
                4165
            ],
            "36": [
                4150
            ],
            "32": [
                4046,
                2090
            ],
            "42": [
                4031,
                4032
            ],
            "37": [
                2211,
                4016,
                2212
            ],
            "43": [
                2301,
                2302,
                4182
            ],
            "65": [
                4570,
                1989
            ],
            "66": [
                1913
            ],
            "67": [
                4510
            ],
            "0": [
                4495
            ],
            "69": [
                2063,
                4480
            ],
            "70": [
                4616
            ],
            "71": [
                4601
            ],
            "72": [
                2169
            ],
            "1": [
                4705
            ],
            "74": [
                4690,
                4691
            ],
            "75": [
                4706
            ],
            "76": [
                2139,
                4631
            ],