{
    "config": "N_1000-27196.64169315877s-1_A200",
    "num_vars": 113,
    "num_qubit": 214,
    "time_elapsed": 0.04646110534667969,
    "best_state": {
        "sample": [
            1,
            0,
            0,
            0,
            0,
            1,
            0,
            1,
            0,
            0,
            0,
            0,
            0,
            0,
            0,
            0,
            0,
            0,
            0,
            0,
            0,
            0,
            1,
            0,
            0,
            0,
            0,
            0,
            0,
            0,
            0,
            0,
            0,
            0,
            0,
            0,
            1,
            0,
            0,
            0,
            0,
            0,
            0,
            1,
            0,
            1,
            0,
            1,
            0,
            0,
            1,
            1,
            1,
            1,
            0,
            0,
            1,
            0,
            0,
            1,
            0,
            0,
            0,
            0,
            0,
            0,
            1,
            1,
            1,
            1,
            1,
            1,
            1,
            1,
            1,
            1,
            1,
            0,
            0,
            0,
            0,
            1,
            1,
            1,
            1,
            1,
            1,
            0,
            0,
            0,
            0,
            0,
            0,
            0,
            0,
            0,
            0,
            0,
            0,
            0,
            1,
            0,
            0,
            1,
            1,
            1,
            1,
            1,
            1,
            1,
            0,
            0,
            0
        ],
        "energy": 7512.0,
        "chain_break_fraction": 0.008849557522123894
    },
    "chain_strength_prefactor": 0.25,
    "chain_strength": 27196.64169315877,
    "max_chain_length": 4,
    "timing_info": {
        "qpu_sampling_time": 321280.0,
        "qpu_anneal_time_per_sample": 200.0,
        "qpu_readout_time_per_sample": 100.74,
        "qpu_access_time": 337042.37,
        "qpu_access_overhead_time": 2162.63,
        "qpu_programming_time": 15762.37,
        "qpu_delay_time_per_sample": 20.54,
        "total_post_processing_time": 1.0,
        "post_processing_overhead_time": 1.0
    },
    "embedding_info": {
        "embedding": {
            "44": [
                5154,
                5155,
                1797
            ],
            "45": [
                5124,
                1751,
                1752
            ],
            "50": [
                1662,
                5198,
                5199
            ],
            "46": [
                1722,
                1721,
                5363
            ],
            "51": [
                5094,
                1857,
                1858,
                5093
            ],
            "47": [
                1872,
                5305,
                5229
            ],
            "52": [
                1933,
                5394,
                1932
            ],
            "48": [
                5169,
                1812,
                5079
            ],
            "53": [
                5184,
                5183
            ],
            "49": [
                5214,
                5213
            ],
            "54": [
                1947,
                5290
            ],
            "55": [
                1782,
                1781,
                5289
            ],
            "56": [
                1678,
                1677,
                5348,
                5349
            ],
            "57": [
                5139,
                5140,
                1706
            ],
            "58": [
                5245,
                5244,
                1827,
                1828
            ],
            "59": [
                5364,
                1783
            ],
            "60": [
                1813,
                1767,
                5274,
                1814
            ],
            "61": [
                5335,
                1887,
                5259
            ],
            "62": [
                1842,
                5320,
                1843
            ],
            "63": [
                1917,
                5260
            ],
            "64": [
                1902,
                5275,
                1901
            ],
            "6": [
                1692,
                5304
            ],
            "11": [
                4959,
                1796
            ],
            "7": [
                5123
            ],
            "16": [
                4974
            ],
            "8": [
                5064
            ],
            "22": [
                5017,
                5018
            ],
            "9": [
                5080
            ],
            "33": [
                1691,
                5168
            ],
            "10": [
                5215
            ],
            "39": [
                1737
            ],
            "12": [
                5197
            ],
            "17": [
                5228,
                1617
            ],
            "13": [
                1586
            ],
            "23": [
                1557,
                1556
            ],
            "14": [
                1934
            ],
            "28": [
                5393,
                5392,
                1588
            ],
            "15": [
                5185
            ],
            "34": [
                5167,
                1467,
                5182
            ],
            "18": [
                1663,
                5273
            ],
            "24": [
                5288,
                1498,
                1499
            ],
            "19": [
                5528,
                1679
            ],
            "29": [
                5378,
                1603
            ],
            "20": [
                5141,
                2066
            ],
            "35": [
                5138,
                1632,
                1482
            ],
            "21": [
                2082,
                5246
            ],
            "40": [
                5334
            ],
            "25": [
                1784
            ],
            "30": [
                1693,
                5484
            ],
            "26": [
                5574,
                5575
            ],
            "36": [
                5453,
                1664,
                5454
            ],
            "27": [
                1963,
                5380,
                2113
            ],
            "41": [
                1888
            ],
            "31": [
                1979,
                5530,
                1978
            ],
            "37": [
                1844
            ],
            "32": [
                2008,
                2009,
                5590
            ],
            "42": [
                1918,
                5500
            ],
            "38": [
                1994,
                1993,
                5440
            ],
            "43": [
                1903,
                5455
            ],
            "65": [
                1661
            ],
            "66": [
                5033
            ],
            "67": [
                1736
            ],
            "0": [
                1707
            ],
            "69": [
                5258
            ],
            "70": [
                1542
            ],
            "71": [
                5347
            ],
            "72": [
                1468
            ],
            "1": [
                5108
            ],