{
    "config": "F_1000-22862.608223500003s-1_A200",
    "num_vars": 32,
    "num_qubit": 53,
    "time_elapsed": 0.015068292617797852,
    "best_state": {
        "sample": [
            1,
            1,
            0,
            0,
            0,
            0,
            0,
            1,
            0,
            0,
            1,
            0,
            0,
            0,
            0,
            0,
            0,
            0,
            0,
            0,
            1,
            0,
            0,
            0,
            1,
            1,
            0,
            1,
            1,
            1,
            1,
            0
        ],
        "energy": 901.0,
        "chain_break_fraction": 0.0
    },
    "chain_strength": 22862.608223500003,
    "max_chain_length": 3,
    "timing_info": {
        "qpu_sampling_time": 278180.0,
        "qpu_anneal_time_per_sample": 200.0,
        "qpu_readout_time_per_sample": 57.64,
        "qpu_access_time": 294109.57,
        "qpu_access_overhead_time": 1414.43,
        "qpu_programming_time": 15929.57,
        "qpu_delay_time_per_sample": 20.54,
        "total_post_processing_time": 118.0,
        "post_processing_overhead_time": 118.0
    },
    "embedding_info": {
        "embedding": {
            "17": [
                1835,
                1836
            ],
            "18": [
                4045,
                4044
            ],
            "22": [
                4089,
                1821
            ],
            "19": [
                4030,
                2001
            ],
            "23": [
                1851,
                4075
            ],
            "20": [
                3954,
                1940
            ],
            "24": [
                3984,
                1880
            ],
            "21": [
                3969,
                1865
            ],
            "25": [
                4014
            ],
            "26": [
                1895,
                4104
            ],
            "27": [
                1791,
                1790
            ],
            "28": [
                4059,
                1776,
                1715
            ],
            "29": [
                3939,
                1910
            ],
            "30": [
                3999,
                4000
            ],
            "31": [
                1775
            ],
            "3": [
                1955
            ],
            "9": [
                2000,
                3955
            ],
            "4": [
                1850,
                3850
            ],
            "12": [
                3880
            ],
            "5": [
                4090
            ],
            "7": [
                1806
            ],
            "6": [
                1879
            ],
            "13": [
                3819,
                1805
            ],
            "8": [
                3985
            ],
            "10": [
                2045,
                4015
            ],
            "11": [
                1925,
                3895
            ],
            "15": [
                1970
            ],
            "14": [
                3909,
                3910
            ],
            "16": [
                1894,
                3924
            ],
            "0": [
                1985
            ],
            "1": [
                3970
            ],
            "2": [
                1864
            ]
        },
        "chain_break_method": "majority_vote",
        "embedding_parameters": {},
        "chain_strength": 22862.608223500003
    }
}