{
    "config": "L_1000-2775.7438061570733s-1_A200",
    "num_vars": 93,
    "num_qubit": 201,
    "time_elapsed": 0.03745698928833008,
    "best_state": {
        "sample": [
            0,
            0,
            1,
            0,
            1,
            0,
            0,
            1,
            0,
            0,
            1,
            0,
            0,
            0,
            0,
            0,
            1,
            0,
            0,
            1,
            0,
            0,
            0,
            0,
            1,
            0,
            0,
            1,
            0,
            0,
            1,
            0,
            0,
            0,
            0,
            0,
            0,
            0,
            0,
            0,
            0,
            0,
            1,
            0,
            1,
            0,
            0,
            0,
            0,
            0,
            0,
            0,
            0,
            0,
            0,
            0,
            0,
            1,
            0,
            0,
            0,
            0,
            0,
            0,
            0,
            0,
            0,
            0,
            0,
            1,
            0,
            0,
            0,
            1,
            0,
            1,
            0,
            0,
            0,
            0,
            0,
            0,
            0,
            0,
            0,
            1,
            0,
            0,
            0,
            0,
            0,
            0,
            0
        ],
        "energy": 4530.0,
        "chain_break_fraction": 0.010752688172043012
    },
    "chain_strength_prefactor": 0.3,
    "chain_strength": 2775.7438061570733,
    "max_chain_length": 4,
    "timing_info": {
        "qpu_sampling_time": 279060.0,
        "qpu_anneal_time_per_sample": 200.0,
        "qpu_readout_time_per_sample": 58.52,
        "qpu_access_time": 294985.97,
        "qpu_access_overhead_time": 1519.03,
        "qpu_programming_time": 15925.97,
        "qpu_delay_time_per_sample": 20.54,
        "total_post_processing_time": 22.0,
        "post_processing_overhead_time": 22.0
    },
    "embedding_info": {
        "embedding": {
            "3": [
                468,
                467,
                3632,
                3633
            ],
            "0": [
                723,
                724,
                3618
            ],
            "6": [
                708,
                707,
                3603,
                3333
            ],
            "9": [
                3677,
                394,
                3678
            ],
            "12": [
                3647,
                3646,
                3648,
                303
            ],
            "16": [
                545,
                3917,
                649,
                648
            ],
            "20": [
                634,
                633,
                3902
            ],
            "24": [
                678,
                677,
                3453,
                3663
            ],
            "1": [
                782,
                3468,
                781
            ],
            "2": [
                3543
            ],
            "4": [
                3406,
                422,
                482
            ],
            "5": [
                3391
            ],
            "7": [
                3348,
                646
            ],
            "8": [
                587
            ],
            "10": [
                3811,
                410,
                409
            ],
            "11": [
                3766
            ],
            "13": [
                3616,
                423,
                288
            ],
            "14": [
                438,
                3571
            ],
            "15": [
                3570
            ],
            "17": [
                3797,
                619
            ],
            "18": [
                3767,
                679
            ],
            "19": [
                3858,
                3857
            ],
            "21": [
                3842,
                439,
                560
            ],
            "22": [
                485,
                3977,
                590
            ],
            "23": [
                3843
            ],
            "25": [
                617,
                3557,
                618
            ],
            "26": [
                3483
            ],
            "27": [
                3498
            ],
            "43": [
                3408,
                752
            ],
            "83": [
                797,
                3484
            ],
            "44": [
                692,
                693
            ],
            "84": [
                3558
            ],
            "45": [
                3332
            ],
            "50": [
                393,
                392,
                3497
            ],
            "85": [
                512,
                3452
            ],
            "46": [
                497,
                3347
            ],
            "51": [
                407,
                408,
                3376
            ],
            "86": [
                3437,
                452,
                3482
            ],
            "28": [
                3363,
                722
            ],
            "34": [
                466,
                3302,
                3303
            ],
            "87": [
                737,
                3438
            ],
            "29": [
                3378,
                3377
            ],
            "35": [
                542,
                3407
            ],
            "88": [
                662,
                3392
            ],
            "37": [
                348,
                349,
                3601,
                3556
            ],
            "61": [
                304,
                3856
            ],
            "69": [
                3826,
                3827,
                424
            ],
            "79": [
                380,
                3841,
                3901
            ],
            "38": [
                378,
                3541,
                379
            ],
            "62": [
                319,
                3706,
                3765
            ],
            "70": [
                3751,
                454,
                3750
            ],
            "80": [
                365,
                364,
                3916
            ],
            "52": [
                273,
                3691,
                3676
            ],
            "71": [
                3692,
                544
            ],
            "89": [
                3662,
                3661,
                483
            ],
            "53": [
                3721,
                334
            ],
            "72": [
                499,
                498
            ],
            "90": [
                453,
                3602
            ],
            "55": [
                3782,
                3781
            ],
            "63": [
                3707,
                559
            ],
            "81": [
                604,
                605,
                3752
            ],
            "91": [
                3708,
                574
            ],
            "56": [
                514,
                3812
            ],
            "64": [
                3737,
                3736
            ],
            "82": [
                529,
                530,
                4007
            ],
            "92": [
                3722
            ],
            "58": [
                3931,
                395
            ],
            "73": [
                3932
            ],