{
    "config": "N_1000-11300.101409279478s-1_A200",
    "num_vars": 64,
    "num_qubit": 114,
    "time_elapsed": 0.1097409725189209,
    "best_state": {
        "sample": [
            1,
            1,
            0,
            1,
            0,
            0,
            0,
            0,
            0,
            0,
            0,
            0,
            0,
            0,
            1,
            0,
            0,
            0,
            0,
            0,
            0,
            0,
            0,
            0,
            1,
            1,
            0,
            0,
            1,
            0,
            0,
            0,
            0,
            1,
            0,
            0,
            0,
            1,
            0,
            1,
            1,
            1,
            1,
            0,
            0,
            0,
            1,
            1,
            1,
            0,
            0,
            0,
            1,
            1,
            1,
            1,
            1,
            1,
            0,
            0,
            0,
            0,
            0,
            0
        ],
        "energy": 1839.0,
        "chain_break_fraction": 0.0
    },
    "chain_strength_prefactor": 0.4,
    "chain_strength": 11300.101409279478,
    "max_chain_length": 3,
    "timing_info": {
        "qpu_sampling_time": 274960.0,
        "qpu_anneal_time_per_sample": 200.0,
        "qpu_readout_time_per_sample": 54.42,
        "qpu_access_time": 290888.37,
        "qpu_access_overhead_time": 1810.63,
        "qpu_programming_time": 15928.37,
        "qpu_delay_time_per_sample": 20.54,
        "total_post_processing_time": 12.0,
        "post_processing_overhead_time": 12.0
    },
    "embedding_info": {
        "embedding": {
            "24": [
                1100,
                3860,
                1101
            ],
            "25": [
                994,
                3754,
                995
            ],
            "30": [
                3815,
                3814,
                1009
            ],
            "26": [
                875,
                3904,
                3905
            ],
            "31": [
                935
            ],
            "27": [
                1024,
                1025,
                3785
            ],
            "32": [
                1085,
                1086,
                3845
            ],
            "28": [
                3784,
                964
            ],
            "33": [
                3875
            ],
            "29": [
                3919,
                3920,
                1055
            ],
            "34": [
                950,
                951
            ],
            "35": [
                3949,
                905,
                3948
            ],
            "36": [
                1115,
                3980,
                3979
            ],
            "37": [
                890,
                889,
                3874
            ],
            "38": [
                4010,
                4009,
                1010
            ],
            "39": [
                3964,
                3965,
                980
            ],
            "40": [
                979,
                3829
            ],
            "41": [
                3933,
                3934,
                920
            ],
            "42": [
                1039,
                1040,
                3769
            ],
            "43": [
                965,
                4099,
                4025
            ],
            "44": [
                3890,
                3889,
                1070
            ],
            "2": [
                4130
            ],
            "5": [
                4160
            ],
            "3": [
                3753
            ],
            "7": [
                996
            ],
            "4": [
                3739
            ],
            "14": [
                1026
            ],
            "6": [
                3844
            ],
            "15": [
                4055
            ],
            "8": [
                906
            ],
            "11": [
                740,
                739
            ],
            "9": [
                845
            ],
            "18": [
                829,
                3918
            ],
            "10": [
                4008
            ],
            "20": [
                815
            ],
            "12": [
                3963
            ],
            "16": [
                4084,
                891
            ],
            "13": [
                710,
                4038
            ],
            "21": [
                830
            ],
            "17": [
                4054,
                876
            ],
            "22": [
                4098
            ],
            "19": [
                755,
                756
            ],
            "23": [
                860
            ],
            "45": [
                4145
            ],
            "0": [
                4115
            ],
            "47": [
                1071
            ],
            "49": [
                3768
            ],
            "50": [
                814
            ],
            "52": [
                4069
            ],
            "53": [
                4039,
                785
            ],
            "1": [
                3724
            ],
            "55": [
                874
            ],
            "56": [
                3859,
                770
            ],
            "57": [
                800,
                799
            ],
            "58": [
                4128,
                846,
                801
            ],
            "61": [
                3903
            ],
            "62": [
                726,
                4053
            ],
            "63": [
                4144,
                4143
            ],
            "64": [
                921,
                4024
            ],
            "54": [
                3978
            ],
            "59": [
                1041
            ],
            "60": [
                4129
            ],
            "65": [
                4083
            ],
            "66": [
                4159,
                861
            ]
        },
        "chain_break_method": "majority_vote",
        "embedding_parameters": {},
        "chain_strength": 11300.101409279478
    }
}