{
    "config": "N_1000-7062.563380799673s-1_A200",
    "num_vars": 64,
    "num_qubit": 112,
    "time_elapsed": 0.04500269889831543,
    "best_state": {
        "sample": [
            1,
            1,
            0,
            1,
            0,
            0,
            0,
            0,
            0,
            0,
            0,
            1,
            0,
            0,
            0,
            0,
            0,
            0,
            0,
            0,
            0,
            0,
            0,
            0,
            0,
            1,
            0,
            0,
            0,
            0,
            1,
            0,
            1,
            1,
            1,
            0,
            0,
            0,
            0,
            1,
            1,
            1,
            0,
            0,
            0,
            0,
            1,
            1,
            1,
            1,
            1,
            1,
            1,
            1,
            1,
            0,
            0,
            0,
            0,
            0,
            0,
            0,
            0,
            0
        ],
        "energy": 1839.0,
        "chain_break_fraction": 0.015625
    },
    "chain_strength_prefactor": 0.25,
    "chain_strength": 7062.563380799673,
    "max_chain_length": 3,
    "timing_info": {
        "qpu_sampling_time": 294140.0,
        "qpu_anneal_time_per_sample": 200.0,
        "qpu_readout_time_per_sample": 73.6,
        "qpu_access_time": 310063.97,
        "qpu_access_overhead_time": 1643.03,
        "qpu_programming_time": 15923.97,
        "qpu_delay_time_per_sample": 20.54,
        "total_post_processing_time": 1.0,
        "post_processing_overhead_time": 1.0
    },
    "embedding_info": {
        "embedding": {
            "24": [
                508,
                5327
            ],
            "25": [
                5387,
                628,
                5386
            ],
            "30": [
                538
            ],
            "26": [
                598,
                5328,
                599
            ],
            "31": [
                5313,
                5312,
                657
            ],
            "27": [
                5402,
                478
            ],
            "32": [
                493,
                5417
            ],
            "28": [
                5477,
                5478
            ],
            "33": [
                523,
                524
            ],
            "29": [
                5462,
                5463
            ],
            "34": [
                553,
                554,
                5342
            ],
            "35": [
                688,
                5372
            ],
            "36": [
                5447,
                5448
            ],
            "37": [
                539,
                5522,
                643
            ],
            "38": [
                673,
                674,
                5357
            ],
            "39": [
                612,
                5283,
                613
            ],
            "40": [
                5433,
                5432,
                718
            ],
            "41": [
                5537,
                658
            ],
            "42": [
                5507,
                463,
                5508
            ],
            "43": [
                568,
                5282,
                569
            ],
            "44": [
                584,
                5552
            ],
            "2": [
                507
            ],
            "5": [
                403
            ],
            "3": [
                5388
            ],
            "7": [
                418
            ],
            "4": [
                5329
            ],
            "11": [
                5267
            ],
            "6": [
                5314
            ],
            "12": [
                462
            ],
            "8": [
                5358,
                703
            ],
            "15": [
                5449,
                868
            ],
            "9": [
                5418
            ],
            "18": [
                5567,
                5568
            ],
            "10": [
                689
            ],
            "22": [
                5613,
                5614
            ],
            "13": [
                5343,
                748
            ],
            "16": [
                867,
                5284
            ],
            "14": [
                5403
            ],
            "19": [
                5538,
                779
            ],
            "17": [
                5509
            ],
            "20": [
                5523,
                734
            ],
            "21": [
                5583,
                659
            ],
            "23": [
                809,
                5553
            ],
            "45": [
                5266
            ],
            "0": [
                5191
            ],
            "47": [
                5206
            ],
            "49": [
                839,
                838
            ],
            "50": [
                824
            ],
            "1": [
                792
            ],
            "52": [
                807
            ],
            "53": [
                928,
                5299
            ],
            "54": [
                778
            ],
            "55": [
                793,
                5373
            ],
            "58": [
                854,
                853
            ],
            "59": [
                5599,
                869
            ],
            "61": [
                5494,
                808
            ],
            "62": [
                764
            ],
            "63": [
                5598
            ],
            "66": [
                5628
            ],
            "56": [
                5252,
                5253
            ],
            "57": [
                733
            ],
            "60": [
                914,
                913
            ],
            "64": [
                704
            ],
            "65": [
                719
            ]
        },
        "chain_break_method": "majority_vote",
        "embedding_parameters": {},
        "chain_strength": 7062.563380799673
    }
}