{
    "config": "N_1000-23528.104880801104s-1_A200",
    "num_vars": 86,
    "num_qubit": 162,
    "time_elapsed": 0.027788639068603516,
    "best_state": {
        "sample": [
            1,
            1,
            0,
            0,
            0,
            0,
            0,
            0,
            0,
            0,
            0,
            0,
            0,
            0,
            0,
            0,
            0,
            0,
            0,
            0,
            0,
            0,
            0,
            1,
            0,
            0,
            1,
            0,
            1,
            0,
            0,
            0,
            1,
            1,
            1,
            1,
            1,
            1,
            0,
            0,
            1,
            0,
            0,
            1,
            1,
            0,
            0,
            1,
            0,
            0,
            0,
            0,
            1,
            1,
            0,
            0,
            1,
            0,
            0,
            0,
            0,
            0,
            0,
            0,
            0,
            0,
            0,
            0,
            0,
            0,
            0,
            1,
            1,
            1,
            1,
            1,
            1,
            1,
            1,
            0,
            0,
            0,
            1,
            1,
            1,
            1
        ],
        "energy": 3437.0,
        "chain_break_fraction": 0.0
    },
    "chain_strength_prefactor": 0.35,
    "chain_strength": 23528.104880801104,
    "max_chain_length": 4,
    "timing_info": {
        "qpu_sampling_time": 293060.0,
        "qpu_anneal_time_per_sample": 200.0,
        "qpu_readout_time_per_sample": 72.52,
        "qpu_access_time": 308988.77,
        "qpu_access_overhead_time": 1145.23,
        "qpu_programming_time": 15928.77,
        "qpu_delay_time_per_sample": 20.54,
        "total_post_processing_time": 13.0,
        "post_processing_overhead_time": 13.0
    },
    "embedding_info": {
        "embedding": {
            "32": [
                2122,
                2121,
                4406
            ],
            "33": [
                2091,
                2092
            ],
            "38": [
                4226,
                2017
            ],
            "34": [
                4165,
                2241,
                4166
            ],
            "39": [
                2106
            ],
            "35": [
                4286,
                4285
            ],
            "40": [
                4256,
                4255,
                2107
            ],
            "36": [
                4121,
                4120,
                2256
            ],
            "41": [
                2136,
                4076,
                2137
            ],
            "37": [
                2076,
                4135
            ],
            "42": [
                4195,
                4196,
                1911
            ],
            "43": [
                4210,
                4211,
                1971
            ],
            "44": [
                4300,
                4240,
                1972
            ],
            "45": [
                2061,
                4241
            ],
            "46": [
                4269,
                4270,
                1866
            ],
            "47": [
                1956,
                1957,
                4105
            ],
            "48": [
                2060,
                4090,
                2001
            ],
            "49": [
                4149,
                4151,
                4150
            ],
            "50": [
                2032,
                2031
            ],
            "51": [
                4015,
                1986,
                1987
            ],
            "52": [
                2045,
                2046,
                2044,
                4061
            ],
            "2": [
                2033
            ],
            "4": [
                4405
            ],
            "3": [
                2286
            ],
            "22": [
                1881,
                4119,
                1882
            ],
            "5": [
                4225,
                1837
            ],
            "9": [
                2018
            ],
            "6": [
                4254
            ],
            "17": [
                4315,
                2077
            ],
            "7": [
                4091
            ],
            "23": [
                4375,
                4374,
                4376
            ],
            "8": [
                4194
            ],
            "27": [
                1912
            ],
            "10": [
                4209,
                1822
            ],
            "13": [
                1896,
                1895
            ],
            "11": [
                4239
            ],
            "18": [
                4345,
                2002
            ],
            "12": [
                4179
            ],
            "28": [
                4299,
                1807
            ],
            "14": [
                4104
            ],
            "19": [
                4329,
                4330,
                4331
            ],
            "15": [
                3955,
                3954,
                2090
            ],
            "24": [
                4059,
                4060
            ],
            "16": [
                1730,
                1731
            ],
            "29": [
                4164
            ],
            "20": [
                4031
            ],
            "25": [
                4000,
                1925
            ],
            "21": [
                1955,
                3925
            ],
            "30": [
                4030
            ],
            "26": [
                3820,
                2030
            ],
            "31": [
                3910
            ],
            "0": [
                4390
            ],
            "53": [
                1867
            ],
            "55": [
                4391
            ],
            "56": [
                2062
            ],
            "57": [
                4360
            ],
            "59": [
                4284,
                1942
            ],
            "60": [
                1927
            ],
            "62": [
                1761,
                1762
            ],
            "63": [
                1746
            ],
            "64": [
                4074,
                1821
            ],
            "67": [
                1777,
                1776
            ],
            "68": [
                4134,
                1926,
                1941
            ],
            "69": [
                1940
            ],
            "70": [
                4045
            ],
            "1": [
                2301
            ],
            "74": [
                4106
            ],
            "75": [
                3971,
                2225
            ],
            "76": [
                3986,
                2150
            ],
            "77": [
                2120
            ],
            "78": [
                3881,
                2015
            ],
            "82": [
                1715,
                1716
            ],
            "83": [
                3985,
                3984
            ],
            "84": [
                1985
            ],
            "85": [
                2000
            ],
            "65": [
                3939,
                1865
            ],
            "66": [
                3999,
                1790
            ],
            "71": [
                4346
            ],