{
    "config": "N_1000-26889.26272091555s-1_A200",
    "num_vars": 86,
    "num_qubit": 159,
    "time_elapsed": 0.11095046997070312,
    "best_state": {
        "sample": [
            1,
            1,
            0,
            0,
            0,
            0,
            0,
            0,
            0,
            0,
            0,
            0,
            0,
            0,
            0,
            0,
            0,
            0,
            0,
            1,
            0,
            1,
            0,
            0,
            1,
            0,
            0,
            0,
            0,
            0,
            0,
            0,
            1,
            1,
            0,
            0,
            1,
            1,
            1,
            0,
            0,
            1,
            1,
            0,
            0,
            0,
            1,
            1,
            1,
            1,
            1,
            1,
            1,
            1,
            0,
            0,
            1,
            0,
            1,
            0,
            0,
            0,
            0,
            0,
            0,
            0,
            1,
            1,
            1,
            1,
            1,
            1,
            1,
            1,
            0,
            0,
            1,
            1,
            1,
            1,
            1,
            0,
            0,
            0,
            0,
            0
        ],
        "energy": 3436.0,
        "chain_break_fraction": 0.0
    },
    "chain_strength_prefactor": 0.4,
    "chain_strength": 26889.26272091555,
    "max_chain_length": 3,
    "timing_info": {
        "qpu_sampling_time": 304720.0,
        "qpu_anneal_time_per_sample": 200.0,
        "qpu_readout_time_per_sample": 84.18,
        "qpu_access_time": 320479.57,
        "qpu_access_overhead_time": 1616.43,
        "qpu_programming_time": 15759.57,
        "qpu_delay_time_per_sample": 20.54,
        "total_post_processing_time": 23.0,
        "post_processing_overhead_time": 23.0
    },
    "embedding_info": {
        "embedding": {
            "32": [
                1563,
                1564,
                3547
            ],
            "33": [
                3788,
                3787
            ],
            "38": [
                3742,
                1429
            ],
            "34": [
                1640,
                1639,
                3848
            ],
            "39": [
                3668,
                1518,
                3652
            ],
            "35": [
                1669,
                3803,
                3802
            ],
            "40": [
                1473,
                1474
            ],
            "36": [
                1654,
                1655,
                3653
            ],
            "41": [
                3577,
                1548,
                1578
            ],
            "37": [
                3817,
                3818,
                1684
            ],
            "42": [
                1414,
                3727
            ],
            "43": [
                3637,
                3638,
                1459
            ],
            "44": [
                3683,
                1489
            ],
            "45": [
                1533,
                1534
            ],
            "46": [
                1519,
                3772,
                1520
            ],
            "47": [
                1593,
                3533,
                1594
            ],
            "48": [
                3698,
                3699,
                3697
            ],
            "49": [
                1504,
                1503,
                3863
            ],
            "50": [
                3713,
                1624
            ],
            "51": [
                3757,
                3758
            ],
            "52": [
                3833,
                3834,
                1579
            ],
            "2": [
                1413
            ],
            "4": [
                1532
            ],
            "3": [
                1549
            ],
            "18": [
                3563,
                1668
            ],
            "5": [
                3847
            ],
            "9": [
                1428
            ],
            "6": [
                1788,
                3669
            ],
            "13": [
                1444,
                1443,
                1445
            ],
            "7": [
                1476,
                1475
            ],
            "19": [
                1638,
                3488
            ],
            "8": [
                3578
            ],
            "23": [
                3608
            ],
            "10": [
                3639
            ],
            "14": [
                3877,
                1460
            ],
            "11": [
                3593,
                3592
            ],
            "24": [
                3623,
                3622
            ],
            "12": [
                3937
            ],
            "28": [
                3892,
                3893
            ],
            "15": [
                1595
            ],
            "20": [
                1743,
                3534
            ],
            "16": [
                1775,
                1774
            ],
            "25": [
                1713
            ],
            "17": [
                3953,
                1505,
                3952
            ],
            "29": [
                1790,
                3879,
                3878
            ],
            "21": [
                3714,
                1819
            ],
            "26": [
                3773,
                1609
            ],
            "22": [
                1745,
                1744
            ],
            "30": [
                1699
            ],
            "27": [
                1864
            ],
            "31": [
                1879,
                3819
            ],
            "0": [
                1547
            ],
            "53": [
                3562
            ],
            "55": [
                3532
            ],
            "56": [
                3518,
                3517
            ],
            "57": [
                1623
            ],
            "59": [
                1353,
                1354
            ],
            "60": [
                1368,
                1369
            ],
            "62": [
                1773
            ],
            "63": [
                3624
            ],
            "64": [
                1728,
                1729
            ],
            "65": [
                1730,
                3969
            ],
            "1": [
                3922
            ],
            "69": [
                3907
            ],
            "70": [
                4043,
                1565
            ],
            "71": [
                1610
            ],
            "72": [
                3923,
                1714
            ],
            "73": [
                3849
            ],
            "77": [
                3728,
                1683,
                3729
            ],
            "78": [
                1789
            ],
            "79": [
                3804
            ],
            "80": [
                3789
            ],
            "84": [
                3938,
                1625
            ],
            "85": [
                3908,
                3909
            ],
            "86": [
                3924
            ],
            "66": [
                3967,
                3968
            ],
            "67": [
                3983,
                3984
            ],
            "68": [
                4029,
                1685
            ],