{
    "config": "N_1000-39088.19844121753s-1_A200",
    "num_vars": 99,
    "num_qubit": 193,
    "time_elapsed": 0.03945589065551758,
    "best_state": {
        "sample": [
            0,
            0,
            0,
            0,
            1,
            0,
            0,
            0,
            0,
            0,
            0,
            0,
            0,
            0,
            0,
            0,
            0,
            0,
            1,
            0,
            0,
            0,
            0,
            0,
            0,
            0,
            0,
            1,
            0,
            1,
            0,
            0,
            0,
            0,
            0,
            0,
            0,
            1,
            1,
            1,
            0,
            0,
            1,
            1,
            0,
            0,
            0,
            1,
            0,
            0,
            0,
            1,
            0,
            0,
            1,
            0,
            1,
            1,
            0,
            0,
            0,
            0,
            1,
            0,
            1,
            1,
            1,
            0,
            0,
            0,
            1,
            1,
            1,
            1,
            1,
            0,
            0,
            0,
            0,
            0,
            0,
            0,
            0,
            1,
            1,
            1,
            1,
            1,
            1,
            1,
            1,
            0,
            0,
            0,
            0,
            0,
            0,
            0,
            0
        ],
        "energy": 4076.0,
        "chain_break_fraction": 0.0
    },
    "chain_strength_prefactor": 0.45,
    "chain_strength": 39088.19844121753,
    "max_chain_length": 3,
    "timing_info": {
        "qpu_sampling_time": 329220.0,
        "qpu_anneal_time_per_sample": 200.0,
        "qpu_readout_time_per_sample": 108.68,
        "qpu_access_time": 345147.97,
        "qpu_access_overhead_time": 1909.03,
        "qpu_programming_time": 15927.97,
        "qpu_delay_time_per_sample": 20.54,
        "total_post_processing_time": 9.0,
        "post_processing_overhead_time": 9.0
    },
    "embedding_info": {
        "embedding": {
            "38": [
                787,
                786,
                4308
            ],
            "39": [
                4248,
                4249,
                667
            ],
            "44": [
                4414,
                4413,
                668
            ],
            "40": [
                4234,
                877,
                801
            ],
            "45": [
                816,
                817,
                4219
            ],
            "41": [
                893,
                4429,
                892
            ],
            "46": [
                4399,
                923,
                4398
            ],
            "42": [
                4338,
                652,
                4339
            ],
            "47": [
                832,
                4443
            ],
            "43": [
                758,
                759,
                757
            ],
            "48": [
                4323,
                637,
                4324
            ],
            "49": [
                697,
                4278,
                698
            ],
            "50": [
                863,
                862,
                4549
            ],
            "51": [
                712,
                4263,
                713
            ],
            "52": [
                4548,
                683,
                682
            ],
            "53": [
                802,
                4293,
                803
            ],
            "54": [
                4353,
                4354,
                908
            ],
            "55": [
                772,
                773,
                774
            ],
            "56": [
                848,
                847
            ],
            "57": [
                4369,
                953,
                4368
            ],
            "58": [
                4384,
                4383,
                4385
            ],
            "12": [
                4188
            ],
            "7": [
                651
            ],
            "13": [
                666
            ],
            "8": [
                4235
            ],
            "18": [
                621,
                4233
            ],
            "9": [
                4490,
                4489
            ],
            "23": [
                578,
                4428,
                579
            ],
            "10": [
                4340
            ],
            "28": [
                622,
                4457,
                623
            ],
            "11": [
                4683
            ],
            "33": [
                4488,
                4487
            ],
            "14": [
                4519,
                4518
            ],
            "19": [
                4277,
                577
            ],
            "15": [
                4550
            ],
            "24": [
                4472,
                638,
                4473
            ],
            "16": [
                4264,
                1027
            ],
            "29": [
                4563
            ],
            "17": [
                744
            ],
            "34": [
                4503,
                743
            ],
            "20": [
                4295,
                4294
            ],
            "25": [
                4594,
                924
            ],
            "21": [
                967
            ],
            "30": [
                4699,
                909
            ],
            "22": [
                4654,
                4653
            ],
            "35": [
                4638
            ],
            "26": [
                4565,
                4564,
                1104
            ],
            "31": [
                4458,
                4459
            ],
            "27": [
                954,
                4610
            ],
            "36": [
                968,
                4474
            ],
            "32": [
                4355,
                1072
            ],
            "37": [
                4415,
                4416,
                997
            ],
            "0": [
                4173
            ],
            "59": [
                681
            ],
            "60": [
                4218
            ],
            "61": [
                607,
                606
            ],
            "62": [
                4367
            ],
            "63": [
                548
            ],
            "1": [
                636
            ],
            "65": [
                4262
            ],
            "66": [
                533,
                532
            ],
            "67": [
                608,
                4532
            ],
            "68": [
                653,
                4593
            ],
            "2": [
                952
            ],
            "70": [
                938,
                937,
                4504
            ],
            "71": [
                833,
                834
            ],
            "72": [
                4684
            ],
            "73": [
                864
            ],
            "74": [
                4714,
                849
            ],
            "3": [
                4475
            ],
            "78": [
                1163
            ],
            "79": [
                1148,
                1147
            ],
            "80": [
                4460,
                1177
            ],