{
    "config": "N_1000-34745.06528108225s-1_A200",
    "num_vars": 99,
    "num_qubit": 176,
    "time_elapsed": 0.02604842185974121,
    "best_state": {
        "sample": [
            1,
            1,
            0,
            0,
            0,
            0,
            0,
            0,
            0,
            0,
            0,
            0,
            0,
            0,
            0,
            0,
            0,
            0,
            0,
            0,
            0,
            0,
            0,
            0,
            0,
            0,
            0,
            0,
            0,
            0,
            0,
            0,
            0,
            0,
            0,
            0,
            0,
            1,
            1,
            1,
            1,
            1,
            1,
            1,
            1,
            0,
            1,
            1,
            0,
            0,
            1,
            1,
            0,
            1,
            1,
            1,
            1,
            0,
            1,
            1,
            1,
            1,
            1,
            1,
            1,
            1,
            1,
            0,
            0,
            0,
            0,
            0,
            0,
            0,
            0,
            0,
            0,
            0,
            0,
            0,
            0,
            0,
            0,
            0,
            0,
            0,
            0,
            0,
            0,
            0,
            0,
            0,
            0,
            0,
            0,
            0,
            0,
            0,
            0
        ],
        "energy": 4065.0,
        "chain_break_fraction": 0.0
    },
    "chain_strength_prefactor": 0.4,
    "chain_strength": 34745.06528108225,
    "max_chain_length": 4,
    "timing_info": {
        "qpu_sampling_time": 299340.0,
        "qpu_anneal_time_per_sample": 200.0,
        "qpu_readout_time_per_sample": 78.8,
        "qpu_access_time": 315265.57,
        "qpu_access_overhead_time": 1686.43,
        "qpu_programming_time": 15925.57,
        "qpu_delay_time_per_sample": 20.54,
        "total_post_processing_time": 1.0,
        "post_processing_overhead_time": 1.0
    },
    "embedding_info": {
        "embedding": {
            "38": [
                5131,
                222,
                223
            ],
            "39": [
                373,
                372
            ],
            "44": [
                5190,
                5191
            ],
            "40": [
                5282,
                5281,
                432
            ],
            "45": [
                5236,
                312
            ],
            "41": [
                5341,
                5340,
                462
            ],
            "46": [
                5355,
                297
            ],
            "42": [
                251,
                252,
                5101
            ],
            "47": [
                5205,
                162
            ],
            "43": [
                5251,
                5252,
                5250
            ],
            "48": [
                328,
                327
            ],
            "49": [
                5356,
                447
            ],
            "50": [
                358,
                357,
                5311
            ],
            "51": [
                177,
                5220,
                5221
            ],
            "52": [
                5416,
                5417,
                388,
                387
            ],
            "53": [
                5296,
                5297
            ],
            "54": [
                5266,
                5265,
                418
            ],
            "55": [
                343,
                342,
                5476
            ],
            "56": [
                268,
                267,
                269
            ],
            "57": [
                5370,
                298,
                238
            ],
            "58": [
                5326,
                313,
                282
            ],
            "12": [
                281
            ],
            "7": [
                371
            ],
            "13": [
                5071
            ],
            "8": [
                5283
            ],
            "18": [
                5162,
                537,
                5161
            ],
            "9": [
                163
            ],
            "23": [
                5222,
                492
            ],
            "10": [
                5100
            ],
            "28": [
                5102
            ],
            "11": [
                598,
                599
            ],
            "33": [
                553,
                5312
            ],
            "14": [
                5357
            ],
            "19": [
                446
            ],
            "15": [
                5310
            ],
            "24": [
                5176,
                476
            ],
            "16": [
                192
            ],
            "29": [
                417,
                5206
            ],
            "17": [
                628
            ],
            "34": [
                508
            ],
            "20": [
                5295,
                132
            ],
            "25": [
                568,
                5402,
                5267
            ],
            "21": [
                194,
                193,
                5280
            ],
            "30": [
                5521,
                419
            ],
            "22": [
                389
            ],
            "35": [
                5371,
                448
            ],
            "26": [
                5566,
                5565
            ],
            "31": [
                254,
                5580,
                119
            ],
            "27": [
                5506
            ],
            "36": [
                283,
                5520
            ],
            "32": [
                314
            ],
            "37": [
                224,
                5445,
                5461
            ],
            "0": [
                296
            ],
            "59": [
                5086
            ],
            "60": [
                5087,
                597,
                5072
            ],
            "61": [
                5237
            ],
            "62": [
                567
            ],
            "63": [
                552
            ],
            "1": [
                5011
            ],
            "65": [
                5026
            ],
            "66": [
                431
            ],
            "67": [
                5132
            ],
            "68": [
                507
            ],
            "2": [
                612
            ],
            "70": [
                5342,
                642
            ],
            "71": [
                523
            ],
            "72": [
                538,
                5462
            ],
            "73": [
                433
            ],
            "74": [
                5446
            ],
            "3": [
                178
            ],
            "78": [
                5325
            ],
            "79": [
                102
            ],
            "80": [
                117,
                118
            ],
            "81": [
                179,
                5505
            ],
            "82": [
                5491,
                5490
            ],
            "4": [
                116
            ],
            "86": [
                5115
            ],
            "87": [
                207,
                208
            ],