{
    "config": "F_1000-1714594.3918770496s-1_A200",
    "num_vars": 59,
    "num_qubit": 165,
    "time_elapsed": 0.03999185562133789,
    "best_state": {
        "sample": [
            0,
            0,
            0,
            0,
            1,
            0,
            0,
            1,
            0,
            0,
            0,
            0,
            1,
            0,
            0,
            0,
            0,
            0,
            0,
            0,
            0,
            0,
            0,
            0,
            0,
            1,
            0,
            0,
            0,
            0,
            0,
            1,
            0,
            1,
            0,
            0,
            0,
            0,
            0,
            0,
            0,
            1,
            0,
            0,
            1,
            0,
            1,
            0,
            0,
            0,
            1,
            0,
            0,
            1,
            0,
            1,
            0,
            0,
            1
        ],
        "energy": 596380.0,
        "chain_break_fraction": 0.1016949152542373
    },
    "chain_strength": 1714594.3918770496,
    "max_chain_length": 4,
    "timing_info": {
        "qpu_sampling_time": 293180.0,
        "qpu_anneal_time_per_sample": 200.0,
        "qpu_readout_time_per_sample": 72.64,
        "qpu_access_time": 309108.77,
        "qpu_access_overhead_time": 905.23,
        "qpu_programming_time": 15928.77,
        "qpu_delay_time_per_sample": 20.54,
        "total_post_processing_time": 87.0,
        "post_processing_overhead_time": 87.0
    },
    "embedding_info": {
        "embedding": {
            "38": [
                2375,
                3972,
                2376
            ],
            "39": [
                2450,
                4033
            ],
            "44": [
                3956,
                3957,
                2210,
                3955
            ],
            "40": [
                4003,
                4002
            ],
            "45": [
                2331,
                2330,
                2332
            ],
            "41": [
                3868,
                2434,
                2435
            ],
            "46": [
                3927,
                3925,
                3926,
                2089
            ],
            "42": [
                4048,
                2420
            ],
            "47": [
                2391,
                4137,
                2390
            ],
            "43": [
                2510,
                3973
            ],
            "48": [
                3896,
                3897,
                3898,
                2015
            ],
            "49": [
                4092,
                2316,
                2315
            ],
            "50": [
                3941,
                2195,
                3942
            ],
            "51": [
                4078,
                2405
            ],
            "52": [
                3987,
                3986,
                2345,
                3988
            ],
            "53": [
                3911,
                3912,
                2300,
                2180
            ],
            "54": [
                4018,
                4017,
                2361,
                2270
            ],
            "55": [
                4198,
                4197,
                2466,
                2465
            ],
            "56": [
                2480,
                2481,
                4107
            ],
            "57": [
                3881,
                3882,
                3883
            ],
            "58": [
                2496,
                2495,
                4063
            ],
            "6": [
                4032
            ],
            "12": [
                4034
            ],
            "7": [
                2255,
                4062
            ],
            "13": [
                2075,
                2076
            ],
            "8": [
                4331,
                4332,
                2122
            ],
            "18": [
                4241,
                4242,
                2107
            ],
            "9": [
                2166,
                4046,
                2165
            ],
            "23": [
                2091,
                2090
            ],
            "10": [
                2421,
                4167
            ],
            "28": [
                4286,
                4285,
                4287,
                2436
            ],
            "11": [
                2016,
                2017
            ],
            "33": [
                4061,
                2060,
                2061,
                2059
            ],
            "14": [
                4317,
                2317,
                4316
            ],
            "19": [
                4091,
                2211,
                2212
            ],
            "15": [
                2196,
                4016
            ],
            "24": [
                3971,
                2225,
                2105
            ],
            "16": [
                4152,
                2406
            ],
            "29": [
                2346,
                4077,
                2347
            ],
            "17": [
                2046,
                4180,
                2045,
                3985
            ],
            "34": [
                2240,
                2241,
                4001,
                4000
            ],
            "20": [
                2150,
                4166,
                2151,
                2152
            ],
            "25": [
                2181,
                2182
            ],
            "21": [
                4182,
                4181,
                2362
            ],
            "30": [
                4271,
                2271,
                2272
            ],
            "22": [
                2256,
                4257,
                4256,
                4136
            ],
            "35": [
                2167,
                4196,
                4195
            ],
            "26": [
                4121,
                2226,
                4122
            ],
            "31": [
                4106,
                2286,
                4105
            ],
            "27": [
                2121,
                2120,
                4135
            ],
            "36": [
                2136,
                4076,
                2135
            ],
            "32": [
                4212,
                4213,
                4211
            ],
            "37": [
                4227,
                4228,
                4226
            ],
            "0": [
                4270
            ],
            "1": [
                4047
            ],
            "2": [
                2197,
                4346
            ],
            "3": [
                2106,
                4151
            ],
            "4": [
                2301,
                2302
            ],
            "5": [
                2032,
                2031
            ]
        },
        "chain_break_method": "majority_vote",
        "embedding_parameters": {},
        "chain_strength": 1714594.3918770496
    }
}