{
    "config": "F_1000-115477.09745618932s-1_A200",
    "num_vars": 48,
    "num_qubit": 115,
    "time_elapsed": 0.0249326229095459,
    "best_state": {
        "sample": [
            0,
            0,
            0,
            0,
            1,
            1,
            0,
            0,
            0,
            0,
            0,
            0,
            1,
            0,
            0,
            1,
            0,
            0,
            0,
            0,
            1,
            0,
            0,
            0,
            0,
            0,
            0,
            1,
            1,
            1,
            1,
            0,
            1,
            0,
            0,
            0,
            0,
            0,
            0,
            1,
            0,
            1,
            1,
            0,
            1,
            0,
            1,
            1
        ],
        "energy": 22597.0,
        "chain_break_fraction": 0.041666666666666664
    },
    "chain_strength": 115477.09745618932,
    "max_chain_length": 4,
    "timing_info": {
        "qpu_sampling_time": 287780.0,
        "qpu_anneal_time_per_sample": 200.0,
        "qpu_readout_time_per_sample": 67.24,
        "qpu_access_time": 303709.97,
        "qpu_access_overhead_time": 1656.03,
        "qpu_programming_time": 15929.97,
        "qpu_delay_time_per_sample": 20.54,
        "total_post_processing_time": 1.0,
        "post_processing_overhead_time": 1.0
    },
    "embedding_info": {
        "embedding": {
            "27": [
                5368,
                2653
            ],
            "28": [
                5459,
                5458,
                2773
            ],
            "33": [
                5489,
                2698
            ],
            "29": [
                5533,
                2669,
                2668
            ],
            "34": [
                5383,
                2503,
                5384
            ],
            "30": [
                2608,
                2607,
                2609
            ],
            "35": [
                5353,
                5352,
                5354
            ],
            "31": [
                2579,
                2578,
                5593
            ],
            "36": [
                2593,
                2592,
                2594
            ],
            "32": [
                5398,
                2518
            ],
            "37": [
                5413,
                2488,
                5414
            ],
            "38": [
                2623
            ],
            "39": [
                5504,
                2729,
                2728
            ],
            "40": [
                5428,
                5429
            ],
            "41": [
                2638
            ],
            "42": [
                5324,
                5323,
                2622,
                5322
            ],
            "43": [
                2534,
                2533,
                5548
            ],
            "44": [
                2473,
                5443,
                5444
            ],
            "45": [
                2563,
                5578,
                2564
            ],
            "46": [
                5339,
                2637,
                5338
            ],
            "47": [
                5474,
                5473,
                2683
            ],
            "5": [
                5549
            ],
            "10": [
                2549
            ],
            "6": [
                2489
            ],
            "19": [
                5503,
                2519
            ],
            "7": [
                5382,
                2458,
                5381
            ],
            "11": [
                5488,
                5487
            ],
            "8": [
                2353,
                2354
            ],
            "15": [
                2369,
                2368
            ],
            "9": [
                5412
            ],
            "23": [
                5367,
                2338
            ],
            "12": [
                2293,
                5457,
                2294
            ],
            "16": [
                2204,
                5502,
                2203
            ],
            "13": [
                2399,
                5547,
                5546
            ],
            "20": [
                5518,
                5517,
                2219
            ],
            "14": [
                2263,
                5396,
                5397
            ],
            "24": [
                5442,
                2308,
                5441
            ],
            "17": [
                2309,
                5607,
                5608,
                2429
            ],
            "21": [
                5577,
                5576
            ],
            "18": [
                2384,
                2383,
                5562
            ],
            "25": [
                2323,
                2324,
                5337
            ],
            "22": [
                2428,
                5532,
                5427
            ],
            "26": [
                2414,
                2413,
                5653
            ],
            "0": [
                5472
            ],
            "1": [
                2714
            ],
            "2": [
                2278
            ],
            "3": [
                2339,
                5592
            ],
            "4": [
                2474
            ]
        },
        "chain_break_method": "majority_vote",
        "embedding_parameters": {},
        "chain_strength": 115477.09745618932
    }
}