{
    "config": "N_1000-513.0125295840288s-1_A200",
    "num_vars": 98,
    "num_qubit": 185,
    "time_elapsed": 0.029824495315551758,
    "best_state": {
        "sample": [
            0,
            0,
            0,
            0,
            0,
            0,
            0,
            0,
            0,
            0,
            0,
            0,
            0,
            0,
            0,
            0,
            0,
            0,
            0,
            0,
            0,
            0,
            0,
            0,
            0,
            0,
            1,
            0,
            0,
            0,
            0,
            0,
            0,
            0,
            1,
            1,
            0,
            0,
            1,
            1,
            1,
            0,
            0,
            1,
            1,
            1,
            1,
            1,
            1,
            0,
            0,
            0,
            0,
            0,
            0,
            1,
            0,
            0,
            0,
            1,
            1,
            1,
            1,
            1,
            1,
            0,
            0,
            0,
            0,
            0,
            0,
            0,
            0,
            0,
            0,
            0,
            0,
            1,
            1,
            1,
            1,
            0,
            0,
            0,
            0,
            0,
            1,
            1,
            1,
            1,
            0,
            1,
            1,
            1,
            1,
            0,
            1,
            1
        ],
        "energy": 10068.0,
        "chain_break_fraction": 0.1326530612244898
    },
    "chain_strength_prefactor": 0.1,
    "chain_strength": 513.0125295840288,
    "max_chain_length": 4,
    "timing_info": {
        "qpu_sampling_time": 282260.0,
        "qpu_anneal_time_per_sample": 200.0,
        "qpu_readout_time_per_sample": 61.72,
        "qpu_access_time": 298186.77,
        "qpu_access_overhead_time": 2533.23,
        "qpu_programming_time": 15926.77,
        "qpu_delay_time_per_sample": 20.54,
        "total_post_processing_time": 1.0,
        "post_processing_overhead_time": 1.0
    },
    "embedding_info": {
        "embedding": {
            "37": [
                4008,
                4007
            ],
            "38": [
                696,
                695
            ],
            "43": [
                800,
                3993,
                3992,
                799
            ],
            "39": [
                710,
                3888,
                711
            ],
            "44": [
                635,
                4053
            ],
            "40": [
                681,
                680,
                4173
            ],
            "45": [
                665,
                666
            ],
            "41": [
                4023,
                605,
                4024
            ],
            "46": [
                785,
                3963,
                4039
            ],
            "42": [
                620,
                4068,
                619
            ],
            "47": [
                576,
                4038,
                575
            ],
            "48": [
                3978,
                3979
            ],
            "49": [
                846,
                4098,
                845,
                4097
            ],
            "50": [
                3994,
                830,
                4083
            ],
            "51": [
                860,
                3903,
                3902
            ],
            "52": [
                3948,
                3947,
                815
            ],
            "53": [
                740,
                741
            ],
            "54": [
                3827,
                3828,
                755,
                634
            ],
            "55": [
                3933,
                3932,
                770
            ],
            "56": [
                649,
                3873,
                650
            ],
            "57": [
                725,
                726,
                724
            ],
            "3": [
                4158
            ],
            "11": [
                636,
                4203
            ],
            "4": [
                4174
            ],
            "21": [
                4112
            ],
            "5": [
                4025
            ],
            "26": [
                4218,
                4219,
                606
            ],
            "6": [
                618
            ],
            "32": [
                621
            ],
            "7": [
                756
            ],
            "12": [
                4069
            ],
            "8": [
                4052
            ],
            "16": [
                4055,
                4054
            ],
            "9": [
                4040
            ],
            "27": [
                786,
                4234
            ],
            "10": [
                574
            ],
            "33": [
                4187,
                577
            ],
            "13": [
                3977
            ],
            "17": [
                936,
                935
            ],
            "14": [
                4099
            ],
            "22": [
                4128,
                4127,
                4113
            ],
            "15": [
                3995
            ],
            "28": [
                921
            ],
            "18": [
                965,
                4009
            ],
            "23": [
                3842,
                545
            ],
            "19": [
                3918,
                964,
                3919
            ],
            "29": [
                3858,
                3859
            ],
            "20": [
                3664,
                754
            ],
            "34": [
                3767,
                589
            ],
            "24": [
                3813,
                3814
            ],
            "30": [
                814,
                3874
            ],
            "25": [
                648,
                3603,
                3737
            ],
            "35": [
                3798
            ],
            "31": [
                3738
            ],
            "36": [
                3753,
                844
            ],
            "58": [
                651
            ],
            "59": [
                4277
            ],
            "61": [
                861,
                4204,
                772
            ],
            "62": [
                4188
            ],
            "64": [
                4144,
                4143
            ],
            "65": [
                4114,
                891
            ],
            "66": [
                4129
            ],
            "0": [
                455
            ],
            "68": [
                470
            ],
            "69": [
                3962,
                590
            ],
            "70": [
                3843
            ],
            "71": [
                679
            ],
            "72": [
                3694,
                3693
            ],
            "1": [
                4189
            ],
            "76": [
                876
            ],
            "77": [
                4084,
                980
            ],
            "78": [
                890,
                3934,
                3889
            ],
            "79": [
                784,
                3768
            ],
            "80": [
                739,
                3708
            ],
            "84": [
                1055
            ],