{
    "config": "N_1000-2308.5563831281297s-1_A200",
    "num_vars": 98,
    "num_qubit": 178,
    "time_elapsed": 0.027900218963623047,
    "best_state": {
        "sample": [
            0,
            1,
            0,
            1,
            0,
            0,
            0,
            0,
            0,
            0,
            0,
            0,
            0,
            0,
            0,
            0,
            0,
            0,
            0,
            0,
            0,
            0,
            0,
            0,
            0,
            1,
            0,
            0,
            0,
            0,
            0,
            1,
            1,
            0,
            0,
            0,
            0,
            1,
            1,
            1,
            0,
            0,
            0,
            0,
            0,
            0,
            0,
            0,
            0,
            0,
            0,
            0,
            0,
            0,
            0,
            1,
            1,
            0,
            0,
            0,
            0,
            0,
            1,
            1,
            1,
            0,
            0,
            0,
            0,
            0,
            0,
            0,
            0,
            1,
            1,
            1,
            1,
            1,
            0,
            0,
            0,
            0,
            0,
            0,
            0,
            0,
            0,
            0,
            0,
            0,
            0,
            0,
            1,
            1,
            1,
            1,
            1,
            1
        ],
        "energy": 285.0,
        "chain_break_fraction": 0.0
    },
    "chain_strength_prefactor": 0.45,
    "chain_strength": 2308.5563831281297,
    "max_chain_length": 3,
    "timing_info": {
        "qpu_sampling_time": 329060.0,
        "qpu_anneal_time_per_sample": 200.0,
        "qpu_readout_time_per_sample": 108.52,
        "qpu_access_time": 344987.57,
        "qpu_access_overhead_time": 1620.43,
        "qpu_programming_time": 15927.57,
        "qpu_delay_time_per_sample": 20.54,
        "total_post_processing_time": 1.0,
        "post_processing_overhead_time": 1.0
    },
    "embedding_info": {
        "embedding": {
            "37": [
                4929,
                4930
            ],
            "38": [
                1734,
                1735
            ],
            "43": [
                4779,
                4780,
                1945
            ],
            "39": [
                1825,
                1826,
                4719
            ],
            "44": [
                1810,
                1811
            ],
            "40": [
                4960,
                4959,
                1991
            ],
            "45": [
                1931,
                5034,
                1930
            ],
            "41": [
                1885,
                4884,
                1886
            ],
            "46": [
                4944,
                1690,
                4945
            ],
            "42": [
                4899,
                4900,
                1900
            ],
            "47": [
                1915,
                4839
            ],
            "48": [
                1780,
                4794,
                1781
            ],
            "49": [
                4975,
                1946,
                4974
            ],
            "50": [
                4838,
                1765,
                1766
            ],
            "51": [
                4914,
                1841,
                4915
            ],
            "52": [
                1796,
                5019
            ],
            "53": [
                5063,
                1661,
                5064
            ],
            "54": [
                4989,
                4988
            ],
            "55": [
                1721,
                5049,
                1856
            ],
            "56": [
                1871,
                1872,
                1870
            ],
            "57": [
                5003,
                5004,
                5002
            ],
            "3": [
                4658
            ],
            "11": [
                4764
            ],
            "4": [
                1827
            ],
            "16": [
                4749
            ],
            "5": [
                5020
            ],
            "21": [
                4810,
                4809,
                1990
            ],
            "6": [
                1901
            ],
            "31": [
                4823,
                1750
            ],
            "7": [
                1689
            ],
            "12": [
                4734,
                1869
            ],
            "8": [
                5080
            ],
            "22": [
                4795,
                1975
            ],
            "9": [
                4943
            ],
            "26": [
                4869,
                1720,
                1719
            ],
            "10": [
                1916
            ],
            "32": [
                4854,
                4853
            ],
            "13": [
                1782
            ],
            "17": [
                1660
            ],
            "14": [
                4837
            ],
            "27": [
                1630,
                4808
            ],
            "15": [
                1842
            ],
            "33": [
                4913
            ],
            "18": [
                5018,
                1751
            ],
            "23": [
                5110,
                5109
            ],
            "19": [
                5032,
                1571
            ],
            "28": [
                1556
            ],
            "20": [
                1601,
                1602
            ],
            "34": [
                1631,
                1632
            ],
            "24": [
                5168,
                5167
            ],
            "29": [
                5154,
                5153
            ],
            "25": [
                5258,
                5259
            ],
            "35": [
                5213,
                5214
            ],
            "30": [
                1586,
                1587
            ],
            "36": [
                1482,
                1481
            ],
            "58": [
                1794,
                1795
            ],
            "59": [
                4824
            ],
            "61": [
                1855
            ],
            "62": [
                1840
            ],
            "64": [
                4733,
                1704
            ],
            "65": [
                4718,
                1614
            ],
            "66": [
                1615
            ],
            "0": [
                5169
            ],
            "68": [
                5184
            ],
            "69": [
                5139,
                1812
            ],
            "70": [
                5078,
                1691
            ],
            "71": [
                5093
            ],
            "72": [
                1616,
                4958
            ],
            "1": [
                5035
            ],
            "76": [
                2051
            ],
            "77": [
                5095,
                5094
            ],
            "78": [
                1736
            ],
            "79": [
                1662,
                5183
            ],
            "80": [
                1752
            ],
            "2": [
                4928
            ],
            "84": [
                1510
            ],