{
    "config": "N_1000-14132.975796263101s-1_A200",
    "num_vars": 87,
    "num_qubit": 158,
    "time_elapsed": 0.02890467643737793,
    "best_state": {
        "sample": [
            1,
            1,
            0,
            1,
            0,
            0,
            0,
            0,
            0,
            0,
            0,
            0,
            0,
            0,
            0,
            0,
            0,
            0,
            0,
            0,
            0,
            0,
            0,
            0,
            0,
            0,
            0,
            0,
            0,
            0,
            0,
            0,
            0,
            1,
            1,
            1,
            1,
            1,
            1,
            1,
            1,
            0,
            1,
            0,
            1,
            0,
            1,
            0,
            0,
            1,
            0,
            1,
            0,
            0,
            1,
            1,
            1,
            1,
            1,
            1,
            1,
            1,
            0,
            0,
            0,
            0,
            0,
            0,
            0,
            0,
            0,
            0,
            0,
            0,
            0,
            0,
            0,
            0,
            0,
            0,
            0,
            0,
            0,
            0,
            0,
            0,
            0
        ],
        "energy": 3883.0,
        "chain_break_fraction": 0.022988505747126436
    },
    "chain_strength_prefactor": 0.25,
    "chain_strength": 14132.975796263101,
    "max_chain_length": 4,
    "timing_info": {
        "qpu_sampling_time": 357700.0,
        "qpu_anneal_time_per_sample": 200.0,
        "qpu_readout_time_per_sample": 137.16,
        "qpu_access_time": 373461.97,
        "qpu_access_overhead_time": 3126.03,
        "qpu_programming_time": 15761.97,
        "qpu_delay_time_per_sample": 20.54,
        "total_post_processing_time": 1.0,
        "post_processing_overhead_time": 1.0
    },
    "embedding_info": {
        "embedding": {
            "33": [
                1732,
                1731,
                4404
            ],
            "34": [
                4344,
                4343,
                1867
            ],
            "39": [
                1717,
                4419
            ],
            "35": [
                4268,
                1597,
                4328
            ],
            "40": [
                1673,
                1672,
                4358
            ],
            "36": [
                1822,
                4329,
                1823
            ],
            "41": [
                1747,
                1748,
                4389
            ],
            "37": [
                4314,
                4313
            ],
            "42": [
                1792,
                4359,
                4284
            ],
            "38": [
                1762,
                1763
            ],
            "43": [
                1793,
                4434
            ],
            "44": [
                4373,
                1687
            ],
            "45": [
                4464,
                4463,
                1598
            ],
            "46": [
                4374,
                1882,
                4375
            ],
            "47": [
                4449,
                4448,
                1643
            ],
            "48": [
                4209,
                1657,
                1658
            ],
            "49": [
                4298,
                4299
            ],
            "50": [
                4493,
                1703,
                1702
            ],
            "51": [
                1808,
                1807,
                1809
            ],
            "52": [
                4509,
                1883,
                4508
            ],
            "53": [
                4569,
                1927,
                1928,
                4570
            ],
            "3": [
                4254,
                4255
            ],
            "7": [
                4194
            ],
            "4": [
                4345
            ],
            "11": [
                1866
            ],
            "5": [
                1552
            ],
            "15": [
                1852,
                4269
            ],
            "6": [
                4315
            ],
            "24": [
                4360,
                1897
            ],
            "8": [
                1537
            ],
            "16": [
                4240,
                4239
            ],
            "9": [
                1749
            ],
            "19": [
                4390
            ],
            "10": [
                4538,
                4539
            ],
            "28": [
                4435
            ],
            "12": [
                4628,
                1599
            ],
            "20": [
                1912,
                4405,
                4330
            ],
            "13": [
                4450,
                1988
            ],
            "25": [
                2018,
                4465
            ],
            "14": [
                1644
            ],
            "29": [
                1943
            ],
            "17": [
                4599,
                1779,
                1659
            ],
            "21": [
                4478,
                4479,
                1628
            ],
            "18": [
                4643,
                1674
            ],
            "30": [
                4583,
                4585,
                4584
            ],
            "22": [
                4644,
                1913
            ],
            "26": [
                4704,
                4705
            ],
            "23": [
                4629
            ],
            "31": [
                4615
            ],
            "27": [
                4720,
                1929
            ],
            "32": [
                4660,
                1989
            ],
            "0": [
                4179
            ],
            "54": [
                1881
            ],
            "55": [
                4225
            ],
            "56": [
                1896
            ],
            "58": [
                1972
            ],
            "59": [
                1958,
                1957
            ],
            "1": [
                1987
            ],
            "61": [
                2002
            ],
            "62": [
                2003
            ],
            "63": [
                4510
            ],
            "65": [
                4418
            ],
            "66": [
                1613
            ],
            "67": [
                4523,
                1688
            ],
            "70": [
                1764
            ],
            "71": [
                4689
            ],
            "72": [
                1839
            ],
            "73": [
                1854
            ],
            "2": [
                2062
            ],
            "77": [
                2047
            ],
            "78": [
                4525,
                2048
            ],
            "79": [
                4645
            ],
            "80": [
                1959
            ],
            "83": [
                1629,
                4703
            ],
            "84": [
                4658,
                4659,
                1794
            ],
            "85": [
                1944
            ],
            "86": [
                4765,
                1974
            ],
            "68": [
                1777,
                1778
            ],