{
    "config": "N_1000-12970.301109605427s-1_A200",
    "num_vars": 107,
    "num_qubit": 199,
    "time_elapsed": 0.03543877601623535,
    "best_state": {
        "sample": [
            0,
            1,
            0,
            0,
            1,
            0,
            0,
            0,
            0,
            0,
            0,
            0,
            0,
            0,
            0,
            0,
            0,
            0,
            0,
            0,
            0,
            0,
            0,
            0,
            0,
            0,
            0,
            0,
            0,
            1,
            1,
            0,
            0,
            0,
            0,
            0,
            0,
            0,
            0,
            0,
            0,
            1,
            0,
            0,
            0,
            0,
            1,
            0,
            0,
            0,
            0,
            1,
            1,
            1,
            1,
            1,
            1,
            1,
            1,
            1,
            1,
            1,
            0,
            0,
            0,
            1,
            0,
            1,
            1,
            1,
            1,
            1,
            0,
            0,
            0,
            0,
            0,
            0,
            0,
            0,
            0,
            0,
            0,
            0,
            0,
            0,
            0,
            0,
            1,
            1,
            1,
            1,
            1,
            1,
            1,
            1,
            1,
            1,
            0,
            0,
            0,
            0,
            0,
            0,
            0,
            0,
            0
        ],
        "energy": 2143.0,
        "chain_break_fraction": 0.0
    },
    "chain_strength": 12970.301109605427,
    "max_chain_length": 4,
    "timing_info": {
        "qpu_sampling_time": 298700.0,
        "qpu_anneal_time_per_sample": 200.0,
        "qpu_readout_time_per_sample": 78.16,
        "qpu_access_time": 314625.17,
        "qpu_access_overhead_time": 3062.83,
        "qpu_programming_time": 15925.17,
        "qpu_delay_time_per_sample": 20.54,
        "total_post_processing_time": 525.0,
        "post_processing_overhead_time": 525.0
    },
    "embedding_info": {
        "embedding": {
            "41": [
                521,
                5057
            ],
            "42": [
                536,
                537,
                4967
            ],
            "47": [
                626,
                5177
            ],
            "43": [
                5147,
                446,
                522
            ],
            "48": [
                5087,
                5086
            ],
            "44": [
                5117
            ],
            "49": [
                5132,
                5133,
                476
            ],
            "45": [
                401,
                5056,
                402
            ],
            "50": [
                5072,
                5071
            ],
            "46": [
                5176,
                492,
                491
            ],
            "51": [
                566,
                5042,
                567
            ],
            "52": [
                5237,
                477,
                552
            ],
            "53": [
                5102,
                5103
            ],
            "54": [
                5162,
                5161,
                582
            ],
            "55": [
                612,
                5267,
                611
            ],
            "56": [
                5327,
                432,
                431
            ],
            "57": [
                387,
                5191,
                5146
            ],
            "58": [
                507,
                506,
                508
            ],
            "59": [
                417,
                5236,
                447
            ],
            "60": [
                462,
                461,
                5341
            ],
            "61": [
                5222,
                5221,
                597
            ],
            "5": [
                5058,
                716
            ],
            "10": [
                520
            ],
            "6": [
                4982
            ],
            "14": [
                430
            ],
            "7": [
                523
            ],
            "19": [
                4937,
                445
            ],
            "8": [
                5055
            ],
            "29": [
                386
            ],
            "9": [
                5252
            ],
            "35": [
                4907,
                490
            ],
            "11": [
                296,
                5131
            ],
            "24": [
                656,
                655
            ],
            "12": [
                5070
            ],
            "30": [
                341,
                4981
            ],
            "13": [
                568
            ],
            "36": [
                4892
            ],
            "15": [
                627
            ],
            "20": [
                4997,
                551
            ],
            "16": [
                5101
            ],
            "25": [
                641,
                640
            ],
            "17": [
                5160
            ],
            "31": [
                371,
                372
            ],
            "18": [
                613,
                5402
            ],
            "37": [
                5012
            ],
            "21": [
                311,
                5041,
                416
            ],
            "26": [
                418
            ],
            "22": [
                5145,
                162,
                161
            ],
            "32": [
                238,
                5326,
                237
            ],
            "23": [
                5446,
                5447,
                5445
            ],
            "38": [
                5478,
                5477,
                5476
            ],
            "27": [
                5250,
                5251
            ],
            "33": [
                5235,
                267
            ],
            "28": [
                358,
                357
            ],
            "39": [
                5296,
                373
            ],
            "34": [
                282,
                283
            ],
            "40": [
                297,
                5311,
                328
            ],
            "0": [
                535
            ],
            "62": [
                4862,
                4861
            ],
            "63": [
                4876
            ],
            "64": [
                4891,
                355
            ],
            "65": [
                4906
            ],
            "67": [
                4953,
                4952,
                460
            ],
            "68": [
                475
            ],
            "1": [
                610
            ],
            "70": [
                625
            ],
            "71": [
                4938,
                581
            ],
            "72": [
                5027,
                5026
            ],
            "73": [
                5011
            ],
            "2": [
                538
            ],
            "75": [
                5342
            ],
            "76": [
                5356,
                5357
            ],
            "77": [
                343,
                5386
            ],