{
    "config": "N_1000-36371.020087188816s-1_A200",
    "num_vars": 104,
    "num_qubit": 185,
    "time_elapsed": 0.05370044708251953,
    "best_state": {
        "sample": [
            1,
            0,
            0,
            0,
            0,
            0,
            1,
            0,
            0,
            0,
            0,
            0,
            0,
            1,
            0,
            0,
            0,
            0,
            0,
            0,
            0,
            0,
            0,
            0,
            0,
            0,
            0,
            0,
            0,
            0,
            0,
            1,
            0,
            0,
            0,
            0,
            0,
            0,
            0,
            0,
            1,
            1,
            0,
            0,
            1,
            1,
            1,
            0,
            0,
            1,
            1,
            0,
            0,
            0,
            1,
            0,
            1,
            1,
            1,
            1,
            1,
            1,
            1,
            1,
            1,
            1,
            1,
            1,
            0,
            0,
            0,
            0,
            0,
            0,
            0,
            0,
            0,
            0,
            0,
            0,
            0,
            0,
            0,
            0,
            0,
            0,
            0,
            1,
            1,
            1,
            1,
            1,
            0,
            1,
            1,
            1,
            0,
            0,
            0,
            0,
            0,
            0,
            0,
            0
        ],
        "energy": 8486.0,
        "chain_break_fraction": 0.019230769230769232
    },
    "chain_strength_prefactor": 0.25,
    "chain_strength": 36371.020087188816,
    "max_chain_length": 4,
    "timing_info": {
        "qpu_sampling_time": 287300.0,
        "qpu_anneal_time_per_sample": 200.0,
        "qpu_readout_time_per_sample": 66.76,
        "qpu_access_time": 303226.37,
        "qpu_access_overhead_time": 1748.63,
        "qpu_programming_time": 15926.37,
        "qpu_delay_time_per_sample": 20.54,
        "total_post_processing_time": 1.0,
        "post_processing_overhead_time": 1.0
    },
    "embedding_info": {
        "embedding": {
            "40": [
                274,
                275
            ],
            "41": [
                3856,
                334,
                335
            ],
            "46": [
                3871,
                380,
                230
            ],
            "42": [
                4037,
                4036
            ],
            "47": [
                290,
                289
            ],
            "43": [
                4007,
                4006,
                485
            ],
            "48": [
                3976,
                440
            ],
            "44": [
                410,
                411,
                3961
            ],
            "49": [
                3886,
                3887,
                305
            ],
            "45": [
                4021,
                4022
            ],
            "50": [
                3991,
                381
            ],
            "51": [
                215,
                3841,
                216
            ],
            "52": [
                3931,
                395,
                3930
            ],
            "53": [
                3916,
                3915
            ],
            "54": [
                366,
                365
            ],
            "55": [
                4067,
                455,
                4066
            ],
            "56": [
                320,
                321,
                3945,
                3946
            ],
            "57": [
                4052,
                561,
                4051
            ],
            "58": [
                425,
                426,
                424
            ],
            "59": [
                4096,
                396
            ],
            "60": [
                351,
                350,
                4081
            ],
            "6": [
                3796
            ],
            "11": [
                3750
            ],
            "7": [
                304
            ],
            "15": [
                3855
            ],
            "8": [
                530
            ],
            "24": [
                4005,
                231
            ],
            "9": [
                3857
            ],
            "29": [
                3960
            ],
            "10": [
                4023
            ],
            "35": [
                4020
            ],
            "12": [
                4080
            ],
            "19": [
                3826
            ],
            "13": [
                560
            ],
            "30": [
                155,
                3885
            ],
            "14": [
                3992
            ],
            "36": [
                140,
                3990
            ],
            "16": [
                156,
                4155
            ],
            "20": [
                319
            ],
            "17": [
                3932
            ],
            "25": [
                244,
                245
            ],
            "18": [
                3917
            ],
            "31": [
                3900
            ],
            "21": [
                3962,
                620
            ],
            "26": [
                260,
                261
            ],
            "22": [
                4142,
                4141
            ],
            "32": [
                322,
                4290
            ],
            "23": [
                516,
                4127
            ],
            "37": [
                4216,
                306
            ],
            "27": [
                291,
                4231,
                4232
            ],
            "33": [
                4261,
                4262,
                367
            ],
            "28": [
                397
            ],
            "38": [
                4172,
                501
            ],
            "34": [
                352,
                4336
            ],
            "39": [
                441,
                4126
            ],
            "0": [
                169
            ],
            "61": [
                154
            ],
            "62": [
                94,
                95,
                3810
            ],
            "63": [
                125,
                4035
            ],
            "64": [
                110
            ],
            "1": [
                379
            ],
            "66": [
                3780,
                3781,
                439
            ],
            "67": [
                109,
                3825
            ],
            "68": [
                3870
            ],
            "70": [
                3765
            ],
            "71": [
                259
            ],
            "2": [
                4095
            ],
            "73": [
                171
            ],
            "74": [
                4185
            ],
            "75": [
                4275,
                202
            ],
            "76": [
                276,
                4260
            ],
            "77": [
                4202,
                4201
            ],
            "3": [
                515
            ],
            "81": [
                3947
            ],
            "82": [
                605
            ],
            "83": [
                606,
                621
            ],