{
    "config": "N_1000-50919.42812206434s-1_A200",
    "num_vars": 104,
    "num_qubit": 190,
    "time_elapsed": 0.03193831443786621,
    "best_state": {
        "sample": [
            0,
            1,
            0,
            0,
            0,
            0,
            0,
            1,
            0,
            0,
            0,
            1,
            0,
            0,
            0,
            0,
            0,
            0,
            0,
            0,
            0,
            0,
            0,
            0,
            0,
            0,
            0,
            0,
            0,
            0,
            0,
            0,
            0,
            0,
            0,
            0,
            0,
            0,
            0,
            0,
            0,
            1,
            1,
            1,
            1,
            0,
            1,
            1,
            1,
            1,
            1,
            1,
            0,
            0,
            0,
            0,
            0,
            0,
            0,
            0,
            0,
            1,
            1,
            1,
            1,
            1,
            1,
            1,
            1,
            1,
            0,
            0,
            0,
            0,
            0,
            0,
            0,
            0,
            0,
            0,
            0,
            0,
            0,
            0,
            0,
            0,
            0,
            0,
            0,
            0,
            0,
            0,
            0,
            0,
            0,
            0,
            0,
            0,
            0,
            0,
            0,
            0,
            0,
            0
        ],
        "energy": 8296.0,
        "chain_break_fraction": 0.0
    },
    "chain_strength_prefactor": 0.35,
    "chain_strength": 50919.42812206434,
    "max_chain_length": 4,
    "timing_info": {
        "qpu_sampling_time": 319100.0,
        "qpu_anneal_time_per_sample": 200.0,
        "qpu_readout_time_per_sample": 98.56,
        "qpu_access_time": 334863.17,
        "qpu_access_overhead_time": 2829.83,
        "qpu_programming_time": 15763.17,
        "qpu_delay_time_per_sample": 20.54,
        "total_post_processing_time": 1.0,
        "post_processing_overhead_time": 1.0
    },
    "embedding_info": {
        "embedding": {
            "40": [
                962,
                3439,
                963
            ],
            "41": [
                978,
                3589
            ],
            "46": [
                3738,
                783,
                3739
            ],
            "42": [
                934,
                3680,
                3799
            ],
            "47": [
                3696,
                3695,
                3694
            ],
            "43": [
                3724,
                3723
            ],
            "48": [
                3664,
                769,
                3665
            ],
            "44": [
                1023,
                3635,
                1024,
                3559
            ],
            "49": [
                3454,
                948,
                949
            ],
            "45": [
                3633,
                3634,
                724
            ],
            "50": [
                828,
                3679,
                827
            ],
            "51": [
                889,
                888
            ],
            "52": [
                813,
                3619
            ],
            "53": [
                3574,
                3573,
                3575
            ],
            "54": [
                3514,
                843,
                3588
            ],
            "55": [
                874,
                3769,
                873
            ],
            "56": [
                3710,
                3709,
                993
            ],
            "57": [
                1114,
                3650,
                3649
            ],
            "58": [
                904,
                905,
                903
            ],
            "59": [
                859,
                3814,
                858
            ],
            "60": [
                919,
                918,
                920
            ],
            "6": [
                961
            ],
            "11": [
                872
            ],
            "7": [
                1158,
                3590
            ],
            "15": [
                977
            ],
            "8": [
                3681
            ],
            "19": [
                1099,
                1098
            ],
            "9": [
                1248,
                3636
            ],
            "29": [
                992
            ],
            "10": [
                725
            ],
            "35": [
                708
            ],
            "12": [
                1264
            ],
            "20": [
                1083,
                1084,
                1082
            ],
            "13": [
                770
            ],
            "24": [
                1037,
                1038
            ],
            "14": [
                3531,
                3530
            ],
            "30": [
                3455,
                1157
            ],
            "16": [
                814
            ],
            "25": [
                3620
            ],
            "17": [
                1173
            ],
            "31": [
                1113,
                3545
            ],
            "18": [
                798,
                799
            ],
            "36": [
                3604,
                3603
            ],
            "21": [
                1039
            ],
            "26": [
                3770,
                1174
            ],
            "22": [
                1055,
                1054
            ],
            "32": [
                3711,
                1249,
                3846
            ],
            "23": [
                1115
            ],
            "37": [
                3754,
                3755,
                3753
            ],
            "27": [
                3934,
                1040
            ],
            "33": [
                3904,
                964
            ],
            "28": [
                935,
                3875
            ],
            "38": [
                3784,
                844
            ],
            "34": [
                3949,
                980
            ],
            "39": [
                3994,
                921
            ],
            "0": [
                887
            ],
            "61": [
                3485,
                3484
            ],
            "62": [
                3500
            ],
            "63": [
                3515,
                1007
            ],
            "64": [
                3544,
                3543
            ],
            "1": [
                976
            ],
            "66": [
                3335
            ],
            "67": [
                3350
            ],
            "68": [
                1022
            ],
            "70": [
                1053
            ],
            "71": [
                3605
            ],
            "2": [
                3666
            ],
            "73": [
                1279
            ],
            "74": [
                3786
            ],
            "75": [
                1219
            ],
            "76": [
                1204
            ],
            "77": [
                3861,
                1189
            ],
            "3": [
                755
            ],
            "81": [
                3859
            ],