{
    "config": "N_1000-29096.81606975105s-1_A200",
    "num_vars": 104,
    "num_qubit": 191,
    "time_elapsed": 0.03200531005859375,
    "best_state": {
        "sample": [
            1,
            0,
            0,
            0,
            0,
            0,
            1,
            1,
            0,
            0,
            0,
            0,
            0,
            0,
            0,
            0,
            0,
            0,
            0,
            0,
            0,
            0,
            0,
            0,
            0,
            0,
            0,
            0,
            0,
            0,
            0,
            0,
            0,
            0,
            0,
            0,
            0,
            0,
            0,
            0,
            1,
            1,
            1,
            1,
            1,
            1,
            0,
            0,
            0,
            0,
            0,
            1,
            1,
            1,
            1,
            1,
            0,
            1,
            0,
            1,
            1,
            1,
            1,
            1,
            1,
            1,
            1,
            1,
            1,
            1,
            0,
            0,
            0,
            0,
            0,
            0,
            0,
            0,
            0,
            0,
            0,
            0,
            0,
            0,
            0,
            0,
            0,
            0,
            0,
            0,
            0,
            0,
            0,
            0,
            0,
            0,
            0,
            0,
            0,
            0,
            0,
            0,
            0,
            0
        ],
        "energy": 8308.0,
        "chain_break_fraction": 0.019230769230769232
    },
    "chain_strength_prefactor": 0.2,
    "chain_strength": 29096.81606975105,
    "max_chain_length": 4,
    "timing_info": {
        "qpu_sampling_time": 300700.0,
        "qpu_anneal_time_per_sample": 200.0,
        "qpu_readout_time_per_sample": 80.16,
        "qpu_access_time": 316628.37,
        "qpu_access_overhead_time": 2062.63,
        "qpu_programming_time": 15928.37,
        "qpu_delay_time_per_sample": 20.54,
        "total_post_processing_time": 20.0,
        "post_processing_overhead_time": 20.0
    },
    "embedding_info": {
        "embedding": {
            "40": [
                2586,
                2585,
                4288
            ],
            "41": [
                4153,
                2526,
                4154
            ],
            "46": [
                4018
            ],
            "42": [
                4034,
                2721,
                2660
            ],
            "47": [
                2571,
                2570,
                2572
            ],
            "43": [
                4064,
                2450,
                4063
            ],
            "48": [
                4002,
                4003
            ],
            "44": [
                4078,
                2420,
                2419,
                4079
            ],
            "49": [
                2495,
                3973,
                3883
            ],
            "45": [
                3958,
                3957,
                2525
            ],
            "50": [
                3988,
                2480
            ],
            "51": [
                2556,
                4138,
                2555
            ],
            "52": [
                4092,
                2435,
                4093
            ],
            "53": [
                2541,
                2540
            ],
            "54": [
                2466,
                2465,
                4168
            ],
            "55": [
                2600,
                3943,
                2599,
                4049
            ],
            "56": [
                3912,
                2375,
                3913
            ],
            "57": [
                3927,
                2434,
                3928
            ],
            "58": [
                4047,
                2330,
                4048
            ],
            "59": [
                2510,
                4033,
                4032
            ],
            "60": [
                3898,
                3897
            ],
            "6": [
                2557
            ],
            "11": [
                4289
            ],
            "7": [
                2616
            ],
            "15": [
                2766
            ],
            "8": [
                2659
            ],
            "19": [
                2706
            ],
            "9": [
                4334,
                2662,
                2661
            ],
            "24": [
                2615,
                4004
            ],
            "10": [
                2418
            ],
            "29": [
                2511
            ],
            "12": [
                2569
            ],
            "20": [
                4214,
                2707
            ],
            "13": [
                2494
            ],
            "30": [
                4123,
                2496
            ],
            "14": [
                3987
            ],
            "35": [
                2481
            ],
            "16": [
                2646,
                4229
            ],
            "25": [
                2630,
                2631
            ],
            "17": [
                2539
            ],
            "31": [
                2542,
                4228
            ],
            "18": [
                3942
            ],
            "36": [
                4122
            ],
            "21": [
                2690,
                2691
            ],
            "26": [
                2509,
                3793
            ],
            "22": [
                2449,
                3808,
                2524
            ],
            "32": [
                2391,
                2390
            ],
            "23": [
                3823,
                3822
            ],
            "37": [
                2404,
                2405
            ],
            "27": [
                2329,
                3792
            ],
            "33": [
                2331,
                4077
            ],
            "28": [
                2300,
                2299
            ],
            "38": [
                2270,
                4091,
                3941
            ],
            "34": [
                2210
            ],
            "39": [
                3821,
                2224
            ],
            "0": [
                4274
            ],
            "61": [
                2781
            ],
            "62": [
                4169
            ],
            "63": [
                2736,
                4109
            ],
            "64": [
                4108
            ],
            "1": [
                4244
            ],
            "66": [
                4259
            ],
            "67": [
                2601
            ],
            "68": [
                4183
            ],
            "70": [
                4273
            ],
            "71": [
                2436,
                4272
            ],
            "2": [
                3719
            ],
            "73": [
                3704
            ],
            "74": [
                3733,
                2644
            ],
            "75": [
                2479,
                3868,
                3869
            ],
            "76": [
                3853
            ],
            "77": [
                3777,
                2464
            ],
            "3": [
                4349
            ],
            "81": [
                2722
            ],