{
    "config": "N_1000-58193.6321395021s-1_A200",
    "num_vars": 104,
    "num_qubit": 193,
    "time_elapsed": 0.05881214141845703,
    "best_state": {
        "sample": [
            1,
            0,
            0,
            0,
            0,
            0,
            1,
            1,
            0,
            0,
            0,
            0,
            0,
            0,
            0,
            0,
            0,
            0,
            0,
            0,
            0,
            0,
            0,
            0,
            0,
            0,
            0,
            0,
            0,
            0,
            0,
            0,
            0,
            0,
            0,
            0,
            0,
            0,
            0,
            0,
            1,
            1,
            1,
            0,
            1,
            1,
            1,
            1,
            0,
            1,
            1,
            0,
            0,
            0,
            1,
            0,
            1,
            1,
            1,
            1,
            1,
            1,
            1,
            1,
            1,
            1,
            1,
            1,
            1,
            1,
            0,
            0,
            0,
            0,
            0,
            0,
            0,
            0,
            0,
            0,
            0,
            0,
            0,
            0,
            0,
            0,
            0,
            0,
            0,
            0,
            0,
            0,
            0,
            0,
            0,
            0,
            0,
            0,
            0,
            0,
            0,
            0,
            0,
            0
        ],
        "energy": 8308.0,
        "chain_break_fraction": 0.0
    },
    "chain_strength_prefactor": 0.4,
    "chain_strength": 58193.6321395021,
    "max_chain_length": 4,
    "timing_info": {
        "qpu_sampling_time": 382760.0,
        "qpu_anneal_time_per_sample": 200.0,
        "qpu_readout_time_per_sample": 162.22,
        "qpu_access_time": 398515.97,
        "qpu_access_overhead_time": 3025.03,
        "qpu_programming_time": 15755.97,
        "qpu_delay_time_per_sample": 20.54,
        "total_post_processing_time": 1.0,
        "post_processing_overhead_time": 1.0
    },
    "embedding_info": {
        "embedding": {
            "40": [
                4006,
                4005
            ],
            "41": [
                186,
                4035,
                4036
            ],
            "46": [
                366,
                365,
                4156
            ],
            "42": [
                245,
                4051
            ],
            "47": [
                3886,
                320,
                321,
                3887
            ],
            "43": [
                216,
                4021
            ],
            "48": [
                3991,
                3990
            ],
            "44": [
                231,
                4140,
                4080
            ],
            "49": [
                290,
                291,
                289
            ],
            "45": [
                381,
                4081
            ],
            "50": [
                425,
                3976
            ],
            "51": [
                4095,
                4096
            ],
            "52": [
                3945,
                3946,
                260
            ],
            "53": [
                336,
                4141,
                335
            ],
            "54": [
                4037,
                470,
                396
            ],
            "55": [
                350,
                351,
                3916
            ],
            "56": [
                4201,
                4202,
                306,
                276
            ],
            "57": [
                486,
                485,
                4052
            ],
            "58": [
                3961,
                275,
                3962
            ],
            "59": [
                4022,
                411,
                410
            ],
            "60": [
                4067,
                4066,
                4068
            ],
            "6": [
                140
            ],
            "11": [
                4020,
                201
            ],
            "7": [
                187
            ],
            "15": [
                4050
            ],
            "8": [
                244
            ],
            "19": [
                246,
                4155
            ],
            "9": [
                232
            ],
            "29": [
                261,
                4231
            ],
            "10": [
                380
            ],
            "35": [
                4111
            ],
            "12": [
                3888
            ],
            "20": [
                4171,
                4170
            ],
            "13": [
                440,
                439
            ],
            "24": [
                111,
                112,
                110
            ],
            "14": [
                292
            ],
            "30": [
                4246
            ],
            "16": [
                395
            ],
            "25": [
                171,
                170,
                4200,
                172
            ],
            "17": [
                427,
                426,
                4186
            ],
            "31": [
                4261,
                337
            ],
            "18": [
                455
            ],
            "36": [
                441,
                4126
            ],
            "21": [
                3917,
                530,
                531
            ],
            "26": [
                352,
                4291,
                4292
            ],
            "22": [
                4247,
                412
            ],
            "32": [
                547,
                4337
            ],
            "23": [
                546,
                4142
            ],
            "37": [
                4172
            ],
            "27": [
                620,
                621
            ],
            "33": [
                650,
                651,
                3963
            ],
            "28": [
                4023
            ],
            "38": [
                635,
                4097,
                561,
                681
            ],
            "34": [
                696
            ],
            "39": [
                711
            ],
            "0": [
                80
            ],
            "61": [
                4065
            ],
            "62": [
                156
            ],
            "63": [
                4125
            ],
            "64": [
                4110
            ],
            "1": [
                125
            ],
            "66": [
                4185,
                141,
                126
            ],
            "67": [
                96
            ],
            "68": [
                4245
            ],
            "70": [
                4260
            ],
            "71": [
                4276,
                4275
            ],
            "2": [
                259
            ],
            "73": [
                3872,
                3871,
                3873
            ],
            "74": [
                667,
                666,
                665
            ],
            "75": [
                577,
                4233
            ],
            "76": [
                4187
            ],
            "77": [
                456
            ],
            "3": [
                424
            ],