{
    "config": "N_1000-9544.238892079919s-1_A200",
    "num_vars": 121,
    "num_qubit": 228,
    "time_elapsed": 0.1274101734161377,
    "best_state": {
        "sample": [
            0,
            0,
            0,
            0,
            1,
            0,
            0,
            0,
            0,
            0,
            0,
            0,
            0,
            0,
            0,
            0,
            0,
            0,
            0,
            0,
            0,
            0,
            0,
            0,
            0,
            0,
            0,
            0,
            0,
            1,
            1,
            1,
            0,
            0,
            0,
            0,
            0,
            0,
            0,
            0,
            0,
            0,
            0,
            0,
            0,
            0,
            0,
            0,
            0,
            0,
            0,
            0,
            0,
            1,
            0,
            0,
            1,
            1,
            0,
            0,
            1,
            1,
            1,
            1,
            1,
            1,
            1,
            1,
            0,
            0,
            1,
            1,
            0,
            0,
            0,
            1,
            1,
            0,
            0,
            1,
            1,
            0,
            0,
            0,
            0,
            0,
            0,
            0,
            0,
            0,
            0,
            1,
            1,
            1,
            1,
            1,
            1,
            1,
            1,
            1,
            1,
            0,
            0,
            0,
            0,
            0,
            0,
            0,
            0,
            0,
            0,
            0,
            0,
            0,
            0,
            0,
            0,
            0,
            0,
            0,
            0
        ],
        "energy": 1595.0,
        "chain_break_fraction": 0.0
    },
    "chain_strength_prefactor": 0.4,
    "chain_strength": 9544.238892079919,
    "max_chain_length": 4,
    "timing_info": {
        "qpu_sampling_time": 352240.0,
        "qpu_anneal_time_per_sample": 200.0,
        "qpu_readout_time_per_sample": 131.7,
        "qpu_access_time": 367998.37,
        "qpu_access_overhead_time": 1980.63,
        "qpu_programming_time": 15758.37,
        "qpu_delay_time_per_sample": 20.54,
        "total_post_processing_time": 1.0,
        "post_processing_overhead_time": 1.0
    },
    "embedding_info": {
        "embedding": {
            "47": [
                2333,
                2332
            ],
            "48": [
                4467,
                4468
            ],
            "53": [
                2482,
                2483,
                4287
            ],
            "49": [
                4512,
                4513,
                2558
            ],
            "54": [
                4362,
                4363,
                2602,
                2603
            ],
            "50": [
                4438,
                4437,
                2498
            ],
            "55": [
                2468,
                4452,
                2467
            ],
            "51": [
                4332,
                2347,
                2348
            ],
            "56": [
                4348,
                4347,
                2302
            ],
            "52": [
                2453,
                4497,
                2452
            ],
            "57": [
                4317,
                4316,
                4318
            ],
            "58": [
                2527,
                4258,
                2528
            ],
            "59": [
                2407,
                4393
            ],
            "60": [
                2392,
                2393,
                4213
            ],
            "61": [
                2436,
                2437
            ],
            "62": [
                4377,
                2378,
                2377
            ],
            "63": [
                2557,
                4303,
                4302,
                2556
            ],
            "64": [
                4409,
                2587,
                4408
            ],
            "65": [
                2421,
                4243,
                2422
            ],
            "66": [
                2497,
                4378,
                2496
            ],
            "67": [
                2572,
                4333,
                2542
            ],
            "7": [
                4722,
                2334
            ],
            "12": [
                4572
            ],
            "8": [
                4514
            ],
            "23": [
                2574,
                4693,
                4692,
                2559
            ],
            "9": [
                2198
            ],
            "29": [
                2319,
                4677,
                2318
            ],
            "10": [
                4227
            ],
            "35": [
                4602,
                2273,
                2272
            ],
            "11": [
                4228,
                4229,
                2451
            ],
            "41": [
                4632,
                4631
            ],
            "13": [
                4558
            ],
            "18": [
                2484
            ],
            "14": [
                2588,
                4589
            ],
            "24": [
                2604
            ],
            "15": [
                4451
            ],
            "30": [
                2469,
                4723
            ],
            "16": [
                2301
            ],
            "36": [
                2288,
                2289,
                2287
            ],
            "17": [
                4319
            ],
            "42": [
                2228,
                4646,
                2227
            ],
            "19": [
                4483
            ],
            "25": [
                2529,
                4588
            ],
            "20": [
                4392
            ],
            "31": [
                2408
            ],
            "21": [
                4182
            ],
            "37": [
                2363,
                4527,
                2362
            ],
            "22": [
                4184,
                4183
            ],
            "43": [
                4573,
                2438
            ],
            "26": [
                4272,
                4273
            ],
            "32": [
                4423,
                4422,
                2303,
                4424
            ],
            "27": [
                4123,
                4122,
                2361
            ],
            "38": [
                2631,
                2632,
                4259
            ],
            "28": [
                2692,
                2691
            ],
            "44": [
                2617,
                4364
            ],
            "33": [
                4002,
                2420,
                2255
            ],
            "39": [
                4137,
                2466
            ],
            "34": [
                4153,
                2511
            ],
            "45": [
                4078,
                4079
            ],
            "40": [
                2541
            ],
            "46": [
                2571
            ],
            "0": [
                4587
            ],
            "68": [
                2349
            ],
            "69": [
                2364
            ],
            "70": [
                4617
            ],