{
    "config": "L_1000-4497.544407080217s-1_A200",
    "num_vars": 123,
    "num_qubit": 350,
    "time_elapsed": 0.040444374084472656,
    "best_state": {
        "sample": [
            1,
            0,
            0,
            0,
            1,
            0,
            0,
            0,
            1,
            0,
            1,
            0,
            0,
            0,
            0,
            0,
            0,
            0,
            0,
            0,
            0,
            0,
            1,
            1,
            1,
            0,
            0,
            0,
            1,
            0,
            1,
            0,
            0,
            0,
            0,
            0,
            0,
            0,
            0,
            0,
            0,
            0,
            0,
            1,
            1,
            1,
            0,
            1,
            0,
            0,
            0,
            0,
            0,
            0,
            0,
            0,
            0,
            0,
            0,
            0,
            0,
            0,
            0,
            0,
            0,
            0,
            0,
            0,
            0,
            0,
            0,
            0,
            0,
            1,
            1,
            0,
            0,
            0,
            0,
            0,
            0,
            0,
            0,
            0,
            0,
            0,
            0,
            0,
            0,
            0,
            0,
            0,
            0,
            0,
            0,
            0,
            0,
            0,
            0,
            0,
            0,
            0,
            0,
            0,
            0,
            0,
            0,
            0,
            0,
            0,
            0,
            0,
            0,
            0,
            0,
            0,
            0,
            0,
            0,
            0,
            0,
            0,
            0
        ],
        "energy": 17853.0,
        "chain_break_fraction": 0.024390243902439025
    },
    "chain_strength_prefactor": 0.3,
    "chain_strength": 4497.544407080217,
    "max_chain_length": 5,
    "timing_info": {
        "qpu_sampling_time": 319620.0,
        "qpu_anneal_time_per_sample": 200.0,
        "qpu_readout_time_per_sample": 99.08,
        "qpu_access_time": 335548.77,
        "qpu_access_overhead_time": 2270.23,
        "qpu_programming_time": 15928.77,
        "qpu_delay_time_per_sample": 20.54,
        "total_post_processing_time": 42.0,
        "post_processing_overhead_time": 42.0
    },
    "embedding_info": {
        "embedding": {
            "3": [
                2337,
                5292,
                5187
            ],
            "0": [
                2428,
                2427,
                2426,
                5488,
                5489
            ],
            "6": [
                2397,
                2396,
                5217,
                5218
            ],
            "9": [
                2382,
                5232,
                5231,
                5082,
                2291
            ],
            "12": [
                2440,
                2441,
                4842,
                4841,
                5113
            ],
            "16": [
                2472,
                2471,
                2473,
                5083
            ],
            "20": [
                2411,
                5022,
                5021,
                5023
            ],
            "24": [
                5141,
                5142,
                5143,
                2128,
                2127
            ],
            "1": [
                5397,
                5398,
                2458,
                5399
            ],
            "2": [
                2623
            ],
            "4": [
                5337,
                5339,
                5336,
                2203,
                5338
            ],
            "5": [
                2368,
                5427
            ],
            "7": [
                2547,
                5203,
                5202
            ],
            "8": [
                2457,
                5233
            ],
            "10": [
                2081,
                2082,
                5096,
                2080
            ],
            "11": [
                5081
            ],
            "13": [
                4797,
                4798,
                2305,
                4796
            ],
            "14": [
                4827,
                2409,
                4828,
                2365
            ],
            "15": [
                2485,
                4948
            ],
            "17": [
                2605,
                2606,
                2607
            ],
            "18": [
                5114,
                2591
            ],
            "19": [
                5068
            ],
            "21": [
                5007,
                5006,
                2381,
                5005
            ],
            "22": [
                2351
            ],
            "23": [
                5067
            ],
            "25": [
                2065,
                2066,
                2067,
                2068,
                2064
            ],
            "26": [
                2007,
                5230,
                2008,
                5140
            ],
            "27": [
                5365
            ],
            "40": [
                2338,
                5472,
                5457
            ],
            "54": [
                2443,
                5458,
                2442
            ],
            "91": [
                5473,
                5474,
                2399,
                2729
            ],
            "113": [
                2233,
                5546,
                5547,
                5411
            ],
            "41": [
                5382,
                5383,
                5381
            ],
            "55": [
                2593,
                2592,
                5548
            ],
            "92": [
                2653,
                5414,
                5324,
                2638
            ],
            "114": [
                5531,
                5532,
                5533,
                2248,
                5530
            ],
            "28": [
                2308,
                5322,
                5442
            ],
            "56": [
                5216,
                2277
            ],
            "67": [
                2247,
                5246
            ],
            "93": [
                5352,
                5351,
                5353
            ],
            "115": [
                5261,
                2232
            ],
            "29": [
                2383,
                5412
            ],
            "57": [
                5262,
                2322
            ],
            "68": [
                5276,
                5277,
                2262
            ],
            "94": [
                5367,
                2398,
                5368
            ],
            "116": [
                5366,
                2293,
                2173,
                2292,
                5321
            ],
            "31": [
                5413,
                2503,
                2502
            ],
            "42": [
                5248,
                2532,
                5247
            ],
            "78": [
                2501,
                5098,
                4963
            ],
            "95": [
                5188,
                2577,
                5189,
                2667
            ],
            "102": [
                5172,
                2456,
                5173
            ],