{
    "config": "N_1000-17120.802913022886s-1_A200",
    "num_vars": 89,
    "num_qubit": 156,
    "time_elapsed": 0.034453392028808594,
    "best_state": {
        "sample": [
            1,
            1,
            0,
            0,
            0,
            1,
            0,
            0,
            0,
            0,
            0,
            0,
            0,
            0,
            0,
            0,
            0,
            0,
            0,
            0,
            0,
            0,
            0,
            0,
            0,
            0,
            0,
            0,
            0,
            0,
            0,
            0,
            0,
            0,
            0,
            1,
            1,
            1,
            0,
            1,
            1,
            1,
            1,
            1,
            1,
            1,
            1,
            0,
            1,
            1,
            0,
            0,
            0,
            0,
            1,
            1,
            1,
            1,
            1,
            1,
            1,
            1,
            1,
            0,
            0,
            0,
            0,
            0,
            0,
            0,
            0,
            0,
            0,
            0,
            0,
            0,
            0,
            0,
            0,
            0,
            0,
            0,
            0,
            0,
            0,
            0,
            0,
            0,
            0
        ],
        "energy": 3898.0,
        "chain_break_fraction": 0.011235955056179775
    },
    "chain_strength_prefactor": 0.35,
    "chain_strength": 17120.802913022886,
    "max_chain_length": 3,
    "timing_info": {
        "qpu_sampling_time": 285520.0,
        "qpu_anneal_time_per_sample": 200.0,
        "qpu_readout_time_per_sample": 64.98,
        "qpu_access_time": 301448.77,
        "qpu_access_overhead_time": 2220.23,
        "qpu_programming_time": 15928.77,
        "qpu_delay_time_per_sample": 20.54,
        "total_post_processing_time": 64.0,
        "post_processing_overhead_time": 64.0
    },
    "embedding_info": {
        "embedding": {
            "34": [
                3713,
                1594,
                1609
            ],
            "35": [
                1684,
                3923,
                3803
            ],
            "40": [
                3832,
                3833
            ],
            "36": [
                3817,
                3818,
                1655
            ],
            "41": [
                1490,
                3848
            ],
            "37": [
                3953,
                1595,
                3952
            ],
            "42": [
                1519,
                1518,
                1520
            ],
            "38": [
                1610,
                3968
            ],
            "43": [
                1580,
                3698,
                1579
            ],
            "39": [
                1549,
                1548,
                1550
            ],
            "44": [
                1639,
                1640,
                3668
            ],
            "45": [
                3864,
                3863,
                1699
            ],
            "46": [
                1475,
                3922
            ],
            "47": [
                1564,
                1565
            ],
            "48": [
                1534,
                3788
            ],
            "49": [
                1505,
                1504
            ],
            "50": [
                1670,
                3983,
                3982
            ],
            "51": [
                3893,
                1625
            ],
            "52": [
                4042,
                1430,
                4043
            ],
            "53": [
                1295,
                3877,
                3878
            ],
            "54": [
                3907,
                3906,
                3908
            ],
            "4": [
                3712
            ],
            "8": [
                3714
            ],
            "5": [
                3804
            ],
            "12": [
                1654
            ],
            "6": [
                1384
            ],
            "16": [
                1805,
                3879,
                1804
            ],
            "7": [
                3998
            ],
            "30": [
                3682,
                3683
            ],
            "9": [
                4028
            ],
            "20": [
                3637
            ],
            "10": [
                1581
            ],
            "25": [
                3802,
                1489
            ],
            "11": [
                1641
            ],
            "31": [
                3667
            ],
            "13": [
                3862
            ],
            "17": [
                1729
            ],
            "14": [
                1476
            ],
            "21": [
                3772,
                1474,
                3773
            ],
            "15": [
                1566
            ],
            "26": [
                3757
            ],
            "18": [
                4102,
                1535,
                4103
            ],
            "22": [
                3997
            ],
            "19": [
                1415,
                1416
            ],
            "27": [
                3921,
                1400
            ],
            "23": [
                1340
            ],
            "28": [
                1311,
                1310
            ],
            "24": [
                1296
            ],
            "32": [
                1234,
                3816,
                1235
            ],
            "29": [
                1250,
                3891
            ],
            "33": [
                1265,
                3966
            ],
            "0": [
                3699
            ],
            "55": [
                1669
            ],
            "56": [
                3669
            ],
            "57": [
                3684
            ],
            "1": [
                1353
            ],
            "59": [
                1368
            ],
            "60": [
                3652
            ],
            "61": [
                1444
            ],
            "63": [
                1714
            ],
            "64": [
                3758
            ],
            "2": [
                1399
            ],
            "66": [
                3847
            ],
            "67": [
                1355,
                1354
            ],
            "68": [
                4012,
                1446
            ],
            "69": [
                1445,
                3967
            ],
            "72": [
                1491
            ],
            "73": [
                4086,
                4087
            ],
            "74": [
                1266,
                4011
            ],
            "75": [
                1236,
                4131
            ],
            "79": [
                1431,
                4117
            ],
            "80": [
                4057
            ],
            "81": [
                1325
            ],
            "82": [
                3951
            ],
            "3": [
                4013
            ],
            "86": [
                1626
            ],
            "87": [
                4147,
                4148,
                4146
            ],
            "88": [
                3996,
                1281
            ],
            "89": [
                1280
            ],
            "70": [
                1730,
                3969
            ],