{
    "config": "N_1000-19566.63190059759s-1_A200",
    "num_vars": 89,
    "num_qubit": 164,
    "time_elapsed": 0.08057475090026855,
    "best_state": {
        "sample": [
            1,
            1,
            0,
            0,
            0,
            1,
            0,
            0,
            0,
            0,
            0,
            0,
            0,
            0,
            0,
            0,
            0,
            0,
            0,
            0,
            0,
            0,
            0,
            0,
            0,
            0,
            0,
            0,
            0,
            0,
            0,
            0,
            0,
            0,
            0,
            1,
            1,
            0,
            0,
            1,
            1,
            1,
            1,
            0,
            1,
            0,
            0,
            0,
            0,
            0,
            0,
            1,
            0,
            1,
            1,
            1,
            1,
            1,
            1,
            1,
            1,
            1,
            1,
            0,
            0,
            0,
            0,
            0,
            0,
            0,
            0,
            0,
            0,
            0,
            0,
            0,
            0,
            0,
            0,
            0,
            0,
            0,
            0,
            0,
            0,
            0,
            0,
            0,
            0
        ],
        "energy": 3898.0,
        "chain_break_fraction": 0.0
    },
    "chain_strength_prefactor": 0.4,
    "chain_strength": 19566.63190059759,
    "max_chain_length": 4,
    "timing_info": {
        "qpu_sampling_time": 293340.0,
        "qpu_anneal_time_per_sample": 200.0,
        "qpu_readout_time_per_sample": 72.8,
        "qpu_access_time": 309102.77,
        "qpu_access_overhead_time": 3759.23,
        "qpu_programming_time": 15762.77,
        "qpu_delay_time_per_sample": 20.54,
        "total_post_processing_time": 46.0,
        "post_processing_overhead_time": 46.0
    },
    "embedding_info": {
        "embedding": {
            "34": [
                1638,
                1637,
                3518
            ],
            "35": [
                3504,
                3503
            ],
            "40": [
                1697,
                3519
            ],
            "36": [
                3593,
                1623
            ],
            "41": [
                1473,
                3562,
                3563
            ],
            "37": [
                3458,
                1682,
                3459,
                1577
            ],
            "42": [
                3533,
                3534,
                3532
            ],
            "38": [
                3609,
                3608,
                1818
            ],
            "43": [
                3578,
                1758,
                3577
            ],
            "39": [
                1608,
                1607
            ],
            "44": [
                1562,
                1563,
                3473
            ],
            "45": [
                3488,
                3489,
                1488
            ],
            "46": [
                1727,
                1728
            ],
            "47": [
                1712,
                3743,
                1713
            ],
            "48": [
                1592,
                3398,
                1593
            ],
            "49": [
                3548,
                3547,
                1743
            ],
            "50": [
                1669,
                1668
            ],
            "51": [
                1654,
                1653,
                3638
            ],
            "52": [
                3669,
                1773,
                1683
            ],
            "53": [
                1578,
                3683,
                3684
            ],
            "54": [
                1698,
                3653
            ],
            "4": [
                3277,
                3278
            ],
            "8": [
                3368
            ],
            "5": [
                1502
            ],
            "12": [
                1742
            ],
            "6": [
                3457
            ],
            "21": [
                3338,
                3337
            ],
            "7": [
                1820,
                1819
            ],
            "25": [
                1817
            ],
            "9": [
                1474
            ],
            "16": [
                3472,
                1367
            ],
            "10": [
                1337
            ],
            "22": [
                1307,
                1308
            ],
            "11": [
                3428
            ],
            "29": [
                1412,
                3382
            ],
            "13": [
                1489
            ],
            "17": [
                1517
            ],
            "14": [
                1714
            ],
            "26": [
                3324,
                3323,
                1711
            ],
            "15": [
                3443
            ],
            "30": [
                3397,
                1427
            ],
            "18": [
                1428
            ],
            "23": [
                1459,
                1458
            ],
            "19": [
                3773,
                3772
            ],
            "27": [
                3803,
                3804
            ],
            "20": [
                1533,
                3742,
                1532
            ],
            "31": [
                3787,
                3786,
                3788
            ],
            "24": [
                3592,
                1503
            ],
            "32": [
                3682,
                1353
            ],
            "28": [
                3698,
                3699
            ],
            "33": [
                1624
            ],
            "0": [
                3383
            ],
            "55": [
                1757
            ],
            "56": [
                3339
            ],
            "57": [
                3353,
                3354
            ],
            "1": [
                1351
            ],
            "59": [
                1366
            ],
            "60": [
                1397,
                3381
            ],
            "61": [
                3367,
                3366
            ],
            "63": [
                3412,
                1487
            ],
            "64": [
                1472
            ],
            "66": [
                3637
            ],
            "67": [
                1444,
                1564,
                3727
            ],
            "68": [
                1579
            ],
            "69": [
                3757,
                1534
            ],
            "2": [
                1382
            ],
            "73": [
                1352,
                3396
            ],
            "74": [
                3517
            ],
            "75": [
                1413
            ],
            "76": [
                3622
            ],
            "3": [
                1805
            ],
            "79": [
                3864
            ],
            "80": [
                1729
            ],
            "81": [
                3758
            ],
            "82": [
                3728,
                1609
            ],
            "85": [
                1547
            ],
            "86": [
                1548
            ],
            "87": [
                3713
            ],
            "88": [
                1639
            ],