{
    "config": "N_1000-12229.144937873492s-1_A200",
    "num_vars": 89,
    "num_qubit": 165,
    "time_elapsed": 0.049329280853271484,
    "best_state": {
        "sample": [
            1,
            0,
            0,
            1,
            0,
            1,
            0,
            0,
            0,
            0,
            0,
            0,
            0,
            0,
            0,
            0,
            0,
            0,
            0,
            0,
            0,
            0,
            0,
            0,
            0,
            0,
            0,
            0,
            0,
            0,
            0,
            1,
            0,
            0,
            1,
            1,
            1,
            0,
            1,
            1,
            0,
            0,
            0,
            1,
            0,
            0,
            0,
            1,
            0,
            0,
            1,
            0,
            1,
            1,
            0,
            1,
            1,
            1,
            0,
            0,
            0,
            1,
            1,
            0,
            0,
            0,
            0,
            0,
            0,
            0,
            0,
            0,
            0,
            0,
            0,
            0,
            0,
            0,
            0,
            0,
            0,
            0,
            0,
            1,
            1,
            1,
            1,
            1,
            1
        ],
        "energy": 3999.0,
        "chain_break_fraction": 0.02247191011235955
    },
    "chain_strength_prefactor": 0.25,
    "chain_strength": 12229.144937873492,
    "max_chain_length": 4,
    "timing_info": {
        "qpu_sampling_time": 299920.0,
        "qpu_anneal_time_per_sample": 200.0,
        "qpu_readout_time_per_sample": 79.38,
        "qpu_access_time": 315679.97,
        "qpu_access_overhead_time": 3125.03,
        "qpu_programming_time": 15759.97,
        "qpu_delay_time_per_sample": 20.54,
        "total_post_processing_time": 1.0,
        "post_processing_overhead_time": 1.0
    },
    "embedding_info": {
        "embedding": {
            "34": [
                1750,
                1749,
                4838
            ],
            "35": [
                1689,
                4718,
                4719
            ],
            "40": [
                1569,
                4763,
                4764
            ],
            "36": [
                1599,
                1600
            ],
            "41": [
                4734,
                4733,
                1539
            ],
            "37": [
                1719,
                4808
            ],
            "42": [
                4748,
                4749
            ],
            "38": [
                1718,
                4628,
                1764
            ],
            "43": [
                1674,
                1675
            ],
            "39": [
                4704,
                1824,
                4703
            ],
            "44": [
                4644,
                4643,
                1779
            ],
            "45": [
                1584,
                1585,
                4598
            ],
            "46": [
                1554,
                4778,
                4779
            ],
            "47": [
                1703,
                1704,
                4599
            ],
            "48": [
                4688,
                4689
            ],
            "49": [
                1629,
                4553,
                1630,
                4658
            ],
            "50": [
                4613,
                1538,
                4614
            ],
            "51": [
                1613,
                1614
            ],
            "52": [
                1644,
                1643,
                4538,
                1645
            ],
            "53": [
                1733,
                1734,
                4478
            ],
            "54": [
                1659,
                4673
            ],
            "4": [
                4837
            ],
            "8": [
                4839
            ],
            "5": [
                4717
            ],
            "12": [
                1855
            ],
            "6": [
                1717
            ],
            "26": [
                4509,
                4570,
                1868
            ],
            "7": [
                4554
            ],
            "30": [
                4584
            ],
            "9": [
                4672
            ],
            "16": [
                4732
            ],
            "10": [
                1344,
                4747
            ],
            "21": [
                1479,
                4687,
                1509
            ],
            "11": [
                1778
            ],
            "31": [
                1809,
                1810
            ],
            "13": [
                4657
            ],
            "17": [
                1434,
                4642,
                4762
            ],
            "14": [
                1329,
                4777
            ],
            "22": [
                1524,
                1523
            ],
            "15": [
                1702
            ],
            "27": [
                4523,
                4524
            ],
            "18": [
                4552
            ],
            "23": [
                4583,
                4582
            ],
            "19": [
                1537,
                4447
            ],
            "28": [
                4627,
                1553
            ],
            "20": [
                1628,
                4463,
                4403
            ],
            "32": [
                4493,
                4492
            ],
            "24": [
                1568,
                1567
            ],
            "29": [
                4373,
                4372
            ],
            "25": [
                4448,
                1732
            ],
            "33": [
                1673,
                4389
            ],
            "0": [
                4854
            ],
            "55": [
                1840
            ],
            "56": [
                1854,
                1839
            ],
            "57": [
                4585
            ],
            "1": [
                4852
            ],
            "59": [
                1495
            ],
            "60": [
                1480
            ],
            "61": [
                4794,
                4793
            ],
            "63": [
                1374,
                4702
            ],
            "64": [
                1373,
                4522
            ],
            "66": [
                1464
            ],
            "67": [
                1508,
                4537
            ],
            "68": [
                4477
            ],
            "69": [
                1478
            ],
            "73": [
                1388,
                1389,
                4671
            ],
            "74": [
                1403,
                1402
            ],
            "75": [
                4357,
                4358
            ],
            "76": [
                1658
            ],
            "2": [
                4313
            ],
            "80": [
                4298
            ],
            "81": [
                4343,
                1612
            ],
            "82": [
                4328
            ],
            "83": [
                1582
            ],
            "3": [
                4539
            ],
            "86": [
                1793
            ],
            "87": [
                4464
            ],