{
    "config": "L_1000-212.74589864743422s-1_A200",
    "num_vars": 69,
    "num_qubit": 124,
    "time_elapsed": 0.029826879501342773,
    "best_state": {
        "sample": [
            0,
            0,
            1,
            1,
            0,
            0,
            0,
            1,
            0,
            0,
            1,
            0,
            0,
            1,
            1,
            1,
            0,
            1,
            0,
            1,
            1,
            1,
            0,
            1,
            0,
            0,
            1,
            0,
            0,
            0,
            0,
            0,
            0,
            0,
            0,
            0,
            0,
            0,
            0,
            0,
            0,
            1,
            0,
            0,
            0,
            0,
            1,
            0,
            1,
            0,
            0,
            0,
            0,
            1,
            0,
            0,
            0,
            1,
            0,
            0,
            1,
            0,
            0,
            1,
            0,
            1,
            0,
            1,
            0
        ],
        "energy": 1110.0,
        "chain_break_fraction": 0.028985507246376812
    },
    "chain_strength_prefactor": 0.3,
    "chain_strength": 212.74589864743422,
    "max_chain_length": 3,
    "timing_info": {
        "qpu_sampling_time": 266880.0,
        "qpu_anneal_time_per_sample": 200.0,
        "qpu_readout_time_per_sample": 46.34,
        "qpu_access_time": 282806.37,
        "qpu_access_overhead_time": 1100.63,
        "qpu_programming_time": 15926.37,
        "qpu_delay_time_per_sample": 20.54,
        "total_post_processing_time": 19.0,
        "post_processing_overhead_time": 19.0
    },
    "embedding_info": {
        "embedding": {
            "3": [
                3210,
                211,
                3136
            ],
            "0": [
                3151,
                3152,
                496
            ],
            "6": [
                271,
                3225,
                270
            ],
            "9": [
                302,
                3436,
                301
            ],
            "12": [
                3195,
                3196,
                3197
            ],
            "16": [
                285,
                3076,
                3180
            ],
            "20": [
                3301,
                331,
                316
            ],
            "1": [
                3317,
                542
            ],
            "2": [
                481
            ],
            "4": [
                255
            ],
            "5": [
                3090
            ],
            "7": [
                197,
                3375
            ],
            "8": [
                241
            ],
            "10": [
                3421
            ],
            "11": [
                287
            ],
            "13": [
                3107,
                571
            ],
            "14": [
                556
            ],
            "15": [
                3182
            ],
            "17": [
                3031,
                3030
            ],
            "18": [
                390
            ],
            "19": [
                405
            ],
            "21": [
                377,
                376
            ],
            "22": [
                3256
            ],
            "23": [
                3241
            ],
            "47": [
                526
            ],
            "61": [
                3302,
                466
            ],
            "48": [
                3257
            ],
            "62": [
                3226,
                451
            ],
            "49": [
                3167,
                391,
                3166
            ],
            "54": [
                240,
                3075
            ],
            "50": [
                3106,
                420,
                3105
            ],
            "55": [
                150
            ],
            "42": [
                3390
            ],
            "63": [
                212,
                3270
            ],
            "43": [
                242,
                3420
            ],
            "64": [
                227,
                3316
            ],
            "36": [
                3496,
                272
            ],
            "65": [
                332,
                3406
            ],
            "37": [
                3405,
                317
            ],
            "66": [
                3451,
                378
            ],
            "24": [
                511,
                510
            ],
            "30": [
                3137,
                525
            ],
            "56": [
                3077,
                600
            ],
            "25": [
                3227,
                541
            ],
            "31": [
                3121,
                3122
            ],
            "57": [
                3092,
                465
            ],
            "33": [
                3045,
                315
            ],
            "51": [
                3046,
                450
            ],
            "67": [
                2971,
                330
            ],
            "34": [
                3061,
                3060,
                3062
            ],
            "52": [
                495,
                2987
            ],
            "68": [
                3016,
                375
            ],
            "27": [
                497,
                3361
            ],
            "39": [
                3346,
                3347
            ],
            "44": [
                347,
                3391
            ],
            "58": [
                361,
                360,
                362
            ],
            "28": [
                436
            ],
            "40": [
                3271,
                286
            ],
            "45": [
                422,
                421
            ],
            "59": [
                346,
                345,
                3286
            ],
            "26": [
                3242
            ],
            "29": [
                3376
            ],
            "32": [
                406
            ],
            "35": [
                165
            ],
            "38": [
                257
            ],
            "41": [
                3331
            ],
            "46": [
                3466
            ],
            "53": [
                480
            ],
            "60": [
                2986
            ]
        },
        "chain_break_method": "majority_vote",
        "embedding_parameters": {},
        "chain_strength": 212.74589864743422
    }
}