{
    "config": "N_1000-448.3648590991494s-1_A200",
    "num_vars": 40,
    "num_qubit": 66,
    "time_elapsed": 0.028266191482543945,
    "best_state": {
        "sample": [
            1,
            0,
            0,
            0,
            0,
            0,
            0,
            0,
            1,
            1,
            1,
            1,
            0,
            0,
            0,
            1,
            1,
            0,
            0,
            0,
            0,
            0,
            0,
            0,
            0,
            0,
            0,
            0,
            1,
            1,
            0,
            1,
            1,
            0,
            0,
            1,
            1,
            1,
            1,
            0
        ],
        "energy": 151.0,
        "chain_break_fraction": 0.0
    },
    "chain_strength_prefactor": 0.25,
    "chain_strength": 448.3648590991494,
    "max_chain_length": 2,
    "timing_info": {
        "qpu_sampling_time": 273160.0,
        "qpu_anneal_time_per_sample": 200.0,
        "qpu_readout_time_per_sample": 52.62,
        "qpu_access_time": 289087.57,
        "qpu_access_overhead_time": 1354.43,
        "qpu_programming_time": 15927.57,
        "qpu_delay_time_per_sample": 20.54,
        "total_post_processing_time": 1.0,
        "post_processing_overhead_time": 1.0
    },
    "embedding_info": {
        "embedding": {
            "16": [
                561,
                4112
            ],
            "17": [
                4037,
                4038
            ],
            "21": [
                4022,
                485
            ],
            "18": [
                4142,
                591
            ],
            "22": [
                4007,
                576
            ],
            "19": [
                620,
                4082
            ],
            "23": [
                3991,
                3992
            ],
            "20": [
                516,
                515
            ],
            "24": [
                530,
                531
            ],
            "25": [
                500,
                501
            ],
            "26": [
                440,
                4081
            ],
            "27": [
                455,
                3977
            ],
            "28": [
                546,
                4052
            ],
            "29": [
                4068,
                4067
            ],
            "30": [
                470,
                3962
            ],
            "2": [
                592
            ],
            "8": [
                441,
                4141
            ],
            "3": [
                3872
            ],
            "13": [
                4157,
                4156
            ],
            "4": [
                4021
            ],
            "6": [
                3916
            ],
            "5": [
                289,
                290
            ],
            "10": [
                350
            ],
            "7": [
                439
            ],
            "11": [
                335,
                4006
            ],
            "9": [
                410,
                411
            ],
            "14": [
                486
            ],
            "12": [
                3931
            ],
            "15": [
                365,
                3961
            ],
            "0": [
                577
            ],
            "34": [
                4172
            ],
            "35": [
                456,
                4111
            ],
            "1": [
                3781
            ],
            "36": [
                3796
            ],
            "37": [
                424,
                3811
            ],
            "38": [
                425
            ],
            "40": [
                3976,
                395
            ],
            "41": [
                380,
                381
            ],
            "39": [
                3946
            ],
            "42": [
                366,
                4126
            ]
        },
        "chain_break_method": "majority_vote",
        "embedding_parameters": {},
        "chain_strength": 448.3648590991494
    }
}