{
    "config": "N_1000-358.6918872793195s-1_A200",
    "num_vars": 40,
    "num_qubit": 59,
    "time_elapsed": 0.08910965919494629,
    "best_state": {
        "sample": [
            1,
            0,
            0,
            0,
            0,
            0,
            0,
            0,
            1,
            1,
            1,
            1,
            0,
            0,
            0,
            0,
            0,
            0,
            0,
            0,
            0,
            1,
            1,
            1,
            1,
            0,
            0,
            1,
            1,
            1,
            1,
            1,
            1,
            1,
            1,
            1,
            1,
            1,
            0,
            0
        ],
        "energy": 699.0,
        "chain_break_fraction": 0.05
    },
    "chain_strength_prefactor": 0.2,
    "chain_strength": 358.6918872793195,
    "max_chain_length": 2,
    "timing_info": {
        "qpu_sampling_time": 287100.0,
        "qpu_anneal_time_per_sample": 200.0,
        "qpu_readout_time_per_sample": 66.56,
        "qpu_access_time": 303027.97,
        "qpu_access_overhead_time": 1549.03,
        "qpu_programming_time": 15927.97,
        "qpu_delay_time_per_sample": 20.54,
        "total_post_processing_time": 1.0,
        "post_processing_overhead_time": 1.0
    },
    "embedding_info": {
        "embedding": {
            "16": [
                2644
            ],
            "17": [
                2659
            ],
            "21": [
                3869,
                2674
            ],
            "18": [
                3763,
                2524
            ],
            "22": [
                3808,
                3809
            ],
            "19": [
                2554,
                3733
            ],
            "23": [
                3719,
                2704
            ],
            "20": [
                3749,
                3748
            ],
            "24": [
                3794,
                2734
            ],
            "25": [
                2584,
                3854
            ],
            "26": [
                3779,
                3778
            ],
            "27": [
                3704,
                2689
            ],
            "28": [
                2598,
                2599
            ],
            "29": [
                3793,
                2569
            ],
            "30": [
                3689,
                2719
            ],
            "2": [
                2539
            ],
            "11": [
                2628
            ],
            "3": [
                2778
            ],
            "14": [
                2613
            ],
            "4": [
                2555
            ],
            "6": [
                3868
            ],
            "5": [
                2448,
                2449
            ],
            "8": [
                2509
            ],
            "7": [
                2583
            ],
            "9": [
                3823
            ],
            "10": [
                3658
            ],
            "12": [
                3598,
                2658
            ],
            "13": [
                2688
            ],
            "15": [
                3659
            ],
            "0": [
                2433
            ],
            "34": [
                3613
            ],
            "35": [
                3583,
                2523
            ],
            "36": [
                2508
            ],
            "38": [
                3643,
                3644
            ],
            "39": [
                2673
            ],
            "1": [
                2763
            ],
            "41": [
                3629
            ],
            "42": [
                3614,
                2643
            ],
            "37": [
                2493,
                2494
            ],
            "40": [
                3674
            ]
        },
        "chain_break_method": "majority_vote",
        "embedding_parameters": {},
        "chain_strength": 358.6918872793195
    }
}