{
    "config": "N_1000-627.710802738809s-1_A200",
    "num_vars": 40,
    "num_qubit": 59,
    "time_elapsed": 0.022584199905395508,
    "best_state": {
        "sample": [
            1,
            0,
            0,
            0,
            0,
            0,
            0,
            0,
            1,
            1,
            1,
            1,
            0,
            0,
            0,
            1,
            0,
            0,
            0,
            0,
            0,
            1,
            0,
            0,
            0,
            0,
            0,
            0,
            1,
            1,
            0,
            1,
            1,
            0,
            0,
            1,
            1,
            1,
            1,
            0
        ],
        "energy": 151.0,
        "chain_break_fraction": 0.0
    },
    "chain_strength_prefactor": 0.35,
    "chain_strength": 627.710802738809,
    "max_chain_length": 3,
    "timing_info": {
        "qpu_sampling_time": 285600.0,
        "qpu_anneal_time_per_sample": 200.0,
        "qpu_readout_time_per_sample": 65.06,
        "qpu_access_time": 301525.57,
        "qpu_access_overhead_time": 818.43,
        "qpu_programming_time": 15925.57,
        "qpu_delay_time_per_sample": 20.54,
        "total_post_processing_time": 21.0,
        "post_processing_overhead_time": 21.0
    },
    "embedding_info": {
        "embedding": {
            "16": [
                5554,
                1034
            ],
            "17": [
                959,
                5465
            ],
            "21": [
                5525,
                5524
            ],
            "18": [
                5480,
                1033
            ],
            "22": [
                1109,
                5510
            ],
            "19": [
                1094,
                5600
            ],
            "23": [
                1124,
                5555
            ],
            "20": [
                1048,
                1049,
                5405
            ],
            "24": [
                5540,
                5539
            ],
            "25": [
                1018
            ],
            "26": [
                5450,
                1139,
                5449
            ],
            "27": [
                973,
                5495
            ],
            "28": [
                5435
            ],
            "29": [
                1003,
                5420,
                1002
            ],
            "30": [
                1063,
                1064
            ],
            "2": [
                5344
            ],
            "8": [
                5330
            ],
            "3": [
                1123
            ],
            "13": [
                1108
            ],
            "4": [
                1198
            ],
            "6": [
                1153
            ],
            "5": [
                1229
            ],
            "10": [
                5481
            ],
            "7": [
                5511
            ],
            "11": [
                5466
            ],
            "9": [
                5315,
                5316
            ],
            "14": [
                5300
            ],
            "12": [
                5345,
                1078
            ],
            "15": [
                5390
            ],
            "0": [
                5359
            ],
            "34": [
                943
            ],
            "35": [
                958
            ],
            "1": [
                1214
            ],
            "36": [
                5496
            ],
            "37": [
                1183
            ],
            "38": [
                5406,
                1228
            ],
            "40": [
                1138
            ],
            "41": [
                5375
            ],
            "39": [
                1213
            ],
            "42": [
                1093
            ]
        },
        "chain_break_method": "majority_vote",
        "embedding_parameters": {},
        "chain_strength": 627.710802738809
    }
}