{
    "config": "N_1000-717.383774558639s-1_A200",
    "num_vars": 40,
    "num_qubit": 61,
    "time_elapsed": 0.023056983947753906,
    "best_state": {
        "sample": [
            1,
            0,
            0,
            0,
            0,
            0,
            0,
            0,
            0,
            0,
            1,
            1,
            1,
            1,
            1,
            0,
            1,
            0,
            0,
            0,
            0,
            0,
            0,
            0,
            0,
            0,
            0,
            0,
            0,
            1,
            1,
            1,
            1,
            0,
            1,
            1,
            0,
            0,
            1,
            1
        ],
        "energy": 151.0,
        "chain_break_fraction": 0.0
    },
    "chain_strength_prefactor": 0.4,
    "chain_strength": 717.383774558639,
    "max_chain_length": 2,
    "timing_info": {
        "qpu_sampling_time": 292020.0,
        "qpu_anneal_time_per_sample": 200.0,
        "qpu_readout_time_per_sample": 71.48,
        "qpu_access_time": 307773.97,
        "qpu_access_overhead_time": 4004.03,
        "qpu_programming_time": 15753.97,
        "qpu_delay_time_per_sample": 20.54,
        "total_post_processing_time": 1.0,
        "post_processing_overhead_time": 1.0
    },
    "embedding_info": {
        "embedding": {
            "16": [
                1155,
                3110
            ],
            "17": [
                3171,
                1185
            ],
            "21": [
                1140,
                3200
            ],
            "18": [
                1306,
                3111
            ],
            "22": [
                3095,
                3096
            ],
            "19": [
                1261,
                3156
            ],
            "23": [
                1111
            ],
            "20": [
                3186,
                3185
            ],
            "24": [
                3230,
                1081
            ],
            "25": [
                3050,
                1170
            ],
            "26": [
                3126
            ],
            "27": [
                1216,
                1215
            ],
            "28": [
                3141,
                1245
            ],
            "29": [
                1201,
                1200
            ],
            "30": [
                3215,
                1126
            ],
            "2": [
                3216
            ],
            "8": [
                1291
            ],
            "3": [
                1260
            ],
            "11": [
                3201
            ],
            "4": [
                1051
            ],
            "6": [
                1066
            ],
            "5": [
                1156
            ],
            "13": [
                1082,
                3305
            ],
            "7": [
                1217
            ],
            "14": [
                3290,
                3291
            ],
            "9": [
                3142,
                1320
            ],
            "12": [
                1276,
                3231
            ],
            "10": [
                3246
            ],
            "15": [
                3321
            ],
            "34": [
                1246
            ],
            "35": [
                1231
            ],
            "0": [
                1275
            ],
            "37": [
                3036
            ],
            "38": [
                1365,
                1366
            ],
            "1": [
                1141
            ],
            "39": [
                3365
            ],
            "40": [
                1186,
                3336
            ],
            "41": [
                1171
            ],
            "36": [
                1321,
                3261
            ],
            "42": [
                3380,
                1112
            ]
        },
        "chain_break_method": "majority_vote",
        "embedding_parameters": {},
        "chain_strength": 717.383774558639
    }
}