{
    "config": "N_1000-20442.259581261344s-1_A200",
    "num_vars": 73,
    "num_qubit": 134,
    "time_elapsed": 0.03148603439331055,
    "best_state": {
        "sample": [
            1,
            1,
            0,
            0,
            0,
            0,
            0,
            0,
            0,
            0,
            1,
            0,
            0,
            0,
            0,
            0,
            0,
            0,
            0,
            0,
            0,
            0,
            0,
            0,
            0,
            0,
            0,
            0,
            0,
            0,
            0,
            0,
            0,
            0,
            0,
            0,
            0,
            1,
            1,
            1,
            0,
            1,
            1,
            0,
            1,
            0,
            1,
            1,
            1,
            1,
            0,
            0,
            0,
            0,
            0,
            0,
            0,
            0,
            0,
            0,
            0,
            0,
            0,
            0,
            0,
            0,
            0,
            0,
            0,
            0,
            0,
            0,
            0
        ],
        "energy": 5413.0,
        "chain_break_fraction": 0.0
    },
    "chain_strength_prefactor": 0.3,
    "chain_strength": 20442.259581261344,
    "max_chain_length": 3,
    "timing_info": {
        "qpu_sampling_time": 338880.0,
        "qpu_anneal_time_per_sample": 200.0,
        "qpu_readout_time_per_sample": 118.34,
        "qpu_access_time": 354640.37,
        "qpu_access_overhead_time": 1787.63,
        "qpu_programming_time": 15760.37,
        "qpu_delay_time_per_sample": 20.54,
        "total_post_processing_time": 14.0,
        "post_processing_overhead_time": 14.0
    },
    "embedding_info": {
        "embedding": {
            "27": [
                731,
                730,
                4908
            ],
            "28": [
                4893,
                4892,
                715
            ],
            "33": [
                654,
                655
            ],
            "29": [
                4847,
                670
            ],
            "34": [
                4862,
                4863
            ],
            "30": [
                4772,
                550,
                4773
            ],
            "35": [
                4877,
                4878
            ],
            "31": [
                4907,
                535
            ],
            "36": [
                595,
                4758,
                596
            ],
            "32": [
                4802,
                4803
            ],
            "37": [
                4968,
                746,
                745
            ],
            "38": [
                640,
                639
            ],
            "39": [
                520,
                4817
            ],
            "40": [
                4788,
                4787
            ],
            "41": [
                686,
                685,
                4953
            ],
            "42": [
                4832,
                565,
                566
            ],
            "43": [
                581,
                580,
                4982
            ],
            "44": [
                700,
                4938,
                4937
            ],
            "45": [
                4922,
                490,
                4923
            ],
            "46": [
                610,
                609,
                611
            ],
            "47": [
                625,
                624,
                626
            ],
            "5": [
                4894
            ],
            "10": [
                4891
            ],
            "6": [
                4757
            ],
            "15": [
                430,
                429
            ],
            "7": [
                475
            ],
            "11": [
                4744,
                775,
                760
            ],
            "8": [
                594
            ],
            "19": [
                5057,
                5058
            ],
            "9": [
                5013
            ],
            "23": [
                716
            ],
            "12": [
                4712,
                4713
            ],
            "16": [
                4967
            ],
            "13": [
                4728,
                4727
            ],
            "20": [
                551
            ],
            "14": [
                820,
                4848
            ],
            "24": [
                701
            ],
            "17": [
                416,
                5026
            ],
            "21": [
                491,
                4996
            ],
            "18": [
                5176,
                5177,
                5178
            ],
            "25": [
                597,
                5162
            ],
            "22": [
                747,
                5118
            ],
            "26": [
                5133,
                641
            ],
            "0": [
                776
            ],
            "49": [
                761
            ],
            "50": [
                5043
            ],
            "1": [
                926
            ],
            "53": [
                4952,
                521
            ],
            "54": [
                4997,
                4998
            ],
            "55": [
                4983
            ],
            "2": [
                4742
            ],
            "58": [
                474
            ],
            "59": [
                460,
                459
            ],
            "60": [
                461,
                5072
            ],
            "61": [
                5161
            ],
            "3": [
                579
            ],
            "64": [
                489,
                4697
            ],
            "65": [
                506,
                505,
                504
            ],
            "66": [
                5011,
                5012
            ],
            "67": [
                656
            ],
            "4": [
                5028
            ],
            "70": [
                836,
                835
            ],
            "71": [
                821
            ],
            "72": [
                732,
                5163
            ],
            "73": [
                5148
            ],
            "56": [
                789
            ],
            "57": [
                804,
                805
            ],
            "62": [
                4906,
                445
            ],
            "63": [
                446
            ],
            "68": [
                536,
                5042
            ],
            "69": [
                5088,
                5087
            ],
            "74": [
                5103
            ],
            "75": [
                582
            ]
        },
        "chain_break_method": "majority_vote",
        "embedding_parameters": {},
        "chain_strength": 20442.259581261344
    }
}