{
    "config": "F_1000-2071.1105309985037s-1_A200",
    "num_vars": 31,
    "num_qubit": 52,
    "time_elapsed": 0.015000104904174805,
    "best_state": {
        "sample": [
            1,
            1,
            0,
            0,
            0,
            0,
            0,
            0,
            0,
            0,
            0,
            1,
            0,
            1,
            1,
            0,
            1,
            1,
            1,
            0,
            0,
            0,
            0,
            0,
            0,
            1,
            0,
            0,
            0,
            0,
            0
        ],
        "energy": 193.0,
        "chain_break_fraction": 0.0
    },
    "chain_strength": 2071.1105309985037,
    "max_chain_length": 3,
    "timing_info": {
        "qpu_sampling_time": 331020.0,
        "qpu_anneal_time_per_sample": 200.0,
        "qpu_readout_time_per_sample": 110.48,
        "qpu_access_time": 346783.57,
        "qpu_access_overhead_time": 1780.43,
        "qpu_programming_time": 15763.57,
        "qpu_delay_time_per_sample": 20.54,
        "total_post_processing_time": 34.0,
        "post_processing_overhead_time": 34.0
    },
    "embedding_info": {
        "embedding": {
            "16": [
                4159,
                936
            ],
            "17": [
                4160,
                996
            ],
            "21": [
                981,
                4250
            ],
            "18": [
                4099,
                995,
                921
            ],
            "22": [
                4129
            ],
            "19": [
                1056,
                4070
            ],
            "23": [
                952,
                951
            ],
            "20": [
                1010,
                1011,
                4025
            ],
            "24": [
                4235,
                966
            ],
            "25": [
                1041,
                1042
            ],
            "26": [
                4220
            ],
            "27": [
                1102,
                4175
            ],
            "28": [
                1026,
                4055
            ],
            "29": [
                4115,
                4114,
                1071
            ],
            "30": [
                4205
            ],
            "2": [
                4010,
                1145
            ],
            "8": [
                3995
            ],
            "3": [
                4085
            ],
            "11": [
                1086
            ],
            "4": [
                4264
            ],
            "6": [
                1072
            ],
            "5": [
                4236,
                1132
            ],
            "13": [
                4280,
                1087
            ],
            "7": [
                1161
            ],
            "14": [
                4265
            ],
            "9": [
                1101
            ],
            "12": [
                4145,
                1116
            ],
            "10": [
                1146
            ],
            "15": [
                4130,
                1131
            ],
            "0": [
                4100
            ],
            "1": [
                1191,
                4221
            ]
        },
        "chain_break_method": "majority_vote",
        "embedding_parameters": {},
        "chain_strength": 2071.1105309985037
    }
}