{
    "config": "N_1000-18049.18473484999s-1_A200",
    "num_vars": 93,
    "num_qubit": 174,
    "time_elapsed": 0.029132366180419922,
    "best_state": {
        "sample": [
            1,
            0,
            0,
            0,
            0,
            0,
            0,
            1,
            0,
            0,
            0,
            0,
            0,
            0,
            1,
            0,
            0,
            0,
            0,
            0,
            0,
            0,
            0,
            0,
            0,
            0,
            0,
            0,
            0,
            1,
            0,
            0,
            0,
            0,
            0,
            0,
            0,
            1,
            0,
            0,
            0,
            1,
            1,
            1,
            1,
            1,
            1,
            1,
            0,
            1,
            0,
            0,
            0,
            0,
            0,
            1,
            0,
            0,
            1,
            1,
            0,
            1,
            1,
            1,
            0,
            0,
            0,
            0,
            0,
            0,
            0,
            0,
            0,
            0,
            0,
            0,
            0,
            0,
            0,
            0,
            0,
            0,
            0,
            0,
            0,
            1,
            1,
            1,
            1,
            1,
            1,
            1,
            1
        ],
        "energy": 4245.0,
        "chain_break_fraction": 0.021505376344086023
    },
    "chain_strength_prefactor": 0.25,
    "chain_strength": 18049.18473484999,
    "max_chain_length": 3,
    "timing_info": {
        "qpu_sampling_time": 293140.0,
        "qpu_anneal_time_per_sample": 200.0,
        "qpu_readout_time_per_sample": 72.6,
        "qpu_access_time": 309065.57,
        "qpu_access_overhead_time": 1284.43,
        "qpu_programming_time": 15925.57,
        "qpu_delay_time_per_sample": 20.54,
        "total_post_processing_time": 241.0,
        "post_processing_overhead_time": 241.0
    },
    "embedding_info": {
        "embedding": {
            "35": [
                3595,
                2058
            ],
            "36": [
                3550,
                2103
            ],
            "41": [
                1954,
                1953
            ],
            "37": [
                3640,
                3641
            ],
            "42": [
                1938,
                3625,
                1939
            ],
            "38": [
                2014,
                2013
            ],
            "43": [
                3744,
                3745
            ],
            "39": [
                2029,
                2028,
                3730
            ],
            "44": [
                3610,
                1908
            ],
            "40": [
                3671,
                2043
            ],
            "45": [
                3686,
                2073,
                3685
            ],
            "46": [
                2148,
                3521,
                3520
            ],
            "47": [
                2119,
                2118,
                3775
            ],
            "48": [
                1969,
                1968
            ],
            "49": [
                3656,
                2088,
                3655
            ],
            "50": [
                1984,
                1983,
                3760
            ],
            "51": [
                1999,
                1998,
                3805
            ],
            "52": [
                1923,
                1924,
                3670
            ],
            "53": [
                3700,
                3701,
                1863
            ],
            "54": [
                3715,
                3716,
                1893
            ],
            "55": [
                3579,
                3580,
                3578
            ],
            "3": [
                2087
            ],
            "10": [
                2042
            ],
            "4": [
                3820,
                2015
            ],
            "20": [
                3506
            ],
            "5": [
                3729
            ],
            "25": [
                3490,
                3491
            ],
            "6": [
                2044
            ],
            "29": [
                2179
            ],
            "7": [
                1952
            ],
            "11": [
                3534,
                3535
            ],
            "8": [
                1937
            ],
            "15": [
                3564,
                1907
            ],
            "9": [
                2074,
                3866
            ],
            "30": [
                2164,
                2163
            ],
            "12": [
                1832,
                1833
            ],
            "16": [
                1892,
                3549,
                3460
            ],
            "13": [
                2059
            ],
            "21": [
                2117
            ],
            "14": [
                2089
            ],
            "31": [
                2194,
                2193
            ],
            "17": [
                3759,
                1774
            ],
            "22": [
                3430,
                1982,
                3429
            ],
            "18": [
                1834,
                3804,
                1835
            ],
            "26": [
                3504,
                3505
            ],
            "19": [
                3850,
                1985
            ],
            "32": [
                3865,
                1894
            ],
            "23": [
                3654
            ],
            "27": [
                3699,
                1669
            ],
            "24": [
                1848,
                1849
            ],
            "33": [
                3714,
                1713
            ],
            "28": [
                1683,
                3593
            ],
            "34": [
                1698,
                3684
            ],
            "56": [
                2057,
                3536
            ],
            "57": [
                2178
            ],
            "0": [
                1727
            ],
            "59": [
                3474,
                1818
            ],
            "60": [
                3476,
                3475
            ],
            "1": [
                2072
            ],
            "62": [
                3415
            ],
            "63": [
                1967
            ],
            "64": [
                3446,
                3445
            ],
            "65": [
                3461,
                2222
            ],
            "2": [
                3369
            ],
            "67": [
                1847,
                3340
            ],
            "68": [
                3444
            ],
            "69": [
                1862
            ],
            "70": [
                1878,
                1877,
                1879
            ],
            "71": [
                3895
            ],
            "75": [
                3834,
                3835
            ],
            "76": [
                3758,
                1714
            ],
            "77": [
                1759
            ],
            "78": [
                3609,
                1758
            ],
            "82": [
                1804
            ],
            "83": [
                1819
            ],
            "84": [
                3669
            ],