{
    "config": "N_1000-25268.858628789985s-1_A200",
    "num_vars": 93,
    "num_qubit": 176,
    "time_elapsed": 0.041534423828125,
    "best_state": {
        "sample": [
            1,
            0,
            0,
            0,
            0,
            0,
            0,
            1,
            0,
            0,
            1,
            0,
            0,
            0,
            0,
            0,
            0,
            0,
            0,
            0,
            0,
            0,
            0,
            0,
            0,
            0,
            0,
            0,
            0,
            0,
            0,
            0,
            0,
            0,
            0,
            0,
            0,
            1,
            0,
            1,
            0,
            1,
            1,
            1,
            1,
            0,
            1,
            0,
            1,
            0,
            0,
            0,
            0,
            1,
            0,
            0,
            1,
            1,
            1,
            1,
            0,
            1,
            1,
            1,
            0,
            0,
            0,
            0,
            0,
            0,
            0,
            0,
            0,
            0,
            0,
            0,
            0,
            0,
            0,
            0,
            0,
            0,
            0,
            0,
            0,
            0,
            0,
            0,
            0,
            0,
            0,
            0,
            0
        ],
        "energy": 4233.0,
        "chain_break_fraction": 0.0
    },
    "chain_strength_prefactor": 0.35,
    "chain_strength": 25268.858628789985,
    "max_chain_length": 4,
    "timing_info": {
        "qpu_sampling_time": 323020.0,
        "qpu_anneal_time_per_sample": 200.0,
        "qpu_readout_time_per_sample": 102.48,
        "qpu_access_time": 338947.97,
        "qpu_access_overhead_time": 2490.03,
        "qpu_programming_time": 15927.97,
        "qpu_delay_time_per_sample": 20.54,
        "total_post_processing_time": 454.0,
        "post_processing_overhead_time": 454.0
    },
    "embedding_info": {
        "embedding": {
            "35": [
                907,
                908,
                4234
            ],
            "36": [
                861,
                862,
                863
            ],
            "41": [
                922,
                4294,
                4189
            ],
            "37": [
                4400,
                4399,
                1012
            ],
            "42": [
                982,
                4369
            ],
            "38": [
                4504,
                953
            ],
            "43": [
                4459,
                1028,
                1027
            ],
            "39": [
                847,
                848,
                846
            ],
            "44": [
                923,
                4354
            ],
            "40": [
                878,
                4534,
                877
            ],
            "45": [
                893,
                892
            ],
            "46": [
                4309,
                4308,
                817
            ],
            "47": [
                967,
                968,
                4324
            ],
            "48": [
                832,
                4293,
                833
            ],
            "49": [
                4489,
                1043,
                1042,
                4488
            ],
            "50": [
                937,
                938
            ],
            "51": [
                4443,
                4444,
                997
            ],
            "52": [
                4340,
                4339,
                1162
            ],
            "53": [
                4415,
                4414,
                4416
            ],
            "54": [
                4370,
                1118,
                4520,
                4519
            ],
            "55": [
                4431,
                4430,
                4429
            ],
            "3": [
                4219
            ],
            "10": [
                4055,
                4054
            ],
            "4": [
                4190,
                1011
            ],
            "15": [
                1072,
                1071
            ],
            "5": [
                4580,
                4579
            ],
            "24": [
                845,
                3979,
                965,
                830
            ],
            "6": [
                879
            ],
            "29": [
                4279
            ],
            "7": [
                891
            ],
            "11": [
                4295
            ],
            "8": [
                1029
            ],
            "19": [
                4250
            ],
            "9": [
                894
            ],
            "30": [
                4264
            ],
            "12": [
                4610
            ],
            "20": [
                966,
                4144
            ],
            "13": [
                4564
            ],
            "25": [
                831,
                4159,
                951
            ],
            "14": [
                998
            ],
            "31": [
                1041
            ],
            "16": [
                1103,
                4385,
                4475
            ],
            "21": [
                4175,
                4174
            ],
            "17": [
                1223,
                4445
            ],
            "26": [
                4160,
                1116,
                996
            ],
            "18": [
                4550,
                1163
            ],
            "32": [
                4145,
                1161
            ],
            "22": [
                1238,
                1237
            ],
            "27": [
                1191,
                1192
            ],
            "23": [
                1133,
                4386,
                1207
            ],
            "33": [
                4221,
                1117
            ],
            "28": [
                1298,
                4432
            ],
            "34": [
                1283
            ],
            "56": [
                4070
            ],
            "57": [
                981,
                980
            ],
            "0": [
                4310
            ],
            "59": [
                1057
            ],
            "60": [
                4265,
                1102
            ],
            "1": [
                4204
            ],
            "62": [
                876
            ],
            "63": [
                4129
            ],
            "64": [
                936
            ],
            "65": [
                4099
            ],
            "67": [
                1056
            ],
            "68": [
                4115
            ],
            "69": [
                1146,
                1147,
                1148
            ],
            "2": [
                1044
            ],
            "72": [
                4595
            ],
            "73": [
                1088,
                1089
            ],
            "74": [
                1177,
                4460
            ],
            "75": [
                1176
            ],
            "76": [
                4251
            ],
            "80": [
                4565,
                4566
            ],
            "81": [
                1253,
                4521
            ],
            "82": [
                4446
            ],