{
    "config": "N_1000-28878.695575759983s-1_A200",
    "num_vars": 93,
    "num_qubit": 169,
    "time_elapsed": 0.06383919715881348,
    "best_state": {
        "sample": [
            0,
            1,
            0,
            0,
            0,
            0,
            0,
            0,
            0,
            0,
            1,
            1,
            0,
            0,
            0,
            0,
            0,
            0,
            0,
            0,
            0,
            0,
            0,
            0,
            0,
            0,
            0,
            0,
            0,
            0,
            0,
            0,
            0,
            0,
            0,
            1,
            0,
            1,
            0,
            1,
            1,
            0,
            0,
            0,
            1,
            1,
            1,
            0,
            1,
            1,
            0,
            1,
            1,
            1,
            1,
            0,
            1,
            1,
            1,
            1,
            1,
            1,
            1,
            1,
            0,
            0,
            0,
            0,
            0,
            0,
            0,
            0,
            0,
            0,
            0,
            0,
            0,
            0,
            0,
            0,
            0,
            0,
            0,
            0,
            0,
            0,
            0,
            0,
            0,
            0,
            0,
            0,
            0
        ],
        "energy": 4262.0,
        "chain_break_fraction": 0.0
    },
    "chain_strength_prefactor": 0.4,
    "chain_strength": 28878.695575759983,
    "max_chain_length": 3,
    "timing_info": {
        "qpu_sampling_time": 285280.0,
        "qpu_anneal_time_per_sample": 200.0,
        "qpu_readout_time_per_sample": 64.74,
        "qpu_access_time": 301207.17,
        "qpu_access_overhead_time": 2828.83,
        "qpu_programming_time": 15927.17,
        "qpu_delay_time_per_sample": 20.54,
        "total_post_processing_time": 1.0,
        "post_processing_overhead_time": 1.0
    },
    "embedding_info": {
        "embedding": {
            "35": [
                1444,
                1445
            ],
            "36": [
                1294,
                1295,
                3712
            ],
            "41": [
                3756,
                3757
            ],
            "37": [
                3802,
                3801,
                1339
            ],
            "42": [
                3817,
                1369
            ],
            "38": [
                3877,
                3878
            ],
            "43": [
                3771,
                3772,
                1324
            ],
            "39": [
                1460,
                1459
            ],
            "44": [
                1429,
                1430,
                3697
            ],
            "40": [
                3892,
                3893
            ],
            "45": [
                3922,
                1504
            ],
            "46": [
                1384,
                1385
            ],
            "47": [
                1354,
                3921
            ],
            "48": [
                1414,
                3847,
                1415
            ],
            "49": [
                3907,
                1549,
                3906
            ],
            "50": [
                1399,
                1400
            ],
            "51": [
                3982,
                1475,
                1474
            ],
            "52": [
                1490,
                3967,
                1489
            ],
            "53": [
                1519,
                3787,
                1520
            ],
            "54": [
                3862,
                1625,
                3863
            ],
            "55": [
                3937,
                3938,
                1565
            ],
            "3": [
                3816
            ],
            "10": [
                1323
            ],
            "4": [
                1340
            ],
            "15": [
                3741,
                1309,
                1249
            ],
            "5": [
                1461
            ],
            "25": [
                3637,
                3638
            ],
            "6": [
                1580
            ],
            "31": [
                1640
            ],
            "7": [
                3755
            ],
            "11": [
                1264
            ],
            "8": [
                1326,
                1325
            ],
            "20": [
                1280,
                1279
            ],
            "9": [
                4012
            ],
            "26": [
                3652,
                1428
            ],
            "12": [
                4027
            ],
            "16": [
                3831,
                3832
            ],
            "13": [
                1356,
                1355
            ],
            "21": [
                1265,
                3861
            ],
            "14": [
                1416
            ],
            "27": [
                3727
            ],
            "17": [
                4131,
                1401
            ],
            "22": [
                3997,
                1446,
                3996
            ],
            "18": [
                1476
            ],
            "28": [
                3983,
                1610
            ],
            "19": [
                3952,
                1505
            ],
            "32": [
                3968
            ],
            "23": [
                1521
            ],
            "29": [
                4088,
                4087
            ],
            "24": [
                1626
            ],
            "33": [
                3923,
                1595,
                1596
            ],
            "30": [
                1700
            ],
            "34": [
                1745,
                1746
            ],
            "56": [
                1353,
                3682
            ],
            "57": [
                1639,
                3683
            ],
            "0": [
                1188,
                3711
            ],
            "59": [
                3636
            ],
            "60": [
                3651
            ],
            "1": [
                1174
            ],
            "62": [
                3770,
                1219
            ],
            "63": [
                1204
            ],
            "64": [
                3786,
                1189
            ],
            "65": [
                3726,
                1234
            ],
            "67": [
                4042
            ],
            "68": [
                4043,
                1491
            ],
            "69": [
                1535
            ],
            "70": [
                1550
            ],
            "2": [
                4237
            ],
            "74": [
                4252
            ],
            "75": [
                1371
            ],
            "76": [
                1431,
                4147
            ],
            "77": [
                1611,
                4148
            ],
            "78": [
                4118
            ],
            "82": [
                4057,
                1370
            ],
            "83": [
                4162,
                1386
            ],
            "84": [
                4177,
                1477
            ],
            "85": [
                4224,
                4223
            ],
            "86": [
                4059,
                1761
            ],