{
    "config": "N_1000-21659.021681819984s-1_A200",
    "num_vars": 93,
    "num_qubit": 175,
    "time_elapsed": 0.05474209785461426,
    "best_state": {
        "sample": [
            1,
            0,
            0,
            0,
            0,
            0,
            0,
            1,
            0,
            0,
            0,
            0,
            0,
            1,
            0,
            0,
            0,
            0,
            0,
            0,
            0,
            0,
            0,
            0,
            1,
            0,
            0,
            0,
            0,
            0,
            0,
            0,
            0,
            0,
            0,
            0,
            0,
            0,
            0,
            0,
            1,
            1,
            1,
            1,
            1,
            1,
            1,
            1,
            1,
            1,
            1,
            1,
            1,
            1,
            1,
            1,
            0,
            1,
            1,
            1,
            0,
            1,
            1,
            1,
            0,
            0,
            0,
            0,
            0,
            0,
            0,
            0,
            0,
            0,
            0,
            0,
            0,
            0,
            1,
            1,
            1,
            1,
            1,
            1,
            1,
            1,
            0,
            0,
            0,
            0,
            0,
            0,
            0
        ],
        "energy": 4245.0,
        "chain_break_fraction": 0.0
    },
    "chain_strength_prefactor": 0.3,
    "chain_strength": 21659.021681819984,
    "max_chain_length": 3,
    "timing_info": {
        "qpu_sampling_time": 333320.0,
        "qpu_anneal_time_per_sample": 200.0,
        "qpu_readout_time_per_sample": 112.78,
        "qpu_access_time": 349243.97,
        "qpu_access_overhead_time": 1665.03,
        "qpu_programming_time": 15923.97,
        "qpu_delay_time_per_sample": 20.54,
        "total_post_processing_time": 1.0,
        "post_processing_overhead_time": 1.0
    },
    "embedding_info": {
        "embedding": {
            "35": [
                5117,
                402,
                536
            ],
            "36": [
                5101,
                356,
                5102
            ],
            "41": [
                417,
                416,
                5147
            ],
            "37": [
                4996,
                4997
            ],
            "42": [
                401,
                5041
            ],
            "38": [
                551,
                4952,
                4951
            ],
            "43": [
                5057,
                5056,
                581
            ],
            "39": [
                387,
                5161,
                386
            ],
            "44": [
                5086,
                341,
                5087
            ],
            "40": [
                505,
                506,
                507
            ],
            "45": [
                4967,
                491
            ],
            "46": [
                446,
                445,
                5132
            ],
            "47": [
                5012,
                5011
            ],
            "48": [
                476,
                5176
            ],
            "49": [
                521,
                5042,
                522
            ],
            "50": [
                4907,
                4906,
                596
            ],
            "51": [
                5026,
                371
            ],
            "52": [
                610,
                4982,
                4981
            ],
            "53": [
                4891,
                430,
                431
            ],
            "54": [
                4892,
                566,
                490
            ],
            "55": [
                460,
                461,
                4831
            ],
            "3": [
                567
            ],
            "10": [
                237
            ],
            "4": [
                4950,
                100
            ],
            "20": [
                221,
                220,
                222
            ],
            "5": [
                5236
            ],
            "24": [
                266,
                5131
            ],
            "6": [
                4862
            ],
            "30": [
                5296,
                5297
            ],
            "7": [
                5206
            ],
            "11": [
                418
            ],
            "8": [
                399,
                400
            ],
            "15": [
                297,
                296
            ],
            "9": [
                342
            ],
            "25": [
                281
            ],
            "12": [
                444
            ],
            "16": [
                5070,
                5071,
                176
            ],
            "13": [
                5116,
                372
            ],
            "26": [
                5175
            ],
            "14": [
                520
            ],
            "31": [
                5281,
                5282
            ],
            "17": [
                4905
            ],
            "21": [
                310,
                4830,
                309
            ],
            "18": [
                4921
            ],
            "27": [
                4966,
                250
            ],
            "19": [
                4877,
                4876
            ],
            "32": [
                4980
            ],
            "22": [
                4771,
                340,
                264
            ],
            "28": [
                4890,
                175
            ],
            "23": [
                4757,
                4756,
                565
            ],
            "33": [
                4800,
                4801
            ],
            "29": [
                370
            ],
            "34": [
                385,
                4786
            ],
            "56": [
                5146
            ],
            "57": [
                357
            ],
            "0": [
                5266
            ],
            "59": [
                5251
            ],
            "60": [
                282
            ],
            "1": [
                5222
            ],
            "62": [
                462,
                5237
            ],
            "63": [
                5191,
                5190,
                192
            ],
            "64": [
                177
            ],
            "65": [
                5280,
                162
            ],
            "2": [
                414
            ],
            "67": [
                4681
            ],
            "68": [
                4696
            ],
            "69": [
                295,
                294
            ],
            "70": [
                4995
            ],
            "71": [
                280
            ],
            "75": [
                115,
                4875
            ],
            "76": [
                160,
                4815
            ],
            "77": [
                279
            ],
            "80": [
                327,
                5221
            ],
            "81": [
                326,
                325
            ],
            "82": [
                265,
                4845
            ],
            "83": [
                4846
            ],
            "84": [
                4816,
                415
            ],