{
    "config": "F_1000-49333.75538321543s-1_A200",
    "num_vars": 64,
    "num_qubit": 230,
    "time_elapsed": 0.04048871994018555,
    "best_state": {
        "sample": [
            0,
            0,
            0,
            0,
            0,
            0,
            0,
            0,
            0,
            0,
            0,
            0,
            0,
            0,
            0,
            0,
            0,
            0,
            0,
            1,
            0,
            0,
            0,
            0,
            1,
            0,
            0,
            0,
            0,
            0,
            0,
            0,
            0,
            0,
            0,
            0,
            0,
            0,
            1,
            1,
            0,
            0,
            1,
            1,
            0,
            0,
            1,
            1,
            0,
            0,
            0,
            1,
            0,
            0,
            0,
            1,
            0,
            0,
            1,
            1,
            1,
            0,
            0,
            0
        ],
        "energy": 23821.0,
        "chain_break_fraction": 0.0625
    },
    "chain_strength": 49333.75538321543,
    "max_chain_length": 5,
    "timing_info": {
        "qpu_sampling_time": 333980.0,
        "qpu_anneal_time_per_sample": 200.0,
        "qpu_readout_time_per_sample": 113.44,
        "qpu_access_time": 349907.57,
        "qpu_access_overhead_time": 1853.43,
        "qpu_programming_time": 15927.57,
        "qpu_delay_time_per_sample": 20.54,
        "total_post_processing_time": 25.0,
        "post_processing_overhead_time": 25.0
    },
    "embedding_info": {
        "embedding": {
            "43": [
                971,
                5135,
                5134,
                5133,
                5132
            ],
            "44": [
                520,
                521,
                522
            ],
            "49": [
                5162,
                5163,
                641,
                5161
            ],
            "45": [
                836,
                5149,
                5148,
                5147
            ],
            "50": [
                777,
                5238,
                5237,
                5119
            ],
            "46": [
                582,
                5177,
                5176,
                5178
            ],
            "51": [
                5104,
                5105,
                927,
                5103
            ],
            "47": [
                475,
                4952,
                476,
                474
            ],
            "52": [
                806,
                5058,
                5057,
                805
            ],
            "48": [
                5026,
                5027,
                626,
                581
            ],
            "53": [
                731,
                4908,
                4907,
                732
            ],
            "54": [
                597,
                5222,
                5192
            ],
            "55": [
                5118,
                5117,
                552,
                686
            ],
            "56": [
                505,
                4831,
                4832,
                506,
                507
            ],
            "57": [
                491,
                5042,
                490,
                492
            ],
            "58": [
                5073,
                656,
                5072,
                762
            ],
            "59": [
                565,
                567,
                4787,
                566
            ],
            "60": [
                536,
                535,
                537
            ],
            "61": [
                716,
                5088,
                5087,
                5089
            ],
            "62": [
                461,
                5102,
                460,
                459,
                4846
            ],
            "63": [
                611,
                5012,
                5013,
                5011
            ],
            "1": [
                1046,
                1045,
                5014
            ],
            "7": [
                970,
                969
            ],
            "2": [
                4997
            ],
            "13": [
                4698,
                4699,
                4697,
                519
            ],
            "3": [
                5059,
                881,
                880
            ],
            "19": [
                835,
                834,
                4909
            ],
            "4": [
                5028,
                791,
                5029
            ],
            "25": [
                985,
                986,
                984,
                5179
            ],
            "5": [
                4713,
                4712,
                789
            ],
            "31": [
                4683,
                639,
                4684,
                4682
            ],
            "6": [
                625,
                624
            ],
            "37": [
                4744,
                4745,
                879,
                4743,
                580
            ],
            "8": [
                640
            ],
            "14": [
                1015,
                1014,
                1016,
                5164
            ],
            "9": [
                911,
                910,
                912
            ],
            "20": [
                895,
                4834,
                896
            ],
            "10": [
                4970,
                4969,
                1031
            ],
            "26": [
                1000,
                999,
                1001
            ],
            "11": [
                4653,
                804,
                4652,
                774
            ],
            "32": [
                4925,
                865,
                864,
                4924,
                4714
            ],
            "12": [
                4938,
                685,
                684,
                4937
            ],
            "38": [
                4803,
                4804,
                730,
                4802
            ],
            "15": [
                850,
                5044,
                851,
                5193,
                852
            ],
            "21": [
                4893,
                4894,
                4892,
                596
            ],
            "16": [
                4954,
                866,
                4955,
                4953
            ],
            "27": [
                671,
                5043,
                670,
                4968
            ],
            "17": [
                4758,
                4759,
                595
            ],
            "33": [
                654,
                655
            ],
            "18": [
                4863,
                4864,
                4862,
                715
            ],
            "39": [
                4982,
                551,
                550
            ],
            "22": [
                4998,
                4999,
                701
            ],
            "28": [
                761,
                760,
                4939
            ],
            "23": [
                4788,
                4789
            ],
            "34": [
                4773,
                4774,
                700,
                4772
            ],
            "24": [
                4878,
                4877,
                4879
            ],