{
    "config": "N_1000-7990.817278247344s-1_A200",
    "num_vars": 113,
    "num_qubit": 212,
    "time_elapsed": 0.030371904373168945,
    "best_state": {
        "sample": [
            1,
            0,
            0,
            0,
            0,
            0,
            0,
            0,
            0,
            0,
            0,
            1,
            0,
            0,
            0,
            0,
            0,
            0,
            0,
            0,
            0,
            0,
            0,
            0,
            0,
            0,
            0,
            0,
            0,
            0,
            0,
            1,
            0,
            1,
            0,
            0,
            0,
            0,
            0,
            0,
            0,
            0,
            0,
            0,
            0,
            0,
            0,
            0,
            1,
            1,
            1,
            1,
            1,
            1,
            0,
            0,
            0,
            1,
            1,
            1,
            1,
            0,
            1,
            1,
            0,
            0,
            0,
            1,
            1,
            1,
            1,
            1,
            1,
            0,
            0,
            0,
            1,
            0,
            0,
            0,
            0,
            0,
            0,
            0,
            0,
            0,
            0,
            0,
            0,
            0,
            0,
            0,
            0,
            0,
            0,
            1,
            1,
            1,
            1,
            1,
            1,
            1,
            1,
            1,
            0,
            0,
            0,
            0,
            0,
            0,
            0,
            0,
            0
        ],
        "energy": 2331.0,
        "chain_break_fraction": 0.008849557522123894
    },
    "chain_strength_prefactor": 0.3,
    "chain_strength": 7990.817278247344,
    "max_chain_length": 4,
    "timing_info": {
        "qpu_sampling_time": 274520.0,
        "qpu_anneal_time_per_sample": 200.0,
        "qpu_readout_time_per_sample": 53.98,
        "qpu_access_time": 290281.57,
        "qpu_access_overhead_time": 2585.43,
        "qpu_programming_time": 15761.57,
        "qpu_delay_time_per_sample": 20.54,
        "total_post_processing_time": 288.0,
        "post_processing_overhead_time": 288.0
    },
    "embedding_info": {
        "embedding": {
            "43": [
                3567,
                3568,
                2432
            ],
            "44": [
                3553,
                2493,
                2492
            ],
            "49": [
                2582,
                3524,
                2581
            ],
            "45": [
                3434,
                3433,
                2702
            ],
            "50": [
                2612,
                2611
            ],
            "46": [
                2597,
                3478,
                2596
            ],
            "51": [
                2568,
                2567,
                3539
            ],
            "47": [
                2431,
                3343,
                3344
            ],
            "52": [
                3508,
                2462,
                3509,
                2461
            ],
            "48": [
                2507,
                3493
            ],
            "53": [
                3402,
                3403
            ],
            "54": [
                2627,
                2626
            ],
            "55": [
                3418,
                2552,
                3417
            ],
            "56": [
                2522,
                2523,
                3388
            ],
            "57": [
                2327,
                3372,
                3373
            ],
            "58": [
                3329,
                3328
            ],
            "59": [
                3313,
                3314
            ],
            "60": [
                2387,
                3358,
                3359
            ],
            "61": [
                2446,
                3298
            ],
            "62": [
                2476,
                3283,
                2477
            ],
            "63": [
                2416,
                2415,
                2417,
                3387
            ],
            "1": [
                2508
            ],
            "7": [
                2463
            ],
            "2": [
                2658
            ],
            "13": [
                3552
            ],
            "3": [
                3284
            ],
            "19": [
                2448,
                3703,
                2447
            ],
            "4": [
                2538
            ],
            "25": [
                3479,
                2703,
                2687
            ],
            "5": [
                3253
            ],
            "31": [
                2718,
                3584,
                2717
            ],
            "6": [
                3492
            ],
            "37": [
                3612,
                2388
            ],
            "8": [
                2643
            ],
            "14": [
                2583
            ],
            "9": [
                3299
            ],
            "20": [
                3704,
                2613
            ],
            "10": [
                3538
            ],
            "26": [
                2688
            ],
            "11": [
                3268
            ],
            "32": [
                2673,
                2672,
                2674
            ],
            "12": [
                2312
            ],
            "38": [
                2403,
                2402,
                3718
            ],
            "15": [
                3254
            ],
            "21": [
                3598,
                2628
            ],
            "16": [
                3416,
                2237
            ],
            "27": [
                2747,
                2748,
                3419
            ],
            "17": [
                2521
            ],
            "33": [
                2657
            ],
            "18": [
                3432
            ],
            "39": [
                3462
            ],
            "22": [
                3327
            ],
            "28": [
                2701,
                3224,
                2671
            ],
            "23": [
                2221,
                2220,
                3312
            ],
            "34": [
                2656
            ],
            "24": [
                2236,
                3357
            ],
            "40": [
                3297,
                2326
            ],
            "29": [
                2445,
                3042,
                3148
            ],
            "35": [
                3222,
                3223
            ],
            "30": [
                3162,
                3163
            ],
            "41": [
                3207,
                2386,
                2400
            ],
            "36": [
                3117
            ],
            "42": [
                2325,
                3057,
                3056
            ],
            "64": [
                3673,
                2478
            ],
            "65": [
                3629,
                3628
            ],
            "66": [
                2733
            ],
            "67": [
                3613,
                3614
            ],
            "0": [
                3643
            ],
            "69": [
                3658
            ],
            "70": [
                2598
            ],