{
    "config": "L_1000-10610.380001341475s-1_A200",
    "num_vars": 143,
    "num_qubit": 535,
    "time_elapsed": 0.4407370090484619,
    "best_state": {
        "sample": [
            0,
            0,
            1,
            0,
            0,
            1,
            0,
            1,
            0,
            0,
            1,
            0,
            1,
            0,
            0,
            1,
            0,
            1,
            1,
            1,
            0,
            1,
            0,
            1,
            0,
            0,
            1,
            1,
            0,
            0,
            0,
            0,
            0,
            1,
            0,
            0,
            0,
            0,
            0,
            0,
            0,
            0,
            0,
            0,
            0,
            0,
            0,
            1,
            0,
            0,
            1,
            0,
            0,
            1,
            0,
            0,
            0,
            0,
            0,
            0,
            0,
            1,
            0,
            0,
            0,
            0,
            0,
            0,
            0,
            0,
            0,
            0,
            0,
            0,
            0,
            0,
            0,
            0,
            0,
            0,
            0,
            0,
            0,
            0,
            0,
            0,
            0,
            0,
            0,
            1,
            0,
            1,
            0,
            1,
            0,
            1,
            1,
            0,
            1,
            0,
            0,
            0,
            0,
            1,
            0,
            0,
            0,
            0,
            0,
            0,
            0,
            0,
            0,
            0,
            0,
            0,
            0,
            1,
            0,
            0,
            0,
            0,
            0,
            0,
            0,
            0,
            0,
            0,
            0,
            0,
            0,
            0,
            0,
            0,
            0,
            0,
            0,
            0,
            0,
            0,
            0,
            0,
            0
        ],
        "energy": 53119.0,
        "chain_break_fraction": 0.03496503496503497
    },
    "chain_strength": 10610.380001341475,
    "max_chain_length": 8,
    "timing_info": {
        "qpu_sampling_time": 300400.0,
        "qpu_anneal_time_per_sample": 200.0,
        "qpu_readout_time_per_sample": 79.86,
        "qpu_access_time": 316327.17,
        "qpu_access_overhead_time": 1661.83,
        "qpu_programming_time": 15927.17,
        "qpu_delay_time_per_sample": 20.54,
        "total_post_processing_time": 45.0,
        "post_processing_overhead_time": 45.0
    },
    "embedding_info": {
        "embedding": {
            "3": [
                3636,
                3635,
                3637,
                3638,
                1279,
                1280,
                3846
            ],
            "0": [
                1040,
                1039,
                1038,
                3995
            ],
            "6": [
                3516,
                3517,
                3518,
                1352,
                1353,
                3515
            ],
            "9": [
                3787,
                3786,
                3785,
                1474,
                1473
            ],
            "12": [
                3713,
                3710,
                3714,
                1713,
                1712,
                3712,
                3711,
                1714
            ],
            "16": [
                1563,
                3547,
                3546,
                3545,
                3544,
                3548
            ],
            "20": [
                1008,
                3724,
                1007,
                1009
            ],
            "24": [
                1143,
                3620,
                1144,
                1142,
                1141,
                3830
            ],
            "1": [
                875,
                3949
            ],
            "2": [
                965,
                4040
            ],
            "4": [
                3921,
                3922,
                3923,
                3920
            ],
            "5": [
                3951,
                1295
            ],
            "7": [
                3681,
                3682,
                1398,
                1264
            ],
            "8": [
                1428
            ],
            "10": [
                3321,
                1246,
                1247,
                1248,
                1249,
                1186,
                3261,
                3262
            ],
            "11": [
                1426,
                3277,
                1472
            ],
            "13": [
                3773,
                3772,
                1759,
                1758,
                1757,
                3771,
                1756
            ],
            "14": [
                1818,
                3534,
                1819
            ],
            "15": [
                3609
            ],
            "17": [
                3396,
                3397,
                3398,
                3395,
                1547
            ],
            "18": [
                1637,
                1638
            ],
            "19": [
                3533
            ],
            "21": [
                888,
                887,
                889,
                890
            ],
            "22": [
                874,
                3694,
                3844,
                905
            ],
            "23": [
                3904
            ],
            "25": [
                1158,
                1159,
                3800,
                1157,
                1156
            ],
            "26": [
                3486,
                3485
            ],
            "27": [
                3501
            ],
            "34": [
                4055,
                1281,
                980,
                4056
            ],
            "116": [
                4025,
                936,
                4024,
                1010
            ],
            "35": [
                1055,
                4010,
                1056,
                4070
            ],
            "117": [
                4009
            ],
            "28": [
                1131,
                1130,
                4100
            ],
            "54": [
                4041,
                4042,
                1355,
                1354
            ],
            "71": [
                1370,
                4012,
                1369,
                4086,
                4085,
                1385,
                1461
            ],
            "87": [
                3893,
                3892,
                1400,
                1565,
                3891,
                3894
            ],
            "102": [
                1430,
                4028,
                1595,
                4026,
                4027,
                1594,
                1593
            ],
            "118": [
                1220,
                3876,
                1221,
                3875,
                4130
            ],
            "131": [
                1189,
                1190,
                3755
            ],
            "29": [
                3935,
                3934,
                3936
            ],
            "55": [
                1324,
                1325,
                1323
            ],
            "72": [
                3816,
                3817,
                1265
            ],