{
    "config": "F_1000-16739.823149771477s-1_A200",
    "num_vars": 64,
    "num_qubit": 213,
    "time_elapsed": 0.04322242736816406,
    "best_state": {
        "sample": [
            0,
            0,
            0,
            0,
            0,
            0,
            1,
            0,
            0,
            1,
            0,
            0,
            0,
            0,
            1,
            0,
            0,
            0,
            0,
            0,
            0,
            0,
            0,
            0,
            0,
            0,
            0,
            0,
            0,
            0,
            0,
            0,
            1,
            0,
            0,
            0,
            0,
            0,
            0,
            0,
            0,
            0,
            0,
            1,
            0,
            0,
            1,
            0,
            1,
            0,
            0,
            0,
            0,
            1,
            0,
            1,
            0,
            1,
            1,
            1,
            1,
            0,
            1,
            1
        ],
        "energy": 5393.0,
        "chain_break_fraction": 0.078125
    },
    "chain_strength_prefactor": 0.3,
    "chain_strength": 16739.823149771477,
    "max_chain_length": 5,
    "timing_info": {
        "qpu_sampling_time": 387280.0,
        "qpu_anneal_time_per_sample": 200.0,
        "qpu_readout_time_per_sample": 166.74,
        "qpu_access_time": 403040.77,
        "qpu_access_overhead_time": 2523.23,
        "qpu_programming_time": 15760.77,
        "qpu_delay_time_per_sample": 20.54,
        "total_post_processing_time": 95.0,
        "post_processing_overhead_time": 95.0
    },
    "embedding_info": {
        "embedding": {
            "43": [
                4052,
                531,
                4053
            ],
            "44": [
                603,
                604,
                605,
                606
            ],
            "49": [
                141,
                4170,
                4171,
                4172
            ],
            "45": [
                4067,
                561,
                4068,
                562
            ],
            "50": [
                4216,
                4217,
                246
            ],
            "46": [
                4082,
                4081,
                635
            ],
            "51": [
                4111,
                336,
                4112
            ],
            "47": [
                485,
                3977,
                486,
                484
            ],
            "52": [
                4156,
                4157,
                4155,
                291,
                290
            ],
            "48": [
                4023,
                620,
                695,
                694
            ],
            "53": [
                500,
                501,
                3962,
                4022
            ],
            "54": [
                4185,
                4186,
                4187,
                96
            ],
            "55": [
                4096,
                4097,
                440,
                351
            ],
            "56": [
                514,
                515,
                516,
                3932,
                3692
            ],
            "57": [
                590,
                591,
                3858,
                592
            ],
            "58": [
                470,
                471
            ],
            "59": [
                4125,
                171,
                4126,
                4127
            ],
            "60": [
                4141,
                321,
                4142,
                621
            ],
            "61": [
                3827,
                575,
                576,
                469
            ],
            "62": [
                455,
                454,
                456,
                3992,
                3842
            ],
            "63": [
                546,
                4007,
                4006
            ],
            "3": [
                4050,
                51,
                4051
            ],
            "8": [
                529,
                530
            ],
            "4": [
                3631,
                123,
                3630,
                138,
                3632
            ],
            "14": [
                3767
            ],
            "5": [
                365,
                366
            ],
            "25": [
                3813,
                634,
                3812,
                3811
            ],
            "6": [
                3720,
                3721
            ],
            "31": [
                3737,
                664,
                3736,
                3735
            ],
            "7": [
                3887,
                3888,
                3886
            ],
            "37": [
                3798,
                3797,
                3796,
                649
            ],
            "9": [
                140,
                139
            ],
            "15": [
                4065,
                186
            ],
            "10": [
                4005,
                245
            ],
            "20": [
                216,
                4140
            ],
            "11": [
                380,
                381
            ],
            "26": [
                3990,
                110,
                3991,
                396
            ],
            "12": [
                289,
                3750,
                288
            ],
            "32": [
                200,
                199,
                201
            ],
            "13": [
                3856,
                3857,
                560,
                349
            ],
            "38": [
                4021,
                350,
                4020
            ],
            "16": [
                156,
                155,
                4035
            ],
            "21": [
                95,
                3975,
                94,
                93
            ],
            "17": [
                410,
                3946,
                411
            ],
            "27": [
                124,
                3960,
                125,
                3961
            ],
            "18": [
                3691,
                3690,
                214
            ],
            "33": [
                3706,
                3705,
                364,
                3707
            ],
            "19": [
                3873,
                3872,
                3871
            ],
            "39": [
                589,
                3782,
                3781,
                3780,
                619
            ],
            "22": [
                4037,
                4036,
                425,
                424
            ],
            "28": [
                215,
                3930,
                3931
            ],
            "23": [
                169,
                170,
                3810
            ],
            "34": [
                230,
                231,
                229,
                4110
            ],
            "24": [
                275,
                274,
                4095
            ],
            "40": [
                260,
                259,
                4080
            ],
            "29": [
                244,
                3900,
                243,
                3901
            ],
            "35": [
                3825,
                3826,
                154,
                109
            ],