{
    "config": "N_1000-2564.0453724813174s-1_A200",
    "num_vars": 112,
    "num_qubit": 215,
    "time_elapsed": 0.03449678421020508,
    "best_state": {
        "sample": [
            0,
            1,
            0,
            0,
            0,
            0,
            0,
            0,
            0,
            0,
            0,
            0,
            0,
            0,
            0,
            0,
            0,
            0,
            0,
            0,
            0,
            1,
            0,
            0,
            0,
            1,
            1,
            0,
            1,
            0,
            0,
            0,
            0,
            0,
            0,
            0,
            0,
            0,
            0,
            0,
            0,
            0,
            0,
            1,
            0,
            0,
            0,
            0,
            1,
            0,
            0,
            0,
            0,
            0,
            0,
            0,
            1,
            1,
            0,
            1,
            1,
            1,
            1,
            1,
            0,
            0,
            1,
            1,
            0,
            0,
            1,
            1,
            0,
            1,
            1,
            1,
            0,
            1,
            1,
            1,
            1,
            1,
            1,
            1,
            1,
            1,
            1,
            1,
            1,
            1,
            1,
            1,
            1,
            0,
            0,
            0,
            0,
            0,
            0,
            0,
            0,
            0,
            0,
            0,
            0,
            0,
            0,
            0,
            0,
            0,
            0,
            0
        ],
        "energy": 723.0,
        "chain_break_fraction": 0.008928571428571428
    },
    "chain_strength": 2564.0453724813174,
    "max_chain_length": 4,
    "timing_info": {
        "qpu_sampling_time": 298920.0,
        "qpu_anneal_time_per_sample": 200.0,
        "qpu_readout_time_per_sample": 78.38,
        "qpu_access_time": 314845.97,
        "qpu_access_overhead_time": 9353.03,
        "qpu_programming_time": 15925.97,
        "qpu_delay_time_per_sample": 20.54,
        "total_post_processing_time": 27.0,
        "post_processing_overhead_time": 27.0
    },
    "embedding_info": {
        "embedding": {
            "43": [
                2191,
                3236
            ],
            "44": [
                2146,
                2147,
                3191
            ],
            "49": [
                2207,
                2206,
                3327
            ],
            "45": [
                2131,
                2132
            ],
            "50": [
                3266,
                2116,
                2236
            ],
            "46": [
                2221,
                3251,
                2222
            ],
            "51": [
                3296,
                3297,
                2281
            ],
            "47": [
                2101,
                3161,
                2102,
                3162
            ],
            "52": [
                2086,
                3220,
                2087,
                3221
            ],
            "48": [
                3401,
                2297,
                2296
            ],
            "53": [
                3342,
                2266
            ],
            "54": [
                3385,
                3326,
                2027
            ],
            "55": [
                2162,
                3281
            ],
            "56": [
                3415,
                3416
            ],
            "57": [
                3386,
                2282
            ],
            "58": [
                3311,
                2071,
                2072
            ],
            "59": [
                2237,
                3446,
                3445
            ],
            "60": [
                3370,
                1952,
                3371
            ],
            "61": [
                2177,
                2178,
                2176,
                3431
            ],
            "62": [
                3312,
                2192,
                2193
            ],
            "63": [
                3356,
                2012,
                3357,
                3355
            ],
            "3": [
                2190
            ],
            "8": [
                3147
            ],
            "4": [
                2145
            ],
            "14": [
                2265
            ],
            "5": [
                3250
            ],
            "25": [
                2371,
                3252
            ],
            "6": [
                3160
            ],
            "31": [
                2311
            ],
            "7": [
                3627,
                2298
            ],
            "37": [
                2327,
                3432
            ],
            "9": [
                2130,
                3116
            ],
            "15": [
                2205
            ],
            "10": [
                2117
            ],
            "20": [
                3190,
                2070,
                3040
            ],
            "11": [
                3295
            ],
            "26": [
                3267,
                2341,
                2401
            ],
            "12": [
                3219
            ],
            "32": [
                2431,
                3372,
                3222
            ],
            "13": [
                2358,
                2357
            ],
            "38": [
                3343,
                2372,
                3402
            ],
            "16": [
                3400
            ],
            "21": [
                2040,
                2041
            ],
            "17": [
                3280
            ],
            "27": [
                3566,
                2163,
                3565
            ],
            "18": [
                3414
            ],
            "33": [
                2267,
                3522,
                3507
            ],
            "19": [
                2283
            ],
            "39": [
                3462,
                3461
            ],
            "22": [
                3310
            ],
            "28": [
                3521
            ],
            "23": [
                1907,
                3505
            ],
            "34": [
                2238,
                3641
            ],
            "24": [
                3580,
                1953,
                3581
            ],
            "40": [
                2013,
                3460
            ],
            "29": [
                3536,
                3535
            ],
            "35": [
                3716,
                2179,
                3715
            ],
            "30": [
                2073,
                3611
            ],
            "41": [
                3625,
                3626,
                2058
            ],
            "36": [
                1967,
                1968,
                3685
            ],
            "42": [
                1938,
                1937
            ],
            "0": [
                3132
            ],
            "64": [
                2250
            ],
            "65": [
                3117
            ],
            "66": [
                2356,
                3177
            ],
            "67": [
                2326
            ],
            "69": [
                3041
            ],
            "70": [
                3101,
                3102,
                2235
            ],