{
    "config": "N_1000-2991.38626789487s-1_A200",
    "num_vars": 112,
    "num_qubit": 211,
    "time_elapsed": 0.06599092483520508,
    "best_state": {
        "sample": [
            0,
            0,
            1,
            0,
            0,
            0,
            0,
            0,
            0,
            0,
            0,
            0,
            0,
            0,
            0,
            0,
            0,
            0,
            0,
            0,
            0,
            1,
            1,
            0,
            0,
            0,
            0,
            0,
            0,
            0,
            0,
            0,
            1,
            0,
            0,
            1,
            0,
            0,
            0,
            0,
            0,
            0,
            0,
            1,
            1,
            1,
            1,
            0,
            0,
            0,
            0,
            1,
            0,
            0,
            0,
            1,
            0,
            0,
            1,
            0,
            0,
            0,
            0,
            1,
            0,
            0,
            0,
            0,
            0,
            1,
            1,
            1,
            0,
            1,
            1,
            1,
            0,
            0,
            0,
            1,
            1,
            1,
            1,
            1,
            1,
            0,
            0,
            0,
            0,
            0,
            0,
            0,
            0,
            0,
            0,
            1,
            1,
            1,
            1,
            1,
            1,
            1,
            1,
            1,
            1,
            0,
            0,
            0,
            0,
            0,
            0,
            0
        ],
        "energy": 558.0,
        "chain_break_fraction": 0.0
    },
    "chain_strength_prefactor": 0.35,
    "chain_strength": 2991.38626789487,
    "max_chain_length": 4,
    "timing_info": {
        "qpu_sampling_time": 335100.0,
        "qpu_anneal_time_per_sample": 200.0,
        "qpu_readout_time_per_sample": 114.56,
        "qpu_access_time": 351027.57,
        "qpu_access_overhead_time": 3172.43,
        "qpu_programming_time": 15927.57,
        "qpu_delay_time_per_sample": 20.54,
        "total_post_processing_time": 1.0,
        "post_processing_overhead_time": 1.0
    },
    "embedding_info": {
        "embedding": {
            "43": [
                2200,
                2199
            ],
            "44": [
                2334,
                4616,
                4617,
                2335
            ],
            "49": [
                4692,
                4691,
                2274
            ],
            "45": [
                4646,
                2184,
                2258
            ],
            "50": [
                4587,
                2273,
                4588
            ],
            "46": [
                2229,
                4676,
                4797
            ],
            "51": [
                2215,
                2214,
                4721
            ],
            "47": [
                4767,
                2259
            ],
            "52": [
                2304,
                4631
            ],
            "48": [
                4661,
                4662
            ],
            "53": [
                4602,
                2349,
                4603
            ],
            "54": [
                2318,
                2319,
                4557
            ],
            "55": [
                2320,
                4812,
                2409,
                4811
            ],
            "56": [
                4737
            ],
            "57": [
                2394,
                4632,
                2395
            ],
            "58": [
                2364,
                4572,
                4677
            ],
            "59": [
                2289,
                2288,
                4707
            ],
            "60": [
                2379,
                4647
            ],
            "61": [
                2365,
                4752,
                2366
            ],
            "62": [
                4783,
                2438,
                4782,
                2439
            ],
            "63": [
                4722,
                4723,
                2484
            ],
            "3": [
                4856,
                2185
            ],
            "8": [
                2198
            ],
            "4": [
                4615
            ],
            "14": [
                2048
            ],
            "5": [
                2257
            ],
            "20": [
                4571,
                2063
            ],
            "6": [
                2290,
                2291
            ],
            "26": [
                4675
            ],
            "7": [
                2260
            ],
            "32": [
                4766,
                2094
            ],
            "9": [
                1974,
                4690
            ],
            "15": [
                4826
            ],
            "10": [
                2272
            ],
            "21": [
                4586,
                2093
            ],
            "11": [
                2216
            ],
            "27": [
                2124,
                4751
            ],
            "12": [
                2305
            ],
            "33": [
                2139,
                2140
            ],
            "13": [
                2514
            ],
            "38": [
                4842,
                2350,
                4841
            ],
            "16": [
                4422
            ],
            "22": [
                4556,
                4555
            ],
            "17": [
                2230,
                4947
            ],
            "28": [
                4810
            ],
            "18": [
                2454,
                4738,
                2455
            ],
            "34": [
                4735,
                4736,
                2020
            ],
            "19": [
                4768
            ],
            "39": [
                4871,
                4872
            ],
            "23": [
                4496,
                2243,
                2244,
                2245
            ],
            "29": [
                2424,
                2423,
                2425
            ],
            "24": [
                2574,
                4708,
                2604
            ],
            "35": [
                2109,
                4511,
                4512,
                2108
            ],
            "25": [
                4648,
                2544
            ],
            "40": [
                2469,
                2468,
                4753
            ],
            "30": [
                2590,
                4993,
                4992
            ],
            "36": [
                2351,
                5037,
                2396
            ],
            "31": [
                2515,
                4828
            ],
            "41": [
                2440
            ],
            "37": [
                4873,
                2560
            ],
            "42": [
                2545
            ],
            "0": [
                2213
            ],
            "64": [
                4480,
                4481
            ],
            "65": [
                4540,
                1958
            ],
            "66": [
                2019
            ],
            "67": [
                4660
            ],
            "69": [
                2169,
                2170
            ],
            "70": [
                4601
            ],