{
    "config": "N_1000-1709.3635816542119s-1_A200",
    "num_vars": 112,
    "num_qubit": 215,
    "time_elapsed": 0.024996042251586914,
    "best_state": {
        "sample": [
            1,
            0,
            0,
            1,
            0,
            0,
            0,
            0,
            0,
            1,
            0,
            0,
            0,
            0,
            0,
            0,
            0,
            0,
            0,
            0,
            0,
            0,
            0,
            0,
            0,
            0,
            0,
            0,
            0,
            0,
            0,
            0,
            0,
            0,
            0,
            0,
            0,
            0,
            0,
            0,
            0,
            0,
            0,
            1,
            1,
            1,
            1,
            1,
            1,
            1,
            1,
            1,
            0,
            1,
            1,
            1,
            0,
            1,
            0,
            0,
            1,
            0,
            1,
            1,
            1,
            1,
            1,
            1,
            1,
            1,
            1,
            1,
            1,
            1,
            1,
            1,
            0,
            0,
            0,
            0,
            0,
            0,
            0,
            0,
            0,
            0,
            0,
            0,
            0,
            0,
            0,
            0,
            0,
            0,
            0,
            0,
            0,
            0,
            0,
            0,
            0,
            0,
            0,
            0,
            0,
            0,
            0,
            0,
            0,
            0,
            0,
            0
        ],
        "energy": 607.0,
        "chain_break_fraction": 0.026785714285714284
    },
    "chain_strength_prefactor": 0.2,
    "chain_strength": 1709.3635816542119,
    "max_chain_length": 4,
    "timing_info": {
        "qpu_sampling_time": 353040.0,
        "qpu_anneal_time_per_sample": 200.0,
        "qpu_readout_time_per_sample": 132.5,
        "qpu_access_time": 368801.97,
        "qpu_access_overhead_time": 2328.03,
        "qpu_programming_time": 15761.97,
        "qpu_delay_time_per_sample": 20.54,
        "total_post_processing_time": 21.0,
        "post_processing_overhead_time": 21.0
    },
    "embedding_info": {
        "embedding": {
            "43": [
                549,
                4682,
                4637
            ],
            "44": [
                654,
                653
            ],
            "49": [
                638,
                639
            ],
            "45": [
                4593,
                744,
                608
            ],
            "50": [
                4668,
                4667,
                564
            ],
            "46": [
                4758,
                684
            ],
            "51": [
                759,
                760,
                4683
            ],
            "47": [
                669,
                4743,
                4744
            ],
            "52": [
                4653,
                4652,
                789
            ],
            "48": [
                4773,
                609,
                4802
            ],
            "53": [
                624,
                4817,
                4878,
                685
            ],
            "54": [
                4608,
                699,
                623
            ],
            "55": [
                4729,
                893,
                4728,
                894
            ],
            "56": [
                849,
                4713,
                4714,
                848
            ],
            "57": [
                745,
                4788,
                700
            ],
            "58": [
                729,
                4698,
                804
            ],
            "59": [
                818,
                819,
                4623
            ],
            "60": [
                715,
                714,
                4833
            ],
            "61": [
                4760,
                4759,
                984
            ],
            "62": [
                4818,
                730,
                4819
            ],
            "63": [
                4804,
                4803,
                775
            ],
            "3": [
                548
            ],
            "8": [
                4681
            ],
            "4": [
                4518
            ],
            "14": [
                4622,
                4621
            ],
            "5": [
                4592
            ],
            "20": [
                4517
            ],
            "6": [
                4745,
                1105
            ],
            "31": [
                488,
                489,
                4742,
                487
            ],
            "7": [
                610
            ],
            "37": [
                4727
            ],
            "9": [
                4503
            ],
            "15": [
                637,
                4397,
                4398
            ],
            "10": [
                4562
            ],
            "21": [
                563
            ],
            "11": [
                863,
                4579
            ],
            "26": [
                4353,
                4352,
                758
            ],
            "12": [
                4790,
                4789
            ],
            "32": [
                519,
                518
            ],
            "13": [
                4938
            ],
            "38": [
                4712
            ],
            "16": [
                4472,
                4471
            ],
            "22": [
                4428,
                622
            ],
            "17": [
                4504
            ],
            "27": [
                4458,
                4414,
                832
            ],
            "18": [
                1135,
                4715
            ],
            "33": [
                713,
                4443,
                712
            ],
            "19": [
                746
            ],
            "39": [
                595
            ],
            "23": [
                4549,
                4548
            ],
            "28": [
                4473,
                773,
                728
            ],
            "24": [
                1104,
                4535,
                4534
            ],
            "34": [
                787,
                788
            ],
            "25": [
                835,
                834
            ],
            "40": [
                865,
                864
            ],
            "29": [
                1044
            ],
            "35": [
                983,
                982
            ],
            "30": [
                924,
                925
            ],
            "41": [
                879,
                880
            ],
            "36": [
                4834,
                955
            ],
            "42": [
                1030
            ],
            "0": [
                4696
            ],
            "64": [
                339
            ],
            "65": [
                4636,
                458
            ],
            "66": [
                4577,
                503
            ],
            "67": [
                504
            ],
            "69": [
                502,
                4382
            ],
            "70": [
                4367
            ],
            "71": [
                533,
                532
            ],