{
    "config": "F_1000-6139.768336106227s-1_A200",
    "num_vars": 19,
    "num_qubit": 23,
    "time_elapsed": 0.014701366424560547,
    "best_state": {
        "sample": [
            1,
            1,
            1,
            0,
            0,
            0,
            1,
            0,
            1,
            0,
            0,
            0,
            0,
            1,
            0,
            0,
            0,
            0,
            0
        ],
        "energy": 849.0,
        "chain_break_fraction": 0.0
    },
    "chain_strength": 6139.768336106227,
    "max_chain_length": 2,
    "timing_info": {
        "qpu_sampling_time": 279540.0,
        "qpu_anneal_time_per_sample": 200.0,
        "qpu_readout_time_per_sample": 59.0,
        "qpu_access_time": 295467.17,
        "qpu_access_overhead_time": 1109.83,
        "qpu_programming_time": 15927.17,
        "qpu_delay_time_per_sample": 20.54,
        "total_post_processing_time": 1.0,
        "post_processing_overhead_time": 1.0
    },
    "embedding_info": {
        "embedding": {
            "9": [
                1828
            ],
            "10": [
                5394
            ],
            "13": [
                1948,
                5349
            ],
            "11": [
                5379
            ],
            "14": [
                1813,
                5319
            ],
            "12": [
                5424,
                1858
            ],
            "15": [
                5364
            ],
            "16": [
                1798
            ],
            "17": [
                1783
            ],
            "18": [
                5409,
                1843
            ],
            "3": [
                5334
            ],
            "4": [
                1827
            ],
            "5": [
                5454
            ],
            "6": [
                5439
            ],
            "7": [
                1873
            ],
            "8": [
                1888
            ],
            "0": [
                5109
            ],
            "1": [
                1753
            ],
            "2": [
                5470
            ]
        },
        "chain_break_method": "majority_vote",
        "embedding_parameters": {},
        "chain_strength": 6139.768336106227
    }
}