{
    "config": "N_1000-27446.49383273802s-1_A200",
    "num_vars": 114,
    "num_qubit": 215,
    "time_elapsed": 0.03487825393676758,
    "best_state": {
        "sample": [
            0,
            0,
            0,
            0,
            1,
            0,
            0,
            0,
            0,
            0,
            0,
            0,
            0,
            0,
            0,
            0,
            1,
            0,
            0,
            0,
            0,
            0,
            0,
            0,
            0,
            0,
            0,
            0,
            0,
            0,
            0,
            0,
            1,
            0,
            1,
            0,
            0,
            0,
            0,
            0,
            0,
            0,
            0,
            0,
            0,
            0,
            0,
            0,
            0,
            0,
            0,
            0,
            1,
            0,
            1,
            1,
            1,
            0,
            1,
            1,
            0,
            1,
            0,
            1,
            1,
            0,
            0,
            0,
            1,
            1,
            1,
            0,
            0,
            0,
            0,
            1,
            0,
            0,
            0,
            0,
            0,
            0,
            0,
            0,
            0,
            0,
            0,
            0,
            0,
            0,
            0,
            0,
            0,
            0,
            1,
            1,
            1,
            1,
            1,
            1,
            1,
            1,
            1,
            1,
            0,
            0,
            0,
            0,
            0,
            0,
            0,
            0,
            0,
            0
        ],
        "energy": 4279.0,
        "chain_break_fraction": 0.0
    },
    "chain_strength_prefactor": 0.5,
    "chain_strength": 27446.49383273802,
    "max_chain_length": 4,
    "timing_info": {
        "qpu_sampling_time": 293940.0,
        "qpu_anneal_time_per_sample": 200.0,
        "qpu_readout_time_per_sample": 73.4,
        "qpu_access_time": 309869.57,
        "qpu_access_overhead_time": 1426.43,
        "qpu_programming_time": 15929.57,
        "qpu_delay_time_per_sample": 20.54,
        "total_post_processing_time": 27.0,
        "post_processing_overhead_time": 27.0
    },
    "embedding_info": {
        "embedding": {
            "44": [
                2112,
                2113
            ],
            "45": [
                5351,
                5350,
                1978
            ],
            "50": [
                5261,
                2232,
                2127
            ],
            "46": [
                2096,
                5306,
                2097
            ],
            "51": [
                5245,
                5246
            ],
            "47": [
                2158,
                5141,
                2157
            ],
            "52": [
                5230,
                5231
            ],
            "48": [
                5335,
                2128,
                5336
            ],
            "53": [
                1962,
                5200,
                1963
            ],
            "49": [
                5321,
                5320
            ],
            "54": [
                5275,
                1902,
                5276
            ],
            "55": [
                5216,
                2187,
                2188,
                5156
            ],
            "56": [
                2081,
                5111,
                2082
            ],
            "57": [
                5365,
                5366,
                5364
            ],
            "58": [
                2007,
                5215,
                2008
            ],
            "59": [
                2172,
                5127,
                5126
            ],
            "60": [
                2021,
                2022,
                2023
            ],
            "61": [
                2037,
                2038,
                5080
            ],
            "62": [
                2066,
                2067,
                5035
            ],
            "63": [
                2052,
                2051
            ],
            "64": [
                1917,
                5260,
                1916
            ],
            "6": [
                5352
            ],
            "15": [
                2262
            ],
            "7": [
                2322,
                5307
            ],
            "21": [
                2174,
                5531,
                2173
            ],
            "8": [
                5457,
                5456
            ],
            "27": [
                2143,
                2142,
                5486
            ],
            "9": [
                5337,
                2323
            ],
            "32": [
                1933,
                5440
            ],
            "10": [
                1887
            ],
            "38": [
                1858,
                5305
            ],
            "11": [
                5262
            ],
            "16": [
                2233
            ],
            "12": [
                5247
            ],
            "22": [
                2248,
                2247
            ],
            "13": [
                5396,
                5395
            ],
            "33": [
                5425,
                5426
            ],
            "14": [
                5199
            ],
            "39": [
                1993
            ],
            "17": [
                5157
            ],
            "23": [
                2292
            ],
            "18": [
                2321,
                5112
            ],
            "28": [
                5186,
                5185
            ],
            "19": [
                2203
            ],
            "34": [
                1828,
                1827
            ],
            "20": [
                5125
            ],
            "40": [
                1947,
                5155
            ],
            "24": [
                2291
            ],
            "29": [
                2231
            ],
            "25": [
                4946,
                4947,
                2201,
                2351
            ],
            "35": [
                5005,
                5004
            ],
            "26": [
                1931,
                5050
            ],
            "41": [
                1961,
                1960
            ],
            "30": [
                4915,
                2036
            ],
            "36": [
                4854,
                4855,
                2065
            ],
            "31": [
                5065,
                1991
            ],
            "42": [
                4870,
                2050
            ],
            "37": [
                1915
            ],
            "43": [
                1841,
                5034
            ],
            "0": [
                2263
            ],
            "65": [
                2278,
                2277
            ],
            "66": [
                5381
            ],
            "67": [
                5380,
                2068
            ],
            "68": [
                5379
            ],
            "70": [
                5411
            ],
            "71": [
                5410
            ],
            "1": [
                5367
            ],
            "73": [
                2353
            ],
            "74": [
                2337,
                5277
            ],
            "75": [
                5171,
                5172
            ],