{
    "config": "N_1000-8233.948149821406s-1_A200",
    "num_vars": 114,
    "num_qubit": 195,
    "time_elapsed": 0.03477811813354492,
    "best_state": {
        "sample": [
            0,
            1,
            0,
            0,
            0,
            0,
            0,
            0,
            0,
            0,
            0,
            0,
            0,
            0,
            0,
            0,
            0,
            0,
            0,
            0,
            0,
            1,
            1,
            0,
            0,
            0,
            0,
            0,
            0,
            0,
            0,
            0,
            0,
            1,
            0,
            0,
            0,
            0,
            0,
            0,
            0,
            0,
            0,
            0,
            0,
            0,
            0,
            0,
            0,
            0,
            0,
            0,
            1,
            0,
            0,
            1,
            1,
            1,
            1,
            1,
            0,
            1,
            0,
            0,
            1,
            0,
            0,
            0,
            1,
            1,
            1,
            1,
            1,
            1,
            1,
            1,
            0,
            0,
            1,
            1,
            1,
            1,
            1,
            1,
            1,
            1,
            0,
            0,
            0,
            0,
            0,
            0,
            0,
            0,
            0,
            0,
            0,
            0,
            0,
            1,
            1,
            1,
            1,
            1,
            0,
            0,
            0,
            0,
            0,
            0,
            0,
            0,
            0,
            0
        ],
        "energy": 51178.0,
        "chain_break_fraction": 0.06140350877192982
    },
    "chain_strength_prefactor": 0.15,
    "chain_strength": 8233.948149821406,
    "max_chain_length": 3,
    "timing_info": {
        "qpu_sampling_time": 279780.0,
        "qpu_anneal_time_per_sample": 200.0,
        "qpu_readout_time_per_sample": 59.24,
        "qpu_access_time": 295706.37,
        "qpu_access_overhead_time": 1283.63,
        "qpu_programming_time": 15926.37,
        "qpu_delay_time_per_sample": 20.54,
        "total_post_processing_time": 1.0,
        "post_processing_overhead_time": 1.0
    },
    "embedding_info": {
        "embedding": {
            "44": [
                634,
                633
            ],
            "45": [
                739,
                3663,
                738
            ],
            "50": [
                694,
                693,
                3813
            ],
            "46": [
                648,
                3722
            ],
            "51": [
                3708,
                589
            ],
            "47": [
                3587,
                618,
                619
            ],
            "52": [
                3678,
                724,
                3677
            ],
            "48": [
                3767,
                529,
                3768
            ],
            "53": [
                3798,
                3797
            ],
            "49": [
                3888,
                649,
                740
            ],
            "54": [
                709,
                3843,
                3753
            ],
            "55": [
                664,
                663
            ],
            "56": [
                3633,
                3632,
                769
            ],
            "57": [
                3783,
                3782
            ],
            "58": [
                679,
                680,
                678
            ],
            "59": [
                3647,
                3648
            ],
            "60": [
                559,
                3662,
                3737
            ],
            "61": [
                603,
                604,
                3693
            ],
            "62": [
                484,
                483,
                3812
            ],
            "63": [
                3902,
                575,
                574
            ],
            "64": [
                3752,
                514,
                515
            ],
            "6": [
                737
            ],
            "15": [
                3453
            ],
            "7": [
                647
            ],
            "21": [
                3618,
                798
            ],
            "8": [
                558
            ],
            "27": [
                3588
            ],
            "9": [
                3766
            ],
            "33": [
                814,
                3889
            ],
            "10": [
                3933
            ],
            "38": [
                725,
                3828
            ],
            "11": [
                692
            ],
            "16": [
                3738
            ],
            "12": [
                588
            ],
            "22": [
                754,
                3709
            ],
            "13": [
                528
            ],
            "28": [
                3679,
                813
            ],
            "14": [
                710
            ],
            "39": [
                784,
                785
            ],
            "17": [
                3572,
                513
            ],
            "23": [
                3513,
                3514,
                708
            ],
            "18": [
                498
            ],
            "29": [
                3543,
                768
            ],
            "19": [
                3781
            ],
            "34": [
                799,
                3844
            ],
            "20": [
                4038
            ],
            "40": [
                3978,
                755
            ],
            "24": [
                468,
                3707
            ],
            "30": [
                3646,
                348
            ],
            "25": [
                409,
                3751
            ],
            "35": [
                3857,
                560,
                3858
            ],
            "26": [
                545,
                3827,
                3947
            ],
            "41": [
                530,
                3917
            ],
            "31": [
                3811
            ],
            "36": [
                485,
                3946
            ],
            "32": [
                3962,
                3961
            ],
            "42": [
                3901
            ],
            "37": [
                4037,
                425
            ],
            "43": [
                396,
                4022
            ],
            "0": [
                3468
            ],
            "65": [
                723
            ],
            "66": [
                3573
            ],
            "67": [
                828,
                829
            ],
            "68": [
                3829
            ],
            "70": [
                3723
            ],
            "71": [
                783
            ],
            "1": [
                722
            ],
            "73": [
                3408
            ],
            "74": [
                797,
                3423
            ],
            "75": [
                3529,
                3528
            ],
            "76": [
                859,
                858
            ],
            "77": [
                3859
            ],
            "2": [
                632
            ],