{
    "config": "L_1000-168.39196958788366s-1_A200",
    "num_vars": 83,
    "num_qubit": 160,
    "time_elapsed": 0.0201570987701416,
    "best_state": {
        "sample": [
            0,
            1,
            0,
            0,
            1,
            0,
            0,
            0,
            1,
            1,
            0,
            0,
            0,
            0,
            1,
            1,
            1,
            0,
            0,
            1,
            0,
            0,
            1,
            1,
            0,
            1,
            0,
            0,
            0,
            0,
            1,
            0,
            1,
            1,
            0,
            0,
            1,
            0,
            0,
            0,
            0,
            0,
            0,
            1,
            0,
            0,
            0,
            0,
            0,
            0,
            0,
            0,
            0,
            0,
            0,
            0,
            0,
            0,
            1,
            1,
            0,
            0,
            0,
            0,
            0,
            0,
            0,
            0,
            0,
            0,
            0,
            0,
            0,
            0,
            0,
            0,
            0,
            0,
            0,
            0,
            1,
            0,
            0
        ],
        "energy": 534.0,
        "chain_break_fraction": 0.024096385542168676
    },
    "chain_strength_prefactor": 0.3,
    "chain_strength": 168.39196958788366,
    "max_chain_length": 4,
    "timing_info": {
        "qpu_sampling_time": 292060.0,
        "qpu_anneal_time_per_sample": 200.0,
        "qpu_readout_time_per_sample": 71.52,
        "qpu_access_time": 307986.77,
        "qpu_access_overhead_time": 1025.23,
        "qpu_programming_time": 15926.77,
        "qpu_delay_time_per_sample": 20.54,
        "total_post_processing_time": 42.0,
        "post_processing_overhead_time": 42.0
    },
    "embedding_info": {
        "embedding": {
            "3": [
                1654,
                1655,
                3758
            ],
            "0": [
                3849,
                3850,
                3851,
                1744
            ],
            "6": [
                3743,
                3742
            ],
            "9": [
                3729,
                3728,
                3730
            ],
            "12": [
                1609,
                3788,
                3773
            ],
            "16": [
                1760,
                4029,
                1759
            ],
            "20": [
                1729,
                3819,
                1728
            ],
            "24": [
                1669,
                3699
            ],
            "1": [
                2074,
                3896,
                2120
            ],
            "2": [
                2089
            ],
            "4": [
                1670
            ],
            "5": [
                3833
            ],
            "7": [
                1518
            ],
            "8": [
                1503
            ],
            "10": [
                1969,
                1968
            ],
            "11": [
                1954
            ],
            "13": [
                1564,
                1563
            ],
            "14": [
                3818,
                1549
            ],
            "15": [
                3863
            ],
            "17": [
                3938,
                1715
            ],
            "18": [
                1685
            ],
            "19": [
                4059,
                1761
            ],
            "21": [
                3909,
                1894,
                1820
            ],
            "22": [
                1835
            ],
            "23": [
                3834
            ],
            "25": [
                3653,
                3654
            ],
            "26": [
                3669,
                1698
            ],
            "27": [
                1713
            ],
            "43": [
                2119
            ],
            "66": [
                2030,
                3820,
                3866
            ],
            "44": [
                3775
            ],
            "67": [
                2059,
                3910
            ],
            "59": [
                1745,
                3923
            ],
            "68": [
                3879
            ],
            "60": [
                1625
            ],
            "69": [
                1699,
                3908
            ],
            "51": [
                3713
            ],
            "52": [
                3698
            ],
            "28": [
                2104,
                3745,
                2014
            ],
            "70": [
                3805,
                3804
            ],
            "77": [
                1984,
                3700
            ],
            "29": [
                3760
            ],
            "71": [
                3790,
                2044
            ],
            "78": [
                3715,
                1999,
                3655
            ],
            "40": [
                1624,
                3803
            ],
            "61": [
                1580,
                4028,
                1579
            ],
            "79": [
                1578,
                3683,
                3638
            ],
            "41": [
                1533,
                3668,
                1534
            ],
            "62": [
                3893,
                1595
            ],
            "80": [
                1594,
                1593
            ],
            "34": [
                3953
            ],
            "53": [
                1610,
                4013
            ],
            "72": [
                4014,
                1730
            ],
            "35": [
                1700,
                3968,
                4044
            ],
            "54": [
                3998,
                1565
            ],
            "73": [
                3984,
                3983
            ],
            "31": [
                3924,
                1864,
                3925
            ],
            "37": [
                3864,
                1805,
                3969
            ],
            "45": [
                1939,
                1940,
                3954
            ],
            "63": [
                1775
            ],
            "81": [
                3759,
                1789,
                1774
            ],
            "32": [
                3880,
                3881
            ],
            "38": [
                3894,
                3895
            ],
            "46": [
                1909,
                3865,
                1910
            ],
            "64": [
                3939,
                1925,
                1880
            ],
            "82": [
                1850,
                1849
            ],
            "48": [
                1878
            ],
            "56": [
                3578,
                1608,
                3579
            ],
            "74": [
                3639,
                1788
            ],
            "49": [
                3684,
                3685
            ],
            "57": [
                1683,
                3608,
                3714
            ],
            "75": [
                3774,
                1804
            ],
            "30": [
                3716,
                2029
            ],
            "33": [
                1985
            ],
            "36": [
                1640
            ],