{
    "config": "N_1000-493.0168129558492s-1_A200",
    "num_vars": 56,
    "num_qubit": 102,
    "time_elapsed": 0.017922639846801758,
    "best_state": {
        "sample": [
            0,
            1,
            0,
            0,
            0,
            0,
            0,
            0,
            1,
            0,
            0,
            0,
            0,
            0,
            0,
            1,
            1,
            1,
            0,
            0,
            1,
            0,
            0,
            0,
            0,
            1,
            0,
            1,
            0,
            0,
            0,
            0,
            0,
            0,
            1,
            1,
            0,
            0,
            0,
            0,
            0,
            0,
            1,
            1,
            0,
            0,
            0,
            1,
            1,
            1,
            1,
            1,
            1,
            1,
            1,
            1
        ],
        "energy": 106.0,
        "chain_break_fraction": 0.017857142857142856
    },
    "chain_strength": 493.0168129558492,
    "max_chain_length": 3,
    "timing_info": {
        "qpu_sampling_time": 287520.0,
        "qpu_anneal_time_per_sample": 200.0,
        "qpu_readout_time_per_sample": 66.98,
        "qpu_access_time": 303446.77,
        "qpu_access_overhead_time": 1061.23,
        "qpu_programming_time": 15926.77,
        "qpu_delay_time_per_sample": 20.54,
        "total_post_processing_time": 1.0,
        "post_processing_overhead_time": 1.0
    },
    "embedding_info": {
        "embedding": {
            "20": [
                4862,
                610
            ],
            "21": [
                4953,
                655,
                4952
            ],
            "26": [
                4832,
                640
            ],
            "22": [
                475,
                4892
            ],
            "27": [
                581,
                4712,
                580
            ],
            "23": [
                535,
                536,
                4802
            ],
            "28": [
                4997
            ],
            "24": [
                460,
                4937
            ],
            "29": [
                4907,
                625
            ],
            "25": [
                490,
                4772,
                491
            ],
            "30": [
                565,
                566
            ],
            "31": [
                4923,
                4922
            ],
            "32": [
                685,
                686
            ],
            "33": [
                4878,
                670,
                4877
            ],
            "34": [
                4846,
                4847,
                445
            ],
            "35": [
                5012,
                596
            ],
            "36": [
                551,
                550
            ],
            "37": [
                520,
                521,
                4817
            ],
            "38": [
                671,
                4968,
                4967
            ],
            "39": [
                4983,
                4982,
                4981
            ],
            "40": [
                506,
                5042,
                505
            ],
            "2": [
                416,
                4996
            ],
            "7": [
                476
            ],
            "3": [
                730,
                4773
            ],
            "16": [
                5011
            ],
            "4": [
                626
            ],
            "5": [
                5043
            ],
            "10": [
                5072,
                5071,
                5073
            ],
            "6": [
                4848
            ],
            "17": [
                431,
                430
            ],
            "8": [
                5057
            ],
            "14": [
                5026,
                5027
            ],
            "9": [
                5087,
                5088
            ],
            "18": [
                5102
            ],
            "11": [
                582,
                5103
            ],
            "15": [
                5058
            ],
            "12": [
                5028,
                851
            ],
            "19": [
                777,
                776
            ],
            "0": [
                341
            ],
            "42": [
                5086
            ],
            "44": [
                401,
                402
            ],
            "45": [
                552,
                5132
            ],
            "47": [
                761
            ],
            "48": [
                4998
            ],
            "50": [
                611,
                5177
            ],
            "51": [
                641
            ],
            "1": [
                745
            ],
            "53": [
                4833
            ],
            "54": [
                791,
                790
            ],
            "55": [
                806
            ],
            "56": [
                5104
            ],
            "46": [
                461
            ],
            "49": [
                716
            ],
            "52": [
                656
            ],
            "57": [
                446
            ],
            "58": [
                5118,
                5117,
                5119
            ]
        },
        "chain_break_method": "majority_vote",
        "embedding_parameters": {},
        "chain_strength": 493.0168129558492
    }
}