{
    "config": "N_1000-410.84734412987433s-1_A200",
    "num_vars": 56,
    "num_qubit": 99,
    "time_elapsed": 0.016238689422607422,
    "best_state": {
        "sample": [
            0,
            1,
            0,
            0,
            0,
            0,
            0,
            1,
            0,
            1,
            0,
            0,
            0,
            0,
            1,
            1,
            0,
            0,
            0,
            0,
            0,
            0,
            1,
            0,
            0,
            0,
            0,
            1,
            0,
            0,
            1,
            1,
            0,
            1,
            1,
            0,
            1,
            0,
            0,
            1,
            0,
            1,
            1,
            1,
            0,
            0,
            0,
            1,
            1,
            1,
            1,
            1,
            1,
            1,
            1,
            1
        ],
        "energy": 106.0,
        "chain_break_fraction": 0.017857142857142856
    },
    "chain_strength_prefactor": 0.25,
    "chain_strength": 410.84734412987433,
    "max_chain_length": 3,
    "timing_info": {
        "qpu_sampling_time": 299200.0,
        "qpu_anneal_time_per_sample": 200.0,
        "qpu_readout_time_per_sample": 78.66,
        "qpu_access_time": 314962.37,
        "qpu_access_overhead_time": 4833.63,
        "qpu_programming_time": 15762.37,
        "qpu_delay_time_per_sample": 20.54,
        "total_post_processing_time": 1.0,
        "post_processing_overhead_time": 1.0
    },
    "embedding_info": {
        "embedding": {
            "20": [
                1231,
                3156
            ],
            "21": [
                3141,
                1261
            ],
            "26": [
                3306,
                1246,
                1262
            ],
            "22": [
                3110,
                1111,
                3111
            ],
            "27": [
                1126,
                1127
            ],
            "23": [
                1186,
                1185
            ],
            "28": [
                1216,
                3321
            ],
            "24": [
                1140,
                3035
            ],
            "29": [
                3200,
                3201,
                1066
            ],
            "25": [
                1200,
                3081,
                1201
            ],
            "30": [
                3291,
                3290
            ],
            "31": [
                1081,
                3170,
                3171
            ],
            "32": [
                3260,
                3261
            ],
            "33": [
                1155,
                1156,
                3126
            ],
            "34": [
                1170,
                1171
            ],
            "35": [
                3245,
                3246
            ],
            "36": [
                3095,
                1096
            ],
            "37": [
                3214,
                3215,
                1006
            ],
            "38": [
                1141,
                3230,
                3229
            ],
            "39": [
                3275,
                3276,
                991
            ],
            "40": [
                1051,
                3185
            ],
            "2": [
                3109
            ],
            "7": [
                1020
            ],
            "3": [
                1095
            ],
            "13": [
                2990,
                1050
            ],
            "4": [
                1097,
                3335
            ],
            "5": [
                3259
            ],
            "10": [
                3199,
                3198,
                1036
            ],
            "6": [
                3080
            ],
            "14": [
                3125,
                3124
            ],
            "8": [
                1005,
                3140
            ],
            "15": [
                3094
            ],
            "9": [
                961,
                960
            ],
            "18": [
                870,
                871
            ],
            "11": [
                1021
            ],
            "16": [
                916
            ],
            "12": [
                1082,
                3350
            ],
            "19": [
                3274,
                886
            ],
            "0": [
                3183
            ],
            "42": [
                810
            ],
            "44": [
                885
            ],
            "45": [
                3034
            ],
            "47": [
                3244
            ],
            "48": [
                976
            ],
            "1": [
                3020
            ],
            "50": [
                1080
            ],
            "51": [
                3065
            ],
            "52": [
                3155,
                990
            ],
            "53": [
                3184
            ],
            "56": [
                3305
            ],
            "57": [
                932
            ],
            "46": [
                3049
            ],
            "49": [
                3320
            ],
            "54": [
                2989,
                855
            ],
            "55": [
                900,
                901
            ],
            "58": [
                3289
            ]
        },
        "chain_break_method": "majority_vote",
        "embedding_parameters": {},
        "chain_strength": 410.84734412987433
    }
}