{
    "config": "N_1000-575.186281781824s-1_A200",
    "num_vars": 56,
    "num_qubit": 98,
    "time_elapsed": 0.019989728927612305,
    "best_state": {
        "sample": [
            0,
            1,
            0,
            0,
            0,
            0,
            0,
            0,
            0,
            0,
            0,
            0,
            1,
            1,
            0,
            1,
            0,
            1,
            0,
            1,
            1,
            1,
            1,
            0,
            0,
            0,
            0,
            0,
            0,
            0,
            1,
            1,
            0,
            0,
            1,
            0,
            0,
            0,
            0,
            1,
            1,
            0,
            1,
            1,
            0,
            0,
            0,
            1,
            1,
            1,
            1,
            1,
            1,
            0,
            1,
            1
        ],
        "energy": 106.0,
        "chain_break_fraction": 0.0
    },
    "chain_strength_prefactor": 0.35,
    "chain_strength": 575.186281781824,
    "max_chain_length": 3,
    "timing_info": {
        "qpu_sampling_time": 278180.0,
        "qpu_anneal_time_per_sample": 200.0,
        "qpu_readout_time_per_sample": 57.64,
        "qpu_access_time": 294108.37,
        "qpu_access_overhead_time": 1417.63,
        "qpu_programming_time": 15928.37,
        "qpu_delay_time_per_sample": 20.54,
        "total_post_processing_time": 303.0,
        "post_processing_overhead_time": 303.0
    },
    "embedding_info": {
        "embedding": {
            "20": [
                1141,
                1140
            ],
            "21": [
                3290,
                991,
                3291
            ],
            "26": [
                1051,
                3260
            ],
            "22": [
                3380,
                1097
            ],
            "27": [
                3245,
                1156
            ],
            "23": [
                1186,
                3321
            ],
            "28": [
                3230
            ],
            "24": [
                1201,
                1202,
                3185
            ],
            "29": [
                1096,
                3200
            ],
            "25": [
                3336,
                3335
            ],
            "30": [
                1081,
                1082,
                3095
            ],
            "31": [
                3305,
                3306
            ],
            "32": [
                1127,
                1126
            ],
            "33": [
                3171,
                1036,
                3170
            ],
            "34": [
                3275,
                3276,
                1006
            ],
            "35": [
                1171,
                3365
            ],
            "36": [
                1066,
                1067
            ],
            "37": [
                3350,
                3351,
                961
            ],
            "38": [
                3215,
                3214,
                3216
            ],
            "39": [
                1112,
                1111
            ],
            "40": [
                1217,
                1216,
                3395
            ],
            "2": [
                3322
            ],
            "10": [
                1231
            ],
            "3": [
                3486
            ],
            "13": [
                3157,
                3156
            ],
            "4": [
                3246
            ],
            "5": [
                3455,
                1037
            ],
            "14": [
                3172
            ],
            "6": [
                1277
            ],
            "17": [
                1292
            ],
            "8": [
                1351,
                3366
            ],
            "11": [
                3261
            ],
            "9": [
                3396,
                1232
            ],
            "18": [
                3352,
                1336
            ],
            "12": [
                1247,
                1246
            ],
            "15": [
                1381,
                3292
            ],
            "16": [
                3441,
                3442
            ],
            "19": [
                3410,
                3411,
                1187
            ],
            "0": [
                1306
            ],
            "42": [
                1291
            ],
            "44": [
                1321
            ],
            "45": [
                3381
            ],
            "47": [
                1366
            ],
            "48": [
                3231
            ],
            "1": [
                3501
            ],
            "50": [
                1113
            ],
            "51": [
                3470,
                3471
            ],
            "52": [
                3456
            ],
            "53": [
                1337
            ],
            "56": [
                1262
            ],
            "57": [
                3426
            ],
            "46": [
                1382
            ],
            "49": [
                3201,
                1276
            ],
            "54": [
                1411
            ],
            "55": [
                1427,
                1426,
                3487
            ],
            "58": [
                1307
            ]
        },
        "chain_break_method": "majority_vote",
        "embedding_parameters": {},
        "chain_strength": 575.186281781824
    }
}