{
    "config": "N_1000-328.6778753038995s-1_A200",
    "num_vars": 56,
    "num_qubit": 102,
    "time_elapsed": 0.025022268295288086,
    "best_state": {
        "sample": [
            1,
            0,
            0,
            0,
            0,
            1,
            0,
            0,
            0,
            1,
            1,
            0,
            0,
            0,
            0,
            0,
            0,
            0,
            1,
            1,
            0,
            0,
            0,
            1,
            0,
            0,
            0,
            0,
            1,
            0,
            1,
            1,
            1,
            1,
            1,
            1,
            1,
            1,
            0,
            0,
            1,
            1,
            1,
            0,
            0,
            1,
            1,
            0,
            0,
            0,
            0,
            0,
            0,
            1,
            1,
            1
        ],
        "energy": 109.0,
        "chain_break_fraction": 0.017857142857142856
    },
    "chain_strength_prefactor": 0.2,
    "chain_strength": 328.6778753038995,
    "max_chain_length": 3,
    "timing_info": {
        "qpu_sampling_time": 321020.0,
        "qpu_anneal_time_per_sample": 200.0,
        "qpu_readout_time_per_sample": 100.48,
        "qpu_access_time": 336948.77,
        "qpu_access_overhead_time": 2193.23,
        "qpu_programming_time": 15928.77,
        "qpu_delay_time_per_sample": 20.54,
        "total_post_processing_time": 1.0,
        "post_processing_overhead_time": 1.0
    },
    "embedding_info": {
        "embedding": {
            "20": [
                4755,
                99,
                4756
            ],
            "21": [
                4741,
                339
            ],
            "26": [
                4740,
                159
            ],
            "22": [
                4696,
                4695
            ],
            "27": [
                189,
                4575,
                190
            ],
            "23": [
                278,
                279,
                4561
            ],
            "28": [
                174,
                4620
            ],
            "24": [
                385,
                384,
                4771
            ],
            "29": [
                4726,
                4725
            ],
            "25": [
                248,
                249
            ],
            "30": [
                204,
                205,
                4545
            ],
            "31": [
                4681,
                4680
            ],
            "32": [
                4635,
                324
            ],
            "33": [
                4651,
                444,
                4650
            ],
            "34": [
                4665,
                264
            ],
            "35": [
                4606,
                309,
                4605
            ],
            "36": [
                369,
                4576,
                370
            ],
            "37": [
                4530,
                219
            ],
            "38": [
                293,
                294
            ],
            "39": [
                263,
                4470
            ],
            "40": [
                4591,
                234,
                354
            ],
            "2": [
                277
            ],
            "10": [
                308
            ],
            "3": [
                400,
                4801
            ],
            "13": [
                4531
            ],
            "4": [
                143,
                4560
            ],
            "5": [
                428,
                429
            ],
            "7": [
                414,
                413
            ],
            "6": [
                4742
            ],
            "14": [
                399
            ],
            "8": [
                4621,
                443
            ],
            "15": [
                4471,
                338
            ],
            "9": [
                128
            ],
            "18": [
                218
            ],
            "11": [
                4516,
                4517
            ],
            "16": [
                4426,
                292
            ],
            "12": [
                188
            ],
            "19": [
                262
            ],
            "0": [
                4607
            ],
            "42": [
                4592
            ],
            "44": [
                4485,
                4486
            ],
            "45": [
                4515,
                173
            ],
            "47": [
                4381,
                247
            ],
            "48": [
                4440
            ],
            "1": [
                415
            ],
            "50": [
                4757
            ],
            "51": [
                504
            ],
            "52": [
                488,
                489
            ],
            "53": [
                368,
                4441
            ],
            "56": [
                4410
            ],
            "57": [
                203,
                4365
            ],
            "46": [
                4500,
                4501
            ],
            "49": [
                4455,
                323
            ],
            "54": [
                4546
            ],
            "55": [
                353
            ],
            "58": [
                4350
            ]
        },
        "chain_break_method": "majority_vote",
        "embedding_parameters": {},
        "chain_strength": 328.6778753038995
    }
}