{
    "config": "N_1000-13253.828143703682s-1_A200",
    "num_vars": 113,
    "num_qubit": 209,
    "time_elapsed": 0.0268857479095459,
    "best_state": {
        "sample": [
            1,
            0,
            1,
            0,
            0,
            0,
            0,
            1,
            0,
            0,
            0,
            0,
            0,
            0,
            0,
            0,
            0,
            0,
            0,
            0,
            0,
            0,
            0,
            0,
            0,
            0,
            0,
            0,
            0,
            0,
            0,
            0,
            0,
            0,
            0,
            0,
            0,
            0,
            0,
            0,
            0,
            0,
            0,
            0,
            1,
            0,
            1,
            1,
            1,
            1,
            1,
            1,
            1,
            1,
            0,
            1,
            1,
            1,
            1,
            1,
            1,
            0,
            0,
            1,
            1,
            1,
            1,
            1,
            1,
            1,
            1,
            1,
            1,
            1,
            1,
            1,
            1,
            0,
            0,
            0,
            0,
            0,
            0,
            0,
            0,
            0,
            0,
            0,
            0,
            0,
            0,
            0,
            0,
            0,
            0,
            0,
            0,
            0,
            0,
            0,
            0,
            0,
            0,
            0,
            0,
            0,
            0,
            0,
            0,
            0,
            0,
            0,
            0
        ],
        "energy": 3241.0,
        "chain_break_fraction": 0.008849557522123894
    },
    "chain_strength_prefactor": 0.3,
    "chain_strength": 13253.828143703682,
    "max_chain_length": 4,
    "timing_info": {
        "qpu_sampling_time": 296880.0,
        "qpu_anneal_time_per_sample": 200.0,
        "qpu_readout_time_per_sample": 76.34,
        "qpu_access_time": 312811.17,
        "qpu_access_overhead_time": 1583.83,
        "qpu_programming_time": 15931.17,
        "qpu_delay_time_per_sample": 20.54,
        "total_post_processing_time": 440.0,
        "post_processing_overhead_time": 440.0
    },
    "embedding_info": {
        "embedding": {
            "43": [
                2012,
                3311,
                3310
            ],
            "44": [
                3415,
                3414,
                1967
            ],
            "49": [
                3400,
                1982
            ],
            "45": [
                3294,
                3295,
                1802
            ],
            "50": [
                3280,
                3279,
                2027
            ],
            "46": [
                3370,
                3369
            ],
            "51": [
                1952,
                3385
            ],
            "47": [
                3594,
                1833,
                1832,
                3595
            ],
            "52": [
                3430,
                3429,
                2057
            ],
            "48": [
                1848,
                1847
            ],
            "53": [
                3445,
                3444,
                1907
            ],
            "54": [
                3355,
                1876,
                3354
            ],
            "55": [
                3340,
                1937
            ],
            "56": [
                3535,
                1998,
                1997
            ],
            "57": [
                1877,
                3399,
                1878
            ],
            "58": [
                1817,
                1818,
                3384
            ],
            "59": [
                1862,
                1861,
                1863
            ],
            "60": [
                1787,
                3474,
                3473,
                1786
            ],
            "61": [
                1922,
                3505
            ],
            "62": [
                3490,
                3489,
                1772
            ],
            "63": [
                3459,
                3460
            ],
            "1": [
                2011
            ],
            "7": [
                1951
            ],
            "2": [
                3416
            ],
            "13": [
                1966
            ],
            "3": [
                3293
            ],
            "19": [
                3296
            ],
            "4": [
                2056
            ],
            "25": [
                3371,
                2207
            ],
            "5": [
                2043
            ],
            "31": [
                2072,
                2073,
                3461
            ],
            "6": [
                3774,
                1849
            ],
            "37": [
                3549
            ],
            "8": [
                3401
            ],
            "14": [
                1981
            ],
            "9": [
                3278
            ],
            "20": [
                2086,
                3341
            ],
            "10": [
                2041
            ],
            "26": [
                3431,
                2117
            ],
            "11": [
                2058
            ],
            "32": [
                3521,
                2103
            ],
            "12": [
                1909,
                1908
            ],
            "38": [
                3564
            ],
            "15": [
                3353
            ],
            "21": [
                3356,
                2177
            ],
            "16": [
                1711,
                3339
            ],
            "27": [
                2042,
                3475,
                1983
            ],
            "17": [
                1999
            ],
            "33": [
                1953,
                3625
            ],
            "18": [
                1879
            ],
            "39": [
                3609
            ],
            "22": [
                3309
            ],
            "28": [
                3579,
                3578,
                1938
            ],
            "23": [
                3699,
                3700
            ],
            "34": [
                3743,
                3744,
                1639
            ],
            "24": [
                3714,
                1698,
                1697
            ],
            "40": [
                3533,
                1563,
                1562
            ],
            "29": [
                1923,
                3685
            ],
            "35": [
                3504,
                1742
            ],
            "30": [
                1773,
                3639
            ],
            "41": [
                3548,
                1682
            ],
            "36": [
                1758,
                1757
            ],
            "42": [
                1727,
                1728
            ],
            "64": [
                3235,
                2071
            ],
            "65": [
                3281
            ],
            "66": [
                2193,
                2192
            ],
            "67": [
                3551,
                3550
            ],
            "0": [
                3205
            ],
            "69": [
                3190
            ],
            "70": [
                2101,
                3220
            ],