{
    "config": "N_1000-47175.1117648168s-1_A200",
    "num_vars": 115,
    "num_qubit": 218,
    "time_elapsed": 0.029729127883911133,
    "best_state": {
        "sample": [
            0,
            1,
            0,
            0,
            0,
            0,
            0,
            0,
            1,
            0,
            0,
            0,
            0,
            0,
            0,
            0,
            0,
            0,
            0,
            0,
            0,
            0,
            1,
            0,
            0,
            0,
            0,
            0,
            0,
            0,
            0,
            0,
            0,
            1,
            0,
            1,
            0,
            0,
            0,
            0,
            0,
            0,
            0,
            0,
            0,
            0,
            0,
            1,
            0,
            1,
            1,
            1,
            1,
            0,
            1,
            0,
            1,
            0,
            1,
            1,
            0,
            1,
            0,
            1,
            1,
            1,
            1,
            1,
            1,
            1,
            0,
            0,
            0,
            1,
            0,
            1,
            1,
            1,
            0,
            0,
            0,
            1,
            1,
            0,
            1,
            1,
            1,
            0,
            0,
            0,
            0,
            0,
            0,
            0,
            0,
            0,
            1,
            1,
            1,
            1,
            1,
            1,
            1,
            1,
            1,
            1,
            0,
            0,
            0,
            0,
            0,
            0,
            0,
            0,
            0
        ],
        "energy": 8706.0,
        "chain_break_fraction": 0.0
    },
    "chain_strength_prefactor": 0.4,
    "chain_strength": 47175.1117648168,
    "max_chain_length": 4,
    "timing_info": {
        "qpu_sampling_time": 341780.0,
        "qpu_anneal_time_per_sample": 200.0,
        "qpu_readout_time_per_sample": 121.24,
        "qpu_access_time": 357542.77,
        "qpu_access_overhead_time": 2263.23,
        "qpu_programming_time": 15762.77,
        "qpu_delay_time_per_sample": 20.54,
        "total_post_processing_time": 1.0,
        "post_processing_overhead_time": 1.0
    },
    "embedding_info": {
        "embedding": {
            "44": [
                3609,
                1878,
                3700
            ],
            "45": [
                1789,
                1788,
                3699
            ],
            "50": [
                3714,
                1728
            ],
            "46": [
                3789,
                1834,
                3788
            ],
            "51": [
                3654,
                1713,
                1714,
                3758
            ],
            "47": [
                3684,
                3685,
                1773
            ],
            "52": [
                3669,
                3670,
                3668
            ],
            "48": [
                1759,
                1758
            ],
            "53": [
                1743,
                1744
            ],
            "49": [
                3640,
                2014,
                3639
            ],
            "54": [
                3624,
                3625,
                1923,
                1924
            ],
            "55": [
                1774,
                3849,
                1775
            ],
            "56": [
                3774,
                3773,
                1804
            ],
            "57": [
                1729,
                3864
            ],
            "58": [
                1819,
                3744,
                1820
            ],
            "59": [
                1850,
                1849,
                3939
            ],
            "60": [
                1879,
                3834,
                1880
            ],
            "61": [
                3760,
                3759,
                2089
            ],
            "62": [
                3819,
                1864,
                1863
            ],
            "63": [
                1909,
                3850,
                1908
            ],
            "64": [
                3805,
                3806,
                3804
            ],
            "2": [
                3608
            ],
            "8": [
                1818
            ],
            "3": [
                3698
            ],
            "14": [
                1787
            ],
            "4": [
                1685,
                4088,
                1684
            ],
            "20": [
                1653,
                1654
            ],
            "5": [
                3683
            ],
            "26": [
                3519,
                3518
            ],
            "6": [
                1760,
                3908
            ],
            "32": [
                3548
            ],
            "7": [
                2058
            ],
            "38": [
                1938,
                3520
            ],
            "9": [
                3713
            ],
            "15": [
                1698
            ],
            "10": [
                1715
            ],
            "21": [
                3653
            ],
            "11": [
                1474
            ],
            "27": [
                1578
            ],
            "12": [
                1745
            ],
            "33": [
                3578,
                1623
            ],
            "13": [
                2043
            ],
            "39": [
                3594,
                3595
            ],
            "16": [
                1776
            ],
            "22": [
                3833,
                1655
            ],
            "17": [
                3772
            ],
            "28": [
                1594
            ],
            "18": [
                3984,
                1730
            ],
            "34": [
                1625,
                3863
            ],
            "19": [
                3745
            ],
            "40": [
                1835,
                3955,
                3865,
                3954
            ],
            "23": [
                3878,
                3938,
                1595
            ],
            "29": [
                1894,
                1895,
                1893
            ],
            "24": [
                1910,
                4089,
                1806
            ],
            "35": [
                4014,
                4015,
                4013
            ],
            "25": [
                2104,
                2105
            ],
            "41": [
                3910
            ],
            "30": [
                2044,
                3820,
                2045
            ],
            "36": [
                1925,
                3909
            ],
            "31": [
                3851
            ],
            "42": [
                2000,
                3970
            ],
            "37": [
                2210,
                3941,
                2209
            ],
            "43": [
                2074,
                3896,
                2075
            ],
            "0": [
                1803
            ],
            "65": [
                3504
            ],
            "66": [
                3489,
                1668
            ],
            "67": [
                3534
            ],
            "68": [
                1727
            ],