{
    "config": "N_1000-47175.1117648168s-1_A200",
    "num_vars": 115,
    "num_qubit": 224,
    "time_elapsed": 0.043859243392944336,
    "best_state": {
        "sample": [
            0,
            1,
            0,
            0,
            0,
            0,
            0,
            0,
            1,
            0,
            0,
            0,
            0,
            0,
            0,
            0,
            0,
            0,
            0,
            0,
            0,
            0,
            0,
            0,
            0,
            0,
            0,
            0,
            1,
            0,
            0,
            0,
            0,
            1,
            0,
            0,
            0,
            1,
            0,
            0,
            0,
            0,
            1,
            0,
            0,
            1,
            0,
            1,
            0,
            0,
            1,
            0,
            1,
            0,
            1,
            0,
            0,
            0,
            0,
            1,
            1,
            1,
            0,
            0,
            1,
            1,
            1,
            1,
            1,
            1,
            0,
            0,
            0,
            1,
            0,
            0,
            1,
            1,
            0,
            0,
            0,
            0,
            0,
            0,
            0,
            0,
            0,
            0,
            0,
            0,
            0,
            1,
            0,
            1,
            1,
            1,
            1,
            1,
            1,
            1,
            1,
            1,
            1,
            1,
            1,
            1,
            0,
            0,
            0,
            0,
            1,
            0,
            0,
            0,
            1
        ],
        "energy": 8888.0,
        "chain_break_fraction": 0.0
    },
    "chain_strength_prefactor": 0.4,
    "chain_strength": 47175.1117648168,
    "max_chain_length": 4,
    "timing_info": {
        "qpu_sampling_time": 304020.0,
        "qpu_anneal_time_per_sample": 200.0,
        "qpu_readout_time_per_sample": 83.48,
        "qpu_access_time": 319947.57,
        "qpu_access_overhead_time": 2031.43,
        "qpu_programming_time": 15927.57,
        "qpu_delay_time_per_sample": 20.54,
        "total_post_processing_time": 1.0,
        "post_processing_overhead_time": 1.0
    },
    "embedding_info": {
        "embedding": {
            "44": [
                1243,
                5346
            ],
            "45": [
                1378,
                1377
            ],
            "50": [
                5407,
                5406,
                1483
            ],
            "46": [
                1423,
                5362,
                5361
            ],
            "51": [
                1453,
                5316,
                5317
            ],
            "47": [
                1303,
                5302,
                1304
            ],
            "52": [
                1392,
                1393,
                5166
            ],
            "48": [
                1362,
                1363,
                5272
            ],
            "53": [
                5288,
                1318,
                5287
            ],
            "49": [
                5436,
                5437
            ],
            "54": [
                1258,
                5451,
                5452,
                5421
            ],
            "55": [
                5422,
                5423,
                1648,
                1647
            ],
            "56": [
                1407,
                1408,
                5376
            ],
            "57": [
                5333,
                5332
            ],
            "58": [
                1438,
                5467,
                1454
            ],
            "59": [
                5257,
                1468,
                5258
            ],
            "60": [
                1512,
                5318
            ],
            "61": [
                1513,
                5377
            ],
            "62": [
                5392,
                5391,
                1588,
                1528
            ],
            "63": [
                1469,
                5527,
                5482
            ],
            "64": [
                1499,
                1498,
                5468
            ],
            "2": [
                1288
            ],
            "8": [
                5466
            ],
            "3": [
                5227
            ],
            "14": [
                5540,
                5541
            ],
            "4": [
                1542
            ],
            "20": [
                5360,
                1182,
                1181
            ],
            "5": [
                1302
            ],
            "26": [
                5301,
                1138
            ],
            "6": [
                1361
            ],
            "32": [
                5211
            ],
            "7": [
                1274
            ],
            "38": [
                1333
            ],
            "9": [
                1482
            ],
            "15": [
                1273
            ],
            "10": [
                1557,
                5347
            ],
            "21": [
                1197
            ],
            "11": [
                1331,
                5122
            ],
            "27": [
                1257,
                5136
            ],
            "12": [
                1422
            ],
            "33": [
                1317,
                5241
            ],
            "13": [
                1289
            ],
            "39": [
                1348
            ],
            "16": [
                5228
            ],
            "22": [
                5077,
                5078
            ],
            "17": [
                1406
            ],
            "28": [
                5137,
                5138
            ],
            "18": [
                5334,
                1737
            ],
            "34": [
                5304,
                5303,
                1527
            ],
            "19": [
                5557,
                5556
            ],
            "40": [
                5603,
                5602,
                1394
            ],
            "23": [
                1692,
                1691,
                5289
            ],
            "29": [
                5168,
                1602
            ],
            "24": [
                5319
            ],
            "35": [
                1633,
                5348,
                1632
            ],
            "25": [
                1558,
                5408,
                1559,
                5409
            ],
            "41": [
                5543,
                5542
            ],
            "30": [
                5438,
                5439
            ],
            "36": [
                1723,
                5393
            ],
            "31": [
                5588,
                5587
            ],
            "42": [
                1574,
                5618
            ],
            "37": [
                1634,
                5558
            ],
            "43": [
                1649
            ],
            "0": [
                5481
            ],
            "65": [
                1168
            ],
            "66": [
                1152,
                1153
            ],
            "67": [
                5255,
                1123
            ],
            "68": [
                5256,
                1242
            ],
            "69": [
                1332
            ],