{
    "config": "N_1000-29484.4448530105s-1_A200",
    "num_vars": 115,
    "num_qubit": 214,
    "time_elapsed": 0.025752782821655273,
    "best_state": {
        "sample": [
            1,
            0,
            1,
            0,
            0,
            0,
            0,
            1,
            0,
            0,
            0,
            0,
            0,
            0,
            0,
            0,
            0,
            0,
            0,
            0,
            0,
            0,
            0,
            0,
            0,
            0,
            0,
            0,
            0,
            0,
            0,
            0,
            0,
            0,
            0,
            0,
            0,
            0,
            0,
            0,
            1,
            0,
            0,
            0,
            1,
            1,
            1,
            1,
            1,
            1,
            1,
            0,
            1,
            1,
            1,
            0,
            1,
            1,
            0,
            1,
            1,
            1,
            0,
            0,
            0,
            1,
            1,
            1,
            1,
            1,
            1,
            1,
            1,
            1,
            0,
            0,
            0,
            0,
            0,
            0,
            0,
            0,
            0,
            0,
            0,
            0,
            0,
            0,
            0,
            0,
            0,
            0,
            0,
            0,
            0,
            0,
            0,
            0,
            0,
            0,
            0,
            0,
            0,
            0,
            0,
            0,
            1,
            1,
            1,
            1,
            1,
            0,
            1,
            1,
            1
        ],
        "energy": 10175.0,
        "chain_break_fraction": 0.017391304347826087
    },
    "chain_strength_prefactor": 0.25,
    "chain_strength": 29484.4448530105,
    "max_chain_length": 4,
    "timing_info": {
        "qpu_sampling_time": 290440.0,
        "qpu_anneal_time_per_sample": 200.0,
        "qpu_readout_time_per_sample": 69.9,
        "qpu_access_time": 306369.17,
        "qpu_access_overhead_time": 1726.83,
        "qpu_programming_time": 15929.17,
        "qpu_delay_time_per_sample": 20.54,
        "total_post_processing_time": 436.0,
        "post_processing_overhead_time": 436.0
    },
    "embedding_info": {
        "embedding": {
            "44": [
                3486,
                3487
            ],
            "45": [
                1322,
                3546
            ],
            "50": [
                1352,
                1351
            ],
            "46": [
                1262,
                3276,
                3277,
                1263
            ],
            "51": [
                1381,
                3292,
                1382
            ],
            "47": [
                3456,
                1308,
                3457
            ],
            "52": [
                3501,
                3502
            ],
            "48": [
                3396,
                1247,
                3397
            ],
            "53": [
                3381,
                3382,
                1232
            ],
            "49": [
                1292,
                3337,
                1293
            ],
            "54": [
                3366,
                1277,
                1278
            ],
            "55": [
                3442,
                1487,
                1367
            ],
            "56": [
                3471,
                1202,
                3472
            ],
            "57": [
                3427,
                3426
            ],
            "58": [
                1397,
                1396,
                3231,
                3411
            ],
            "59": [
                1411,
                1412,
                3307
            ],
            "60": [
                3367,
                1457,
                1472
            ],
            "61": [
                1366,
                3322
            ],
            "62": [
                1426,
                1427,
                3172
            ],
            "63": [
                1336,
                1335,
                1337
            ],
            "64": [
                3352,
                1307,
                1321,
                1320
            ],
            "2": [
                1458
            ],
            "8": [
                3485
            ],
            "3": [
                1323
            ],
            "14": [
                3545
            ],
            "4": [
                3278
            ],
            "20": [
                3575,
                3576
            ],
            "5": [
                3458
            ],
            "26": [
                3455,
                1007
            ],
            "6": [
                1577
            ],
            "32": [
                3440,
                1097,
                3441
            ],
            "7": [
                3621
            ],
            "38": [
                3336
            ],
            "9": [
                3667,
                1353
            ],
            "15": [
                3532
            ],
            "10": [
                3293
            ],
            "21": [
                1383,
                3607
            ],
            "11": [
                3503
            ],
            "27": [
                1128
            ],
            "12": [
                1562
            ],
            "33": [
                3380
            ],
            "13": [
                3606
            ],
            "39": [
                3351
            ],
            "16": [
                3323
            ],
            "22": [
                3561,
                3562
            ],
            "17": [
                3518,
                1623,
                1488
            ],
            "28": [
                3410,
                1157
            ],
            "18": [
                3428
            ],
            "34": [
                1217,
                1216,
                3395
            ],
            "19": [
                3230
            ],
            "40": [
                1246,
                3306
            ],
            "23": [
                3412
            ],
            "29": [
                3007,
                3006,
                3005,
                1410
            ],
            "24": [
                1666,
                3248,
                1531
            ],
            "35": [
                1471
            ],
            "25": [
                1306,
                3216
            ],
            "41": [
                3261,
                3262
            ],
            "30": [
                1425,
                2992,
                1290
            ],
            "36": [
                3173,
                1500
            ],
            "31": [
                3111
            ],
            "42": [
                3081
            ],
            "37": [
                3051,
                1350
            ],
            "43": [
                3036
            ],
            "0": [
                3500
            ],
            "65": [
                1098
            ],
            "66": [
                1083
            ],
            "67": [
                1053,
                3515
            ],
            "68": [
                1052
            ],
            "69": [
                3335
            ],
            "71": [
                1443
            ],
            "72": [
                3517,
                3516
            ],