{
    "config": "N_1000-30387.304892402903s-1_A200",
    "num_vars": 109,
    "num_qubit": 199,
    "time_elapsed": 0.03477025032043457,
    "best_state": {
        "sample": [
            0,
            0,
            0,
            0,
            1,
            0,
            0,
            0,
            0,
            0,
            0,
            0,
            0,
            0,
            0,
            0,
            0,
            0,
            0,
            0,
            0,
            0,
            0,
            0,
            0,
            0,
            0,
            0,
            0,
            0,
            0,
            1,
            1,
            0,
            0,
            0,
            1,
            0,
            1,
            0,
            0,
            0,
            0,
            1,
            1,
            1,
            0,
            0,
            1,
            1,
            1,
            0,
            1,
            1,
            1,
            0,
            0,
            1,
            0,
            0,
            0,
            0,
            1,
            0,
            0,
            0,
            0,
            1,
            0,
            0,
            0,
            0,
            0,
            0,
            0,
            0,
            0,
            0,
            0,
            0,
            0,
            0,
            0,
            0,
            0,
            0,
            0,
            0,
            0,
            0,
            0,
            1,
            1,
            1,
            1,
            1,
            1,
            1,
            1,
            1,
            1,
            0,
            0,
            0,
            0,
            1,
            1,
            1,
            1
        ],
        "energy": 9052.0,
        "chain_break_fraction": 0.01834862385321101
    },
    "chain_strength_prefactor": 0.2,
    "chain_strength": 30387.304892402903,
    "max_chain_length": 4,
    "timing_info": {
        "qpu_sampling_time": 365680.0,
        "qpu_anneal_time_per_sample": 200.0,
        "qpu_readout_time_per_sample": 145.14,
        "qpu_access_time": 381441.97,
        "qpu_access_overhead_time": 1868.03,
        "qpu_programming_time": 15761.97,
        "qpu_delay_time_per_sample": 20.54,
        "total_post_processing_time": 20.0,
        "post_processing_overhead_time": 20.0
    },
    "embedding_info": {
        "embedding": {
            "42": [
                400,
                4787,
                399
            ],
            "43": [
                4757,
                4758,
                4756
            ],
            "48": [
                429,
                428
            ],
            "44": [
                4727,
                4726,
                580
            ],
            "49": [
                444,
                4711,
                4801
            ],
            "45": [
                339,
                338,
                4636
            ],
            "50": [
                369,
                4696
            ],
            "46": [
                4531,
                308,
                309
            ],
            "51": [
                4546,
                443
            ],
            "47": [
                4651,
                4650,
                489
            ],
            "52": [
                504,
                505,
                4621
            ],
            "53": [
                4742,
                4743,
                4741
            ],
            "54": [
                4681,
                279,
                4682
            ],
            "55": [
                353,
                4486,
                354
            ],
            "56": [
                459,
                4816,
                458
            ],
            "57": [
                384,
                383,
                385
            ],
            "58": [
                4411,
                323,
                324
            ],
            "59": [
                413,
                4501,
                414,
                415
            ],
            "60": [
                4576,
                278
            ],
            "61": [
                4665,
                219,
                4666
            ],
            "62": [
                4606,
                4607
            ],
            "6": [
                4772,
                550
            ],
            "12": [
                4788
            ],
            "7": [
                714
            ],
            "15": [
                609
            ],
            "8": [
                4832
            ],
            "20": [
                4728
            ],
            "9": [
                340
            ],
            "26": [
                4637
            ],
            "10": [
                307
            ],
            "31": [
                4532
            ],
            "11": [
                249
            ],
            "37": [
                4592
            ],
            "13": [
                670,
                4802
            ],
            "21": [
                4712,
                4713
            ],
            "14": [
                442
            ],
            "32": [
                473,
                4562
            ],
            "16": [
                730
            ],
            "22": [
                638,
                639
            ],
            "17": [
                235,
                4771
            ],
            "27": [
                4563,
                579
            ],
            "18": [
                352
            ],
            "33": [
                4441,
                4442
            ],
            "19": [
                4815
            ],
            "38": [
                534,
                4697
            ],
            "23": [
                4876,
                4877,
                4875
            ],
            "28": [
                4367,
                4366,
                4368
            ],
            "24": [
                4381,
                4382,
                247
            ],
            "34": [
                4412,
                398,
                4413
            ],
            "25": [
                4455,
                4456
            ],
            "39": [
                4502
            ],
            "29": [
                277
            ],
            "35": [
                4575,
                204
            ],
            "30": [
                218,
                4500
            ],
            "40": [
                4560,
                113,
                4561
            ],
            "36": [
                234,
                4530
            ],
            "41": [
                248,
                4591
            ],
            "0": [
                4773
            ],
            "63": [
                624
            ],
            "64": [
                684,
                4667
            ],
            "65": [
                669,
                4608
            ],
            "66": [
                594
            ],
            "67": [
                549,
                4547
            ],
            "69": [
                474
            ],
            "1": [
                699
            ],
            "71": [
                4593
            ],
            "72": [
                653
            ],
            "73": [
                4487,
                683
            ],
            "74": [
                533
            ],
            "2": [
                4847
            ],
            "76": [
                685
            ],
            "77": [
                4863
            ],
            "78": [
                743,
                744,
                745
            ],