{
    "config": "N_1000-11758.784697150679s-1_A200",
    "num_vars": 109,
    "num_qubit": 204,
    "time_elapsed": 0.045274972915649414,
    "best_state": {
        "sample": [
            0,
            0,
            0,
            1,
            0,
            0,
            0,
            0,
            0,
            0,
            1,
            0,
            0,
            0,
            0,
            0,
            0,
            0,
            0,
            0,
            0,
            0,
            0,
            0,
            0,
            0,
            0,
            0,
            0,
            0,
            0,
            0,
            0,
            0,
            0,
            0,
            0,
            1,
            1,
            0,
            0,
            0,
            0,
            0,
            1,
            0,
            1,
            0,
            1,
            1,
            1,
            1,
            0,
            1,
            0,
            1,
            0,
            0,
            0,
            0,
            1,
            0,
            0,
            1,
            1,
            1,
            1,
            0,
            0,
            0,
            0,
            0,
            0,
            0,
            0,
            0,
            0,
            0,
            0,
            0,
            0,
            0,
            0,
            0,
            0,
            0,
            0,
            0,
            0,
            0,
            0,
            0,
            0,
            0,
            0,
            0,
            0,
            0,
            0,
            1,
            1,
            1,
            1,
            1,
            1,
            1,
            1,
            1,
            1
        ],
        "energy": 2367.0,
        "chain_break_fraction": 0.009174311926605505
    },
    "chain_strength_prefactor": 0.3,
    "chain_strength": 11758.784697150679,
    "max_chain_length": 4,
    "timing_info": {
        "qpu_sampling_time": 350980.0,
        "qpu_anneal_time_per_sample": 200.0,
        "qpu_readout_time_per_sample": 130.44,
        "qpu_access_time": 366742.37,
        "qpu_access_overhead_time": 2426.63,
        "qpu_programming_time": 15762.37,
        "qpu_delay_time_per_sample": 20.54,
        "total_post_processing_time": 1.0,
        "post_processing_overhead_time": 1.0
    },
    "embedding_info": {
        "embedding": {
            "42": [
                2268,
                3731
            ],
            "43": [
                2180,
                2179
            ],
            "48": [
                3806,
                2164,
                3716
            ],
            "44": [
                2254,
                3911,
                2253
            ],
            "49": [
                3717,
                2314
            ],
            "45": [
                2134,
                3791,
                3792
            ],
            "50": [
                2359,
                3672,
                3807
            ],
            "46": [
                3746,
                2149,
                3747
            ],
            "51": [
                2194,
                3702
            ],
            "47": [
                3822,
                3821,
                2269
            ],
            "52": [
                2209,
                2210,
                3926
            ],
            "53": [
                3687,
                2239,
                3836,
                2238
            ],
            "54": [
                3761,
                3762
            ],
            "55": [
                3776
            ],
            "56": [
                2225,
                3956,
                2224
            ],
            "57": [
                2344,
                3657,
                2345
            ],
            "58": [
                3837,
                2329,
                3777,
                2330
            ],
            "59": [
                2315,
                3897
            ],
            "60": [
                3852,
                3853,
                2299
            ],
            "61": [
                3883,
                2404,
                3882
            ],
            "62": [
                2285,
                4018,
                2284,
                4017
            ],
            "4": [
                3730
            ],
            "10": [
                3596
            ],
            "5": [
                3850,
                3851
            ],
            "15": [
                2178
            ],
            "6": [
                2135
            ],
            "20": [
                2298,
                3642,
                3551
            ],
            "7": [
                3688,
                2374
            ],
            "25": [
                2133
            ],
            "8": [
                3748
            ],
            "31": [
                3626,
                2223
            ],
            "9": [
                2270
            ],
            "36": [
                2075,
                2074
            ],
            "11": [
                3715
            ],
            "16": [
                2058
            ],
            "12": [
                3673
            ],
            "26": [
                3671
            ],
            "13": [
                3703
            ],
            "32": [
                3611,
                2103,
                2193
            ],
            "14": [
                4032,
                2211
            ],
            "37": [
                3971,
                2105
            ],
            "17": [
                2240
            ],
            "21": [
                2118,
                3550,
                3656
            ],
            "18": [
                3763
            ],
            "27": [
                3760,
                2059
            ],
            "19": [
                3987,
                3986
            ],
            "38": [
                2090,
                4061,
                4016
            ],
            "22": [
                3658,
                2478
            ],
            "28": [
                2346
            ],
            "23": [
                2449,
                2448
            ],
            "33": [
                2419,
                4092,
                2420
            ],
            "24": [
                3898
            ],
            "39": [
                2450,
                3942
            ],
            "29": [
                2525,
                3973
            ],
            "34": [
                3823,
                2464,
                2463
            ],
            "30": [
                4048,
                2465
            ],
            "40": [
                2510
            ],
            "35": [
                2600,
                3958
            ],
            "41": [
                4108,
                2571
            ],
            "63": [
                3566,
                2283
            ],
            "64": [
                2148
            ],
            "65": [
                3641
            ],
            "66": [
                2073
            ],
            "68": [
                2043
            ],
            "69": [
                2088,
                3595
            ],
            "70": [
                2104,
                3701
            ],
            "0": [
                3865
            ],
            "72": [
                1954
            ],
            "73": [
                1968,
                1969
            ],
            "74": [
                2119,
                3775
            ],
            "75": [
                2089
            ],