{
    "config": "N_1000-538.0378309189792s-1_A200",
    "num_vars": 40,
    "num_qubit": 60,
    "time_elapsed": 0.013677597045898438,
    "best_state": {
        "sample": [
            1,
            0,
            0,
            0,
            0,
            0,
            0,
            0,
            1,
            1,
            1,
            0,
            0,
            1,
            0,
            0,
            0,
            0,
            0,
            0,
            0,
            0,
            0,
            0,
            0,
            0,
            1,
            1,
            1,
            1,
            0,
            1,
            1,
            1,
            1,
            0,
            0,
            1,
            1,
            1
        ],
        "energy": 152.0,
        "chain_break_fraction": 0.0
    },
    "chain_strength": 538.0378309189792,
    "max_chain_length": 2,
    "timing_info": {
        "qpu_sampling_time": 276680.0,
        "qpu_anneal_time_per_sample": 200.0,
        "qpu_readout_time_per_sample": 56.14,
        "qpu_access_time": 292607.97,
        "qpu_access_overhead_time": 1957.03,
        "qpu_programming_time": 15927.97,
        "qpu_delay_time_per_sample": 20.54,
        "total_post_processing_time": 16.0,
        "post_processing_overhead_time": 16.0
    },
    "embedding_info": {
        "embedding": {
            "16": [
                1695,
                3038
            ],
            "17": [
                1635,
                1636
            ],
            "21": [
                1621,
                3188
            ],
            "18": [
                3144,
                3143
            ],
            "22": [
                3174,
                1666
            ],
            "19": [
                1590,
                3068
            ],
            "23": [
                3098
            ],
            "20": [
                3008,
                1755
            ],
            "24": [
                1651,
                1650
            ],
            "25": [
                3203,
                1725
            ],
            "26": [
                3113,
                3114
            ],
            "27": [
                3053,
                1710
            ],
            "28": [
                1680
            ],
            "29": [
                3129,
                3128
            ],
            "30": [
                1605,
                3083
            ],
            "2": [
                3067
            ],
            "11": [
                3023,
                3022
            ],
            "3": [
                2994
            ],
            "13": [
                3007
            ],
            "4": [
                3233
            ],
            "6": [
                3218
            ],
            "5": [
                3173
            ],
            "8": [
                1741
            ],
            "7": [
                1606
            ],
            "9": [
                1756
            ],
            "10": [
                1785,
                1786
            ],
            "14": [
                1575,
                1576
            ],
            "12": [
                2918,
                1620
            ],
            "15": [
                2993
            ],
            "0": [
                3158
            ],
            "34": [
                1591
            ],
            "35": [
                3293
            ],
            "36": [
                3278,
                3279
            ],
            "1": [
                3082
            ],
            "38": [
                1470
            ],
            "39": [
                2963,
                1485
            ],
            "40": [
                2979,
                1665
            ],
            "41": [
                2978
            ],
            "37": [
                3294
            ],
            "42": [
                1560
            ]
        },
        "chain_break_method": "majority_vote",
        "embedding_parameters": {},
        "chain_strength": 538.0378309189792
    }
}