{
    "config": "N_1000-18174.334568144313s-1_A200",
    "num_vars": 97,
    "num_qubit": 179,
    "time_elapsed": 0.023011445999145508,
    "best_state": {
        "sample": [
            1,
            0,
            0,
            0,
            0,
            0,
            1,
            1,
            0,
            0,
            0,
            0,
            0,
            0,
            0,
            0,
            0,
            0,
            1,
            0,
            0,
            0,
            0,
            0,
            0,
            0,
            0,
            0,
            0,
            0,
            0,
            0,
            0,
            0,
            0,
            0,
            0,
            1,
            1,
            1,
            1,
            1,
            1,
            0,
            0,
            0,
            0,
            0,
            1,
            0,
            0,
            1,
            0,
            0,
            0,
            1,
            1,
            1,
            1,
            1,
            1,
            1,
            1,
            1,
            1,
            1,
            1,
            1,
            1,
            1,
            1,
            1,
            1,
            1,
            0,
            0,
            0,
            0,
            0,
            0,
            0,
            0,
            0,
            0,
            0,
            0,
            0,
            0,
            0,
            0,
            0,
            0,
            0,
            0,
            0,
            0,
            0
        ],
        "energy": 4313.0,
        "chain_break_fraction": 0.010309278350515464
    },
    "chain_strength": 18174.334568144313,
    "max_chain_length": 4,
    "timing_info": {
        "qpu_sampling_time": 299800.0,
        "qpu_anneal_time_per_sample": 200.0,
        "qpu_readout_time_per_sample": 79.26,
        "qpu_access_time": 315726.37,
        "qpu_access_overhead_time": 2325.63,
        "qpu_programming_time": 15926.37,
        "qpu_delay_time_per_sample": 20.54,
        "total_post_processing_time": 20.0,
        "post_processing_overhead_time": 20.0
    },
    "embedding_info": {
        "embedding": {
            "37": [
                3448,
                3449,
                2627
            ],
            "38": [
                3508,
                2507,
                3509,
                2506
            ],
            "43": [
                2462,
                2461,
                3433
            ],
            "39": [
                3418,
                2537
            ],
            "44": [
                2552,
                2551,
                3344
            ],
            "40": [
                2596,
                2597
            ],
            "45": [
                2581,
                2582
            ],
            "41": [
                2641,
                2642,
                3314
            ],
            "46": [
                2626,
                3237,
                3238
            ],
            "42": [
                3402,
                3403,
                2477
            ],
            "47": [
                2522,
                3373
            ],
            "48": [
                3328,
                3329
            ],
            "49": [
                2431,
                3253
            ],
            "50": [
                2401,
                3313
            ],
            "51": [
                3343,
                2416
            ],
            "52": [
                2446,
                3298,
                3268
            ],
            "53": [
                3208,
                2491,
                2492
            ],
            "54": [
                3283,
                3282,
                2387
            ],
            "55": [
                3222,
                2611,
                3223,
                2356
            ],
            "56": [
                3388,
                3387,
                3386,
                2567
            ],
            "57": [
                3358,
                3359,
                3357
            ],
            "5": [
                2672,
                2673
            ],
            "10": [
                2762
            ],
            "6": [
                2508
            ],
            "13": [
                2703
            ],
            "7": [
                2538
            ],
            "17": [
                3479,
                2657,
                2656
            ],
            "8": [
                2595
            ],
            "22": [
                2493,
                3553
            ],
            "9": [
                3401
            ],
            "32": [
                3582,
                2478
            ],
            "11": [
                2553
            ],
            "18": [
                2687
            ],
            "12": [
                2580
            ],
            "23": [
                3524,
                2568
            ],
            "14": [
                2521
            ],
            "24": [
                2432
            ],
            "15": [
                2400
            ],
            "28": [
                2372,
                2373
            ],
            "16": [
                3342
            ],
            "33": [
                2417,
                2418
            ],
            "19": [
                2536,
                3178,
                2386
            ],
            "25": [
                2327,
                3372
            ],
            "20": [
                3207
            ],
            "29": [
                3492,
                3493
            ],
            "21": [
                2326
            ],
            "34": [
                2343,
                2342,
                3477
            ],
            "26": [
                3177,
                2250
            ],
            "30": [
                3162,
                2265,
                2206
            ],
            "27": [
                3191,
                2146,
                2147
            ],
            "35": [
                2162,
                2161
            ],
            "31": [
                2221
            ],
            "36": [
                2236,
                2235
            ],
            "0": [
                2777
            ],
            "58": [
                3464
            ],
            "59": [
                2748,
                3599
            ],
            "60": [
                2658,
                3614
            ],
            "61": [
                3583
            ],
            "63": [
                2688
            ],
            "1": [
                3628
            ],
            "65": [
                2433,
                3613
            ],
            "66": [
                3538,
                2463
            ],
            "67": [
                3627,
                2388
            ],
            "2": [
                2523
            ],
            "69": [
                3478
            ],
            "70": [
                3462,
                3463
            ],
            "71": [
                2282,
                3447
            ],
            "72": [
                3507
            ],
            "73": [
                2312,
                2311
            ],
            "77": [
                3118
            ],
            "78": [
                3103
            ],
            "79": [
                3102
            ],
            "80": [
                3101
            ],
            "81": [
                2176
            ],
            "3": [
                3072
            ],
            "86": [
                2415
            ],