{
    "config": "L_1000-8.872429205127535s-1_A200",
    "num_vars": 27,
    "num_qubit": 36,
    "time_elapsed": 0.04663991928100586,
    "best_state": {
        "sample": [
            0,
            0,
            1,
            0,
            1,
            0,
            0,
            1,
            0,
            1,
            0,
            0,
            0,
            0,
            1,
            0,
            1,
            0,
            0,
            1,
            0,
            0,
            1,
            1,
            0,
            1,
            0
        ],
        "energy": 7.0,
        "chain_break_fraction": 0.0
    },
    "chain_strength": 8.872429205127535,
    "max_chain_length": 2,
    "timing_info": {
        "qpu_sampling_time": 278600.0,
        "qpu_anneal_time_per_sample": 200.0,
        "qpu_readout_time_per_sample": 58.06,
        "qpu_access_time": 294527.57,
        "qpu_access_overhead_time": 10677.43,
        "qpu_programming_time": 15927.57,
        "qpu_delay_time_per_sample": 20.54,
        "total_post_processing_time": 1.0,
        "post_processing_overhead_time": 1.0
    },
    "embedding_info": {
        "embedding": {
            "3": [
                2347,
                4257
            ],
            "0": [
                4182
            ],
            "6": [
                2331,
                2332
            ],
            "9": [
                2362,
                4317
            ],
            "1": [
                2316
            ],
            "2": [
                4197
            ],
            "4": [
                4212
            ],
            "5": [
                2271
            ],
            "7": [
                2317
            ],
            "8": [
                4392
            ],
            "10": [
                4316,
                2287
            ],
            "11": [
                4242
            ],
            "15": [
                2346,
                4077
            ],
            "16": [
                2286
            ],
            "12": [
                2301
            ],
            "23": [
                4227
            ],
            "13": [
                4152
            ],
            "24": [
                2256,
                4271
            ],
            "25": [
                4332
            ],
            "26": [
                2272
            ],
            "17": [
                2197,
                4346
            ],
            "20": [
                4347
            ],
            "18": [
                4286,
                2241
            ],
            "21": [
                4407,
                2302
            ],
            "14": [
                4167
            ],
            "19": [
                2212
            ],
            "22": [
                2257
            ]
        },
        "chain_break_method": "majority_vote",
        "embedding_parameters": {},
        "chain_strength": 8.872429205127535
    }
}