{
    "config": "N_1000-10221.129790630672s-1_A200",
    "num_vars": 73,
    "num_qubit": 133,
    "time_elapsed": 0.06496071815490723,
    "best_state": {
        "sample": [
            0,
            1,
            1,
            0,
            0,
            0,
            0,
            0,
            0,
            0,
            0,
            1,
            0,
            0,
            1,
            0,
            0,
            0,
            0,
            0,
            0,
            0,
            0,
            1,
            0,
            0,
            0,
            1,
            0,
            1,
            1,
            1,
            1,
            0,
            0,
            1,
            1,
            0,
            1,
            1,
            1,
            1,
            1,
            1,
            1,
            0,
            0,
            0,
            0,
            0,
            1,
            1,
            1,
            1,
            1,
            1,
            0,
            0,
            0,
            0,
            0,
            0,
            0,
            0,
            0,
            0,
            0,
            0,
            0,
            1,
            1,
            1,
            1
        ],
        "energy": 65283.0,
        "chain_break_fraction": 0.0684931506849315
    },
    "chain_strength_prefactor": 0.15,
    "chain_strength": 10221.129790630672,
    "max_chain_length": 3,
    "timing_info": {
        "qpu_sampling_time": 326720.0,
        "qpu_anneal_time_per_sample": 200.0,
        "qpu_readout_time_per_sample": 106.18,
        "qpu_access_time": 342649.57,
        "qpu_access_overhead_time": 1540.43,
        "qpu_programming_time": 15929.57,
        "qpu_delay_time_per_sample": 20.54,
        "total_post_processing_time": 1.0,
        "post_processing_overhead_time": 1.0
    },
    "embedding_info": {
        "embedding": {
            "27": [
                910,
                4759
            ],
            "28": [
                849,
                850,
                4609
            ],
            "33": [
                789,
                4744
            ],
            "29": [
                4819,
                4818,
                1045
            ],
            "34": [
                4789,
                4790
            ],
            "30": [
                955,
                4879
            ],
            "35": [
                880,
                4803,
                4804
            ],
            "31": [
                864,
                865,
                4699
            ],
            "36": [
                819,
                4684,
                4685
            ],
            "32": [
                924,
                925
            ],
            "37": [
                895,
                894,
                4834
            ],
            "38": [
                4654,
                4653,
                804
            ],
            "39": [
                4714,
                834
            ],
            "40": [
                4668,
                4669
            ],
            "41": [
                879,
                4594
            ],
            "42": [
                4775,
                4774
            ],
            "43": [
                4700,
                1014,
                4701
            ],
            "44": [
                1029,
                4639,
                1030
            ],
            "45": [
                4745,
                940,
                939
            ],
            "46": [
                4730,
                4729,
                999
            ],
            "47": [
                1044,
                4624,
                909
            ],
            "5": [
                4638
            ],
            "10": [
                4924
            ],
            "6": [
                1046
            ],
            "11": [
                4925
            ],
            "7": [
                984
            ],
            "15": [
                4805,
                1225
            ],
            "8": [
                1149
            ],
            "19": [
                1284,
                4686
            ],
            "9": [
                4849
            ],
            "23": [
                4835,
                4836
            ],
            "12": [
                969,
                970
            ],
            "16": [
                1061,
                1060
            ],
            "13": [
                1210,
                1209
            ],
            "20": [
                1179,
                1180
            ],
            "14": [
                4910,
                1150
            ],
            "24": [
                1165,
                4895,
                1136
            ],
            "17": [
                1074,
                4640
            ],
            "21": [
                4581,
                4580
            ],
            "18": [
                1105,
                4820
            ],
            "25": [
                1058,
                1059,
                4535
            ],
            "22": [
                4611,
                4610
            ],
            "26": [
                1148,
                4625
            ],
            "0": [
                4776
            ],
            "49": [
                1194
            ],
            "50": [
                1285,
                4746
            ],
            "1": [
                788
            ],
            "2": [
                5045
            ],
            "53": [
                5060
            ],
            "54": [
                4985,
                1106
            ],
            "55": [
                5000
            ],
            "56": [
                1121
            ],
            "59": [
                968,
                983
            ],
            "60": [
                4565
            ],
            "61": [
                1104
            ],
            "3": [
                1164
            ],
            "64": [
                4670
            ],
            "65": [
                4655
            ],
            "66": [
                1224
            ],
            "67": [
                4596
            ],
            "4": [
                1015
            ],
            "70": [
                1000
            ],
            "71": [
                4880
            ],
            "72": [
                1120,
                1119
            ],
            "73": [
                4566,
                1163
            ],
            "57": [
                4940,
                4941
            ],
            "58": [
                4926
            ],
            "62": [
                1075,
                4850
            ],
            "63": [
                1089,
                1090
            ],
            "68": [
                1178,
                4536
            ],
            "69": [
                1193
            ],
            "74": [
                1135,
                4715
            ],
            "75": [
                1134
            ]
        },
        "chain_break_method": "majority_vote",
        "embedding_parameters": {},
        "chain_strength": 10221.129790630672
    }
}