{
    "config": "N_1000-27256.34610834846s-1_A200",
    "num_vars": 73,
    "num_qubit": 133,
    "time_elapsed": 0.11974048614501953,
    "best_state": {
        "sample": [
            1,
            1,
            0,
            0,
            0,
            0,
            0,
            0,
            0,
            0,
            1,
            0,
            0,
            0,
            0,
            0,
            0,
            0,
            0,
            0,
            0,
            0,
            0,
            0,
            0,
            0,
            0,
            1,
            0,
            0,
            0,
            0,
            1,
            0,
            0,
            0,
            0,
            0,
            0,
            1,
            1,
            1,
            1,
            1,
            1,
            1,
            1,
            1,
            1,
            1,
            0,
            0,
            0,
            0,
            0,
            0,
            0,
            0,
            0,
            0,
            0,
            0,
            0,
            0,
            0,
            0,
            0,
            0,
            0,
            0,
            0,
            0,
            0
        ],
        "energy": 5413.0,
        "chain_break_fraction": 0.0
    },
    "chain_strength_prefactor": 0.4,
    "chain_strength": 27256.34610834846,
    "max_chain_length": 3,
    "timing_info": {
        "qpu_sampling_time": 273720.0,
        "qpu_anneal_time_per_sample": 200.0,
        "qpu_readout_time_per_sample": 53.18,
        "qpu_access_time": 289483.97,
        "qpu_access_overhead_time": 1617.03,
        "qpu_programming_time": 15763.97,
        "qpu_delay_time_per_sample": 20.54,
        "total_post_processing_time": 1.0,
        "post_processing_overhead_time": 1.0
    },
    "embedding_info": {
        "embedding": {
            "27": [
                3673,
                3674,
                2418
            ],
            "28": [
                2479,
                3747,
                2478
            ],
            "33": [
                2508,
                3658
            ],
            "29": [
                3688,
                3689,
                2403
            ],
            "34": [
                2523,
                2522,
                2524
            ],
            "30": [
                3553,
                3552,
                2658
            ],
            "35": [
                2582,
                2583,
                3433
            ],
            "31": [
                3597,
                3598
            ],
            "36": [
                3582,
                3583
            ],
            "32": [
                2388,
                2389
            ],
            "37": [
                3627,
                3628,
                2328
            ],
            "38": [
                3643,
                2493
            ],
            "39": [
                2433,
                2432
            ],
            "40": [
                3567,
                3568,
                2313
            ],
            "41": [
                3612,
                3613
            ],
            "42": [
                3448,
                2597,
                2598
            ],
            "43": [
                2447,
                2448,
                3463
            ],
            "44": [
                2463,
                2462,
                3538
            ],
            "45": [
                3523,
                3524,
                2373
            ],
            "46": [
                2538,
                2537,
                3508
            ],
            "47": [
                3477,
                3478,
                2358
            ],
            "5": [
                3823
            ],
            "10": [
                2344
            ],
            "6": [
                3599
            ],
            "19": [
                2342,
                2343
            ],
            "7": [
                3403
            ],
            "11": [
                3238,
                2521
            ],
            "8": [
                2552
            ],
            "15": [
                2492,
                2491
            ],
            "9": [
                3522
            ],
            "23": [
                2326,
                2327
            ],
            "12": [
                2596
            ],
            "16": [
                2507
            ],
            "13": [
                2687,
                3464,
                2686
            ],
            "20": [
                3402
            ],
            "14": [
                3236,
                2461,
                3237
            ],
            "24": [
                3372,
                2312
            ],
            "17": [
                2402,
                2401
            ],
            "21": [
                3297,
                2372
            ],
            "18": [
                3312,
                3313
            ],
            "25": [
                3342,
                3343
            ],
            "22": [
                2252,
                3416
            ],
            "26": [
                3462,
                2282
            ],
            "0": [
                3223
            ],
            "49": [
                2506
            ],
            "50": [
                3177,
                3178
            ],
            "1": [
                2509
            ],
            "53": [
                3418,
                3417
            ],
            "54": [
                2477,
                3387
            ],
            "55": [
                2431
            ],
            "2": [
                2567
            ],
            "58": [
                3298
            ],
            "59": [
                3282,
                3283
            ],
            "60": [
                2266
            ],
            "61": [
                2251,
                3252
            ],
            "3": [
                3584
            ],
            "64": [
                2718
            ],
            "65": [
                3494,
                3493
            ],
            "66": [
                2417
            ],
            "67": [
                3432
            ],
            "4": [
                2222
            ],
            "70": [
                2237,
                2236
            ],
            "71": [
                3327,
                2281
            ],
            "72": [
                2207
            ],
            "73": [
                3401
            ],
            "56": [
                2641,
                3314
            ],
            "57": [
                3329,
                3328
            ],
            "62": [
                3358
            ],
            "63": [
                2416
            ],
            "68": [
                2357
            ],
            "69": [
                3447
            ],
            "74": [
                3357
            ],
            "75": [
                2297
            ]
        },
        "chain_break_method": "majority_vote",
        "embedding_parameters": {},
        "chain_strength": 27256.34610834846
    }
}