{
    "config": "N_1000-17035.216317717786s-1_A200",
    "num_vars": 73,
    "num_qubit": 136,
    "time_elapsed": 0.020066499710083008,
    "best_state": {
        "sample": [
            1,
            1,
            0,
            0,
            0,
            0,
            0,
            0,
            0,
            0,
            1,
            0,
            0,
            0,
            0,
            0,
            0,
            0,
            0,
            0,
            0,
            0,
            0,
            0,
            0,
            0,
            0,
            0,
            0,
            0,
            0,
            1,
            0,
            1,
            1,
            1,
            1,
            1,
            0,
            0,
            1,
            1,
            1,
            1,
            1,
            1,
            1,
            0,
            1,
            1,
            0,
            0,
            0,
            0,
            0,
            0,
            0,
            0,
            0,
            0,
            0,
            0,
            0,
            0,
            0,
            0,
            0,
            0,
            0,
            0,
            0,
            0,
            0
        ],
        "energy": 5413.0,
        "chain_break_fraction": 0.0136986301369863
    },
    "chain_strength_prefactor": 0.25,
    "chain_strength": 17035.216317717786,
    "max_chain_length": 3,
    "timing_info": {
        "qpu_sampling_time": 277660.0,
        "qpu_anneal_time_per_sample": 200.0,
        "qpu_readout_time_per_sample": 57.12,
        "qpu_access_time": 293587.57,
        "qpu_access_overhead_time": 2626.43,
        "qpu_programming_time": 15927.57,
        "qpu_delay_time_per_sample": 20.54,
        "total_post_processing_time": 1.0,
        "post_processing_overhead_time": 1.0
    },
    "embedding_info": {
        "embedding": {
            "27": [
                1173,
                3725,
                1174
            ],
            "28": [
                1204,
                1203,
                3770
            ],
            "33": [
                3545,
                1172
            ],
            "29": [
                1114,
                3785
            ],
            "34": [
                1068,
                3530,
                1069
            ],
            "30": [
                3681,
                1264
            ],
            "35": [
                1188,
                1187,
                3740
            ],
            "31": [
                3711,
                3710,
                1008
            ],
            "36": [
                1083,
                1084
            ],
            "32": [
                3696,
                1158
            ],
            "37": [
                3575,
                1128,
                1129
            ],
            "38": [
                1099,
                1098
            ],
            "39": [
                3560,
                1218
            ],
            "40": [
                1113,
                3620,
                3621
            ],
            "41": [
                1053,
                3590
            ],
            "42": [
                993,
                3665,
                3666
            ],
            "43": [
                1038,
                3680,
                1039
            ],
            "44": [
                3634,
                3635
            ],
            "45": [
                3606,
                1263,
                3605
            ],
            "46": [
                1142,
                3440,
                1143
            ],
            "47": [
                1023,
                3650
            ],
            "5": [
                3861
            ],
            "10": [
                3769
            ],
            "6": [
                1234
            ],
            "19": [
                979,
                978
            ],
            "7": [
                977
            ],
            "11": [
                933,
                948
            ],
            "8": [
                3739
            ],
            "15": [
                1052,
                3395
            ],
            "9": [
                1127
            ],
            "23": [
                3485,
                3484,
                3486
            ],
            "12": [
                949
            ],
            "16": [
                992,
                3500
            ],
            "13": [
                3800,
                3801,
                3799
            ],
            "20": [
                3574,
                873
            ],
            "14": [
                827,
                826,
                828
            ],
            "24": [
                842,
                843,
                3499
            ],
            "17": [
                1157,
                3531
            ],
            "21": [
                3604
            ],
            "18": [
                1097,
                3305,
                976
            ],
            "25": [
                902,
                3439
            ],
            "22": [
                3559,
                1007
            ],
            "26": [
                1022
            ],
            "0": [
                947
            ],
            "49": [
                932,
                3335
            ],
            "50": [
                1067
            ],
            "1": [
                1130
            ],
            "53": [
                3544
            ],
            "54": [
                918
            ],
            "55": [
                3514,
                888
            ],
            "2": [
                919
            ],
            "58": [
                3724
            ],
            "59": [
                963,
                3649
            ],
            "60": [
                857,
                858
            ],
            "61": [
                3349,
                3350
            ],
            "3": [
                1249
            ],
            "64": [
                3786
            ],
            "65": [
                1278,
                1279
            ],
            "66": [
                3455,
                3456
            ],
            "67": [
                3470
            ],
            "4": [
                1112
            ],
            "70": [
                3289,
                3290
            ],
            "71": [
                3274
            ],
            "72": [
                962,
                961
            ],
            "73": [
                3394
            ],
            "56": [
                3784,
                934
            ],
            "57": [
                889,
                3709
            ],
            "62": [
                3425
            ],
            "63": [
                3410,
                1082
            ],
            "68": [
                3619
            ],
            "69": [
                903,
                3469
            ],
            "74": [
                887
            ],
            "75": [
                3409
            ]
        },
        "chain_break_method": "majority_vote",
        "embedding_parameters": {},
        "chain_strength": 17035.216317717786
    }
}