{
    "config": "N_1000-23849.3028448049s-1_A200",
    "num_vars": 73,
    "num_qubit": 137,
    "time_elapsed": 0.028206586837768555,
    "best_state": {
        "sample": [
            1,
            1,
            0,
            0,
            0,
            0,
            0,
            0,
            0,
            0,
            1,
            0,
            0,
            0,
            0,
            0,
            0,
            0,
            0,
            0,
            0,
            0,
            0,
            0,
            0,
            0,
            0,
            0,
            0,
            0,
            0,
            0,
            0,
            1,
            0,
            0,
            1,
            0,
            0,
            0,
            1,
            0,
            0,
            1,
            0,
            1,
            1,
            0,
            1,
            1,
            0,
            0,
            0,
            0,
            0,
            0,
            0,
            0,
            0,
            0,
            0,
            0,
            0,
            0,
            0,
            0,
            0,
            0,
            0,
            0,
            0,
            0,
            0
        ],
        "energy": 5413.0,
        "chain_break_fraction": 0.0
    },
    "chain_strength_prefactor": 0.35,
    "chain_strength": 23849.3028448049,
    "max_chain_length": 3,
    "timing_info": {
        "qpu_sampling_time": 285240.0,
        "qpu_anneal_time_per_sample": 200.0,
        "qpu_readout_time_per_sample": 64.7,
        "qpu_access_time": 301167.17,
        "qpu_access_overhead_time": 1779.83,
        "qpu_programming_time": 15927.17,
        "qpu_delay_time_per_sample": 20.54,
        "total_post_processing_time": 1.0,
        "post_processing_overhead_time": 1.0
    },
    "embedding_info": {
        "embedding": {
            "27": [
                1534,
                1535
            ],
            "28": [
                3878,
                1610,
                1611
            ],
            "33": [
                3952,
                3953
            ],
            "29": [
                1490,
                1491,
                3863
            ],
            "34": [
                1580,
                3907,
                1581
            ],
            "30": [
                1626,
                4073,
                1625
            ],
            "35": [
                4013,
                4012,
                1700
            ],
            "31": [
                4102,
                4103
            ],
            "36": [
                4058,
                1505
            ],
            "32": [
                1640,
                1641,
                3848
            ],
            "37": [
                1685,
                4059,
                3998
            ],
            "38": [
                1565,
                3893,
                1566
            ],
            "39": [
                3938,
                3937
            ],
            "40": [
                1596,
                4208,
                1595
            ],
            "41": [
                3983,
                1550
            ],
            "42": [
                3982,
                1475,
                1476
            ],
            "43": [
                1715,
                4088,
                4087
            ],
            "44": [
                3968,
                3967,
                3969
            ],
            "45": [
                1521,
                1520
            ],
            "46": [
                1745,
                4044,
                4043
            ],
            "47": [
                4029,
                4028,
                1730
            ],
            "5": [
                1549
            ],
            "10": [
                4223,
                4222
            ],
            "6": [
                4104
            ],
            "19": [
                1431
            ],
            "7": [
                1519
            ],
            "11": [
                3906
            ],
            "8": [
                1385
            ],
            "15": [
                1445,
                1446
            ],
            "9": [
                1746
            ],
            "23": [
                1684,
                3833
            ],
            "12": [
                1400
            ],
            "16": [
                1460
            ],
            "13": [
                1760,
                3999
            ],
            "20": [
                1414,
                1415,
                1416
            ],
            "14": [
                1790,
                1791
            ],
            "24": [
                1670,
                1669
            ],
            "17": [
                4133,
                4132,
                4134
            ],
            "21": [
                4178,
                4177
            ],
            "18": [
                1671,
                4118
            ],
            "25": [
                1656
            ],
            "22": [
                1731
            ],
            "26": [
                1821
            ],
            "0": [
                1369
            ],
            "49": [
                1354,
                3892
            ],
            "50": [
                3832
            ],
            "1": [
                3772
            ],
            "2": [
                1504
            ],
            "53": [
                3817
            ],
            "54": [
                1429,
                3847
            ],
            "55": [
                3803,
                3802
            ],
            "56": [
                3894,
                1699
            ],
            "59": [
                1401,
                1386,
                4147
            ],
            "60": [
                1536,
                4148
            ],
            "61": [
                4163
            ],
            "3": [
                4089
            ],
            "64": [
                1851
            ],
            "65": [
                1836
            ],
            "66": [
                4119
            ],
            "67": [
                1881,
                4149
            ],
            "4": [
                1761
            ],
            "70": [
                4209
            ],
            "71": [
                4224,
                1672
            ],
            "72": [
                1716
            ],
            "73": [
                4164
            ],
            "57": [
                3923,
                3922,
                3921
            ],
            "58": [
                3879,
                1729
            ],
            "62": [
                1461
            ],
            "63": [
                1551,
                4117
            ],
            "68": [
                4192
            ],
            "69": [
                4193,
                4194
            ],
            "74": [
                3864,
                1655
            ],
            "75": [
                1806,
                1805,
                4074
            ]
        },
        "chain_break_method": "majority_vote",
        "embedding_parameters": {},
        "chain_strength": 23849.3028448049
    }
}