{
    "config": "N_1000-20442.259581261344s-1_A200",
    "num_vars": 73,
    "num_qubit": 136,
    "time_elapsed": 0.017998456954956055,
    "best_state": {
        "sample": [
            1,
            1,
            0,
            0,
            0,
            0,
            0,
            0,
            0,
            0,
            1,
            0,
            0,
            0,
            0,
            0,
            0,
            0,
            0,
            0,
            0,
            0,
            0,
            0,
            0,
            0,
            0,
            0,
            0,
            0,
            0,
            0,
            1,
            1,
            0,
            0,
            0,
            1,
            0,
            0,
            0,
            1,
            1,
            0,
            1,
            0,
            1,
            1,
            1,
            1,
            0,
            0,
            0,
            0,
            0,
            0,
            0,
            0,
            0,
            0,
            0,
            0,
            0,
            0,
            0,
            0,
            0,
            0,
            0,
            0,
            0,
            0,
            0
        ],
        "energy": 5413.0,
        "chain_break_fraction": 0.0136986301369863
    },
    "chain_strength": 20442.259581261344,
    "max_chain_length": 3,
    "timing_info": {
        "qpu_sampling_time": 345940.0,
        "qpu_anneal_time_per_sample": 200.0,
        "qpu_readout_time_per_sample": 125.4,
        "qpu_access_time": 361703.17,
        "qpu_access_overhead_time": 1350.83,
        "qpu_programming_time": 15763.17,
        "qpu_delay_time_per_sample": 20.54,
        "total_post_processing_time": 173.0,
        "post_processing_overhead_time": 173.0
    },
    "embedding_info": {
        "embedding": {
            "27": [
                4583,
                4584
            ],
            "28": [
                4613,
                1553,
                4614
            ],
            "33": [
                1613,
                1614,
                4418
            ],
            "29": [
                4538,
                1538,
                4539
            ],
            "34": [
                4419,
                1778
            ],
            "30": [
                4628,
                1629
            ],
            "35": [
                4569,
                4568
            ],
            "31": [
                4643,
                1733
            ],
            "36": [
                1673,
                1674,
                4463
            ],
            "32": [
                1643,
                1644,
                4358
            ],
            "37": [
                4433,
                4434,
                1583
            ],
            "38": [
                1763,
                4524,
                4523
            ],
            "39": [
                4553,
                1598
            ],
            "40": [
                4478,
                4477
            ],
            "41": [
                4508,
                1628
            ],
            "42": [
                4448,
                1748,
                1749
            ],
            "43": [
                1717,
                1718,
                4313
            ],
            "44": [
                1702,
                1703
            ],
            "45": [
                1658,
                1659,
                1657
            ],
            "46": [
                1687,
                1688,
                4298
            ],
            "47": [
                4493,
                4492
            ],
            "5": [
                4627
            ],
            "10": [
                1794
            ],
            "6": [
                1539
            ],
            "11": [
                1793
            ],
            "7": [
                4570
            ],
            "15": [
                1479
            ],
            "8": [
                1732
            ],
            "19": [
                1507,
                4462
            ],
            "9": [
                1581,
                1582
            ],
            "23": [
                4432
            ],
            "12": [
                4449,
                1867
            ],
            "16": [
                4657,
                4658
            ],
            "13": [
                1762,
                4329
            ],
            "20": [
                4312
            ],
            "14": [
                1701
            ],
            "24": [
                4328,
                4327,
                1372
            ],
            "17": [
                4403,
                4404
            ],
            "21": [
                4373,
                1552
            ],
            "18": [
                4238,
                1627
            ],
            "25": [
                4343,
                4342
            ],
            "22": [
                1433,
                1432
            ],
            "26": [
                1463,
                4372
            ],
            "0": [
                4552
            ],
            "49": [
                4537,
                1508
            ],
            "50": [
                1418
            ],
            "1": [
                1464
            ],
            "2": [
                1554
            ],
            "53": [
                4672
            ],
            "54": [
                1568,
                1567,
                1569
            ],
            "55": [
                1462,
                4267
            ],
            "56": [
                4268,
                1672
            ],
            "3": [
                4585
            ],
            "59": [
                1853,
                1854
            ],
            "60": [
                4374,
                1747
            ],
            "61": [
                4283,
                1597
            ],
            "62": [
                1642
            ],
            "65": [
                4389
            ],
            "66": [
                4388,
                4387
            ],
            "67": [
                1448,
                4417
            ],
            "4": [
                1566
            ],
            "70": [
                4178
            ],
            "71": [
                1551,
                4193
            ],
            "72": [
                1506,
                4282
            ],
            "73": [
                1417
            ],
            "57": [
                4359,
                1792
            ],
            "58": [
                1686,
                4239
            ],
            "63": [
                1493,
                1494
            ],
            "64": [
                4253,
                1492,
                1612
            ],
            "68": [
                1537
            ],
            "69": [
                4447
            ],
            "74": [
                1357
            ],
            "75": [
                4357,
                1402
            ]
        },
        "chain_break_method": "majority_vote",
        "embedding_parameters": {},
        "chain_strength": 20442.259581261344
    }
}