{
    "config": "F_1000-5475.083810728379s-1_A200",
    "num_vars": 40,
    "num_qubit": 86,
    "time_elapsed": 0.017008066177368164,
    "best_state": {
        "sample": [
            0,
            0,
            0,
            0,
            0,
            0,
            1,
            0,
            0,
            0,
            0,
            1,
            0,
            1,
            1,
            0,
            1,
            1,
            0,
            0,
            0,
            0,
            0,
            0,
            0,
            1,
            1,
            0,
            0,
            0,
            1,
            0,
            0,
            0,
            0,
            0,
            0,
            1,
            1,
            1
        ],
        "energy": 1418.0,
        "chain_break_fraction": 0.05
    },
    "chain_strength": 5475.083810728379,
    "max_chain_length": 3,
    "timing_info": {
        "qpu_sampling_time": 285920.0,
        "qpu_anneal_time_per_sample": 200.0,
        "qpu_readout_time_per_sample": 65.38,
        "qpu_access_time": 301850.37,
        "qpu_access_overhead_time": 1044.63,
        "qpu_programming_time": 15930.37,
        "qpu_delay_time_per_sample": 20.54,
        "total_post_processing_time": 19.0,
        "post_processing_overhead_time": 19.0
    },
    "embedding_info": {
        "embedding": {
            "25": [
                5532,
                2399
            ],
            "26": [
                2369,
                5547
            ],
            "30": [
                5488,
                2503,
                5487
            ],
            "27": [
                2428,
                2427,
                5518
            ],
            "31": [
                2458,
                2457
            ],
            "28": [
                2413
            ],
            "32": [
                5412,
                5413,
                2398
            ],
            "29": [
                5397,
                2443
            ],
            "33": [
                2488,
                5473
            ],
            "34": [
                5457,
                5458
            ],
            "35": [
                5442,
                2263,
                5441
            ],
            "36": [
                2383,
                2384
            ],
            "37": [
                2338,
                5367,
                5427
            ],
            "38": [
                5323,
                2442,
                2473
            ],
            "39": [
                5381,
                5382
            ],
            "3": [
                5546,
                2309
            ],
            "9": [
                2368
            ],
            "4": [
                5232,
                5231
            ],
            "13": [
                2337,
                5277
            ],
            "5": [
                5337,
                2323
            ],
            "22": [
                2353
            ],
            "6": [
                5472,
                2219
            ],
            "10": [
                2502
            ],
            "7": [
                5216,
                5217,
                2352
            ],
            "14": [
                5247,
                5248,
                2412
            ],
            "8": [
                2173,
                5411
            ],
            "18": [
                5262,
                5261,
                5263
            ],
            "11": [
                2292,
                2293
            ],
            "15": [
                2308,
                2307
            ],
            "12": [
                2157,
                5276,
                2158
            ],
            "19": [
                5396,
                2233
            ],
            "16": [
                2232,
                5366
            ],
            "20": [
                5351,
                5352,
                2262
            ],
            "17": [
                2247,
                5322
            ],
            "23": [
                5202,
                5201,
                2322
            ],
            "21": [
                2218,
                5307
            ],
            "24": [
                2203
            ],
            "0": [
                2517
            ],
            "1": [
                2188,
                5426
            ],
            "2": [
                5292,
                2277
            ]
        },
        "chain_break_method": "majority_vote",
        "embedding_parameters": {},
        "chain_strength": 5475.083810728379
    }
}