{
    "config": "N_1000-1349.975361274563s-1_A200",
    "num_vars": 62,
    "num_qubit": 98,
    "time_elapsed": 0.02011895179748535,
    "best_state": {
        "sample": [
            1,
            0,
            0,
            0,
            0,
            0,
            1,
            0,
            0,
            1,
            0,
            0,
            0,
            0,
            0,
            0,
            0,
            0,
            0,
            0,
            0,
            0,
            0,
            0,
            0,
            0,
            0,
            1,
            1,
            1,
            1,
            1,
            1,
            1,
            1,
            1,
            1,
            1,
            1,
            0,
            1,
            1,
            1,
            1,
            1,
            0,
            0,
            0,
            0,
            0,
            0,
            0,
            0,
            0,
            0,
            0,
            0,
            0,
            0,
            0,
            0,
            0
        ],
        "energy": 250.0,
        "chain_break_fraction": 0.0
    },
    "chain_strength_prefactor": 0.35,
    "chain_strength": 1349.975361274563,
    "max_chain_length": 3,
    "timing_info": {
        "qpu_sampling_time": 272880.0,
        "qpu_anneal_time_per_sample": 200.0,
        "qpu_readout_time_per_sample": 52.34,
        "qpu_access_time": 288804.77,
        "qpu_access_overhead_time": 1273.23,
        "qpu_programming_time": 15924.77,
        "qpu_delay_time_per_sample": 20.54,
        "total_post_processing_time": 293.0,
        "post_processing_overhead_time": 293.0
    },
    "embedding_info": {
        "embedding": {
            "25": [
                543
            ],
            "26": [
                588,
                3542,
                3541
            ],
            "30": [
                528,
                3512
            ],
            "27": [
                573,
                3452,
                482
            ],
            "31": [
                559,
                558,
                3707
            ],
            "28": [
                603,
                3587
            ],
            "32": [
                3647,
                544
            ],
            "29": [
                3572,
                3571
            ],
            "33": [
                3602,
                453,
                3601
            ],
            "34": [
                3617
            ],
            "35": [
                513
            ],
            "36": [
                498,
                3662
            ],
            "37": [
                3632,
                468,
                574
            ],
            "38": [
                483,
                484
            ],
            "39": [
                3677,
                423,
                3678
            ],
            "3": [
                663
            ],
            "9": [
                393
            ],
            "4": [
                604
            ],
            "17": [
                438,
                3586
            ],
            "5": [
                333
            ],
            "20": [
                378
            ],
            "6": [
                3513
            ],
            "10": [
                3511
            ],
            "7": [
                3708
            ],
            "13": [
                3482,
                3483,
                3481
            ],
            "8": [
                348
            ],
            "21": [
                363
            ],
            "11": [
                618
            ],
            "14": [
                3618,
                738
            ],
            "12": [
                3661
            ],
            "22": [
                437,
                3527
            ],
            "15": [
                3752,
                634
            ],
            "18": [
                3692,
                529
            ],
            "16": [
                3797,
                3796
            ],
            "23": [
                499,
                3721
            ],
            "19": [
                424
            ],
            "24": [
                394,
                395
            ],
            "40": [
                3616
            ],
            "0": [
                3526
            ],
            "42": [
                242
            ],
            "43": [
                3496
            ],
            "45": [
                678
            ],
            "46": [
                3528
            ],
            "1": [
                3693
            ],
            "48": [
                3663,
                648
            ],
            "49": [
                3722
            ],
            "50": [
                514,
                3827
            ],
            "51": [
                3782
            ],
            "2": [
                3858
            ],
            "54": [
                619
            ],
            "55": [
                3887,
                3888
            ],
            "56": [
                3872
            ],
            "58": [
                3676
            ],
            "59": [
                364
            ],
            "60": [
                3781,
                349
            ],
            "61": [
                3766
            ],
            "52": [
                633,
                632
            ],
            "53": [
                589,
                3737
            ],
            "57": [
                439,
                3842
            ],
            "62": [
                3466
            ],
            "63": [
                409,
                408
            ],
            "64": [
                3751
            ]
        },
        "chain_break_method": "majority_vote",
        "embedding_parameters": {},
        "chain_strength": 1349.975361274563
    }
}