{
    "config": "N_1000-1157.1217382353398s-1_A200",
    "num_vars": 62,
    "num_qubit": 93,
    "time_elapsed": 0.017002344131469727,
    "best_state": {
        "sample": [
            1,
            0,
            0,
            0,
            0,
            0,
            1,
            0,
            0,
            1,
            0,
            0,
            0,
            0,
            0,
            0,
            0,
            0,
            0,
            0,
            0,
            0,
            0,
            0,
            0,
            0,
            0,
            0,
            1,
            0,
            1,
            1,
            1,
            1,
            1,
            1,
            1,
            1,
            0,
            0,
            1,
            1,
            1,
            1,
            1,
            0,
            0,
            0,
            0,
            0,
            0,
            0,
            0,
            0,
            0,
            0,
            0,
            0,
            0,
            0,
            0,
            0
        ],
        "energy": 250.0,
        "chain_break_fraction": 0.0
    },
    "chain_strength": 1157.1217382353398,
    "max_chain_length": 3,
    "timing_info": {
        "qpu_sampling_time": 273960.0,
        "qpu_anneal_time_per_sample": 200.0,
        "qpu_readout_time_per_sample": 53.42,
        "qpu_access_time": 289888.37,
        "qpu_access_overhead_time": 913.63,
        "qpu_programming_time": 15928.37,
        "qpu_delay_time_per_sample": 20.54,
        "total_post_processing_time": 1.0,
        "post_processing_overhead_time": 1.0
    },
    "embedding_info": {
        "embedding": {
            "25": [
                3980
            ],
            "26": [
                3965,
                1010
            ],
            "30": [
                1086,
                1085
            ],
            "27": [
                1160,
                3995
            ],
            "31": [
                1115,
                3950
            ],
            "28": [
                1025
            ],
            "32": [
                1039,
                1040,
                3815
            ],
            "29": [
                1055,
                3875
            ],
            "33": [
                1100,
                1101
            ],
            "34": [
                1145,
                4010
            ],
            "35": [
                4040,
                965,
                4041
            ],
            "36": [
                1070,
                3890
            ],
            "37": [
                3949,
                995
            ],
            "38": [
                3934,
                3935,
                890
            ],
            "39": [
                4024,
                4025
            ],
            "3": [
                4070
            ],
            "9": [
                4084
            ],
            "4": [
                1024
            ],
            "17": [
                4099,
                1026
            ],
            "5": [
                3874
            ],
            "22": [
                935
            ],
            "6": [
                4055
            ],
            "10": [
                4085
            ],
            "7": [
                3891
            ],
            "13": [
                1116,
                4160
            ],
            "8": [
                3860
            ],
            "18": [
                1041
            ],
            "11": [
                1144
            ],
            "14": [
                4221,
                1146
            ],
            "12": [
                964
            ],
            "19": [
                966
            ],
            "15": [
                981,
                980
            ],
            "20": [
                921,
                920
            ],
            "16": [
                3933,
                860
            ],
            "23": [
                3979
            ],
            "21": [
                4054,
                800
            ],
            "24": [
                830
            ],
            "40": [
                936
            ],
            "0": [
                1131
            ],
            "42": [
                4100
            ],
            "43": [
                1071,
                4175
            ],
            "45": [
                1056,
                4115
            ],
            "46": [
                4220
            ],
            "1": [
                3876
            ],
            "48": [
                1159
            ],
            "49": [
                3905,
                3904
            ],
            "50": [
                905
            ],
            "51": [
                845,
                3889
            ],
            "54": [
                3845
            ],
            "55": [
                979,
                3919
            ],
            "56": [
                875,
                3994
            ],
            "57": [
                4039
            ],
            "2": [
                755
            ],
            "61": [
                770
            ],
            "62": [
                3948
            ],
            "63": [
                815
            ],
            "52": [
                4144,
                4145
            ],
            "53": [
                4009,
                951
            ],
            "58": [
                4114
            ],
            "59": [
                4129
            ],
            "60": [
                906
            ],
            "64": [
                3964
            ]
        },
        "chain_break_method": "majority_vote",
        "embedding_parameters": {},
        "chain_strength": 1157.1217382353398
    }
}