{
    "config": "N_1000-771.4144921568933s-1_A200",
    "num_vars": 62,
    "num_qubit": 95,
    "time_elapsed": 0.02008795738220215,
    "best_state": {
        "sample": [
            0,
            1,
            0,
            0,
            0,
            0,
            1,
            0,
            0,
            0,
            0,
            0,
            0,
            0,
            0,
            1,
            0,
            0,
            0,
            0,
            1,
            1,
            0,
            0,
            0,
            1,
            1,
            0,
            1,
            0,
            1,
            0,
            1,
            0,
            0,
            0,
            0,
            1,
            1,
            0,
            0,
            0,
            0,
            1,
            1,
            1,
            1,
            1,
            0,
            0,
            0,
            0,
            0,
            0,
            0,
            0,
            0,
            1,
            1,
            1,
            1,
            1
        ],
        "energy": 282.0,
        "chain_break_fraction": 0.016129032258064516
    },
    "chain_strength_prefactor": 0.2,
    "chain_strength": 771.4144921568933,
    "max_chain_length": 3,
    "timing_info": {
        "qpu_sampling_time": 302300.0,
        "qpu_anneal_time_per_sample": 200.0,
        "qpu_readout_time_per_sample": 81.76,
        "qpu_access_time": 318059.57,
        "qpu_access_overhead_time": 2957.43,
        "qpu_programming_time": 15759.57,
        "qpu_delay_time_per_sample": 20.54,
        "total_post_processing_time": 57.0,
        "post_processing_overhead_time": 57.0
    },
    "embedding_info": {
        "embedding": {
            "25": [
                798,
                3648
            ],
            "26": [
                3649,
                873
            ],
            "30": [
                3679
            ],
            "27": [
                3589,
                978,
                3588
            ],
            "31": [
                783,
                782
            ],
            "28": [
                3709,
                828
            ],
            "32": [
                813,
                3694
            ],
            "29": [
                3604,
                3603
            ],
            "33": [
                753,
                754,
                3618
            ],
            "34": [
                3514,
                888
            ],
            "35": [
                859,
                858
            ],
            "36": [
                843,
                3543
            ],
            "37": [
                3574,
                3573
            ],
            "38": [
                918,
                3529
            ],
            "39": [
                948,
                3619
            ],
            "3": [
                904
            ],
            "9": [
                934
            ],
            "4": [
                3590
            ],
            "13": [
                3665,
                949
            ],
            "5": [
                768
            ],
            "20": [
                708,
                3633
            ],
            "6": [
                919
            ],
            "10": [
                769
            ],
            "7": [
                3695
            ],
            "16": [
                3723,
                739
            ],
            "8": [
                3499
            ],
            "21": [
                693
            ],
            "11": [
                3800,
                3799
            ],
            "17": [
                844
            ],
            "12": [
                827
            ],
            "22": [
                723
            ],
            "14": [
                1038,
                3635
            ],
            "18": [
                3620,
                993
            ],
            "15": [
                3559
            ],
            "23": [
                3530,
                933
            ],
            "19": [
                3485
            ],
            "24": [
                3500
            ],
            "40": [
                3634
            ],
            "0": [
                3783
            ],
            "42": [
                3798
            ],
            "43": [
                694
            ],
            "45": [
                3768,
                3769
            ],
            "46": [
                3753,
                724
            ],
            "1": [
                3575
            ],
            "48": [
                1113
            ],
            "49": [
                3545,
                1068
            ],
            "50": [
                3544
            ],
            "2": [
                3710
            ],
            "52": [
                1084
            ],
            "53": [
                1099
            ],
            "54": [
                1098,
                3515
            ],
            "55": [
                992
            ],
            "58": [
                3484
            ],
            "59": [
                903,
                3454
            ],
            "60": [
                977
            ],
            "61": [
                3409,
                1037
            ],
            "51": [
                1023
            ],
            "56": [
                3738,
                3739
            ],
            "57": [
                1007,
                1008
            ],
            "62": [
                812,
                3558
            ],
            "63": [
                3469,
                3468
            ],
            "64": [
                962
            ]
        },
        "chain_break_method": "majority_vote",
        "embedding_parameters": {},
        "chain_strength": 771.4144921568933
    }
}