{
    "config": "N_1000-2457.3867848455056s-1_A200",
    "num_vars": 105,
    "num_qubit": 192,
    "time_elapsed": 0.028484106063842773,
    "best_state": {
        "sample": [
            0,
            0,
            1,
            0,
            1,
            0,
            0,
            0,
            0,
            0,
            0,
            1,
            0,
            0,
            0,
            0,
            0,
            0,
            0,
            0,
            0,
            0,
            0,
            0,
            0,
            0,
            0,
            0,
            0,
            0,
            1,
            0,
            0,
            0,
            0,
            0,
            0,
            0,
            0,
            0,
            0,
            0,
            1,
            0,
            0,
            0,
            0,
            1,
            0,
            0,
            0,
            1,
            1,
            1,
            1,
            0,
            0,
            0,
            1,
            1,
            1,
            1,
            1,
            1,
            1,
            0,
            0,
            1,
            1,
            1,
            0,
            0,
            0,
            0,
            0,
            0,
            0,
            0,
            0,
            0,
            0,
            0,
            0,
            0,
            0,
            0,
            0,
            1,
            1,
            1,
            1,
            1,
            1,
            1,
            1,
            0,
            0,
            0,
            0,
            0,
            0,
            0,
            0,
            0,
            0
        ],
        "energy": 545.0,
        "chain_break_fraction": 0.0
    },
    "chain_strength_prefactor": 0.35,
    "chain_strength": 2457.3867848455056,
    "max_chain_length": 4,
    "timing_info": {
        "qpu_sampling_time": 326360.0,
        "qpu_anneal_time_per_sample": 200.0,
        "qpu_readout_time_per_sample": 105.82,
        "qpu_access_time": 342289.97,
        "qpu_access_overhead_time": 1477.03,
        "qpu_programming_time": 15929.97,
        "qpu_delay_time_per_sample": 20.54,
        "total_post_processing_time": 92.0,
        "post_processing_overhead_time": 92.0
    },
    "embedding_info": {
        "embedding": {
            "40": [
                4765,
                4766,
                1869
            ],
            "41": [
                1913,
                1914,
                4600
            ],
            "46": [
                4720,
                1944
            ],
            "42": [
                4660,
                2094,
                2004
            ],
            "47": [
                2034,
                2035
            ],
            "43": [
                4690,
                1899,
                4691
            ],
            "48": [
                4736,
                2154,
                4735
            ],
            "44": [
                4780,
                1840,
                4781
            ],
            "49": [
                4870,
                1990,
                4871
            ],
            "45": [
                1959,
                1960
            ],
            "50": [
                2005,
                2006,
                4840
            ],
            "51": [
                4616,
                4615,
                2184
            ],
            "52": [
                4645,
                4644,
                2124
            ],
            "53": [
                1930,
                4705,
                1929
            ],
            "54": [
                4900,
                1975,
                1974
            ],
            "55": [
                2019,
                2020,
                4571
            ],
            "56": [
                2185,
                4796,
                4795
            ],
            "57": [
                2079,
                2078,
                4825,
                2080
            ],
            "58": [
                2169,
                2170,
                4706
            ],
            "59": [
                4751,
                4752,
                4750
            ],
            "60": [
                4931,
                2140,
                2139,
                4930
            ],
            "6": [
                1870
            ],
            "11": [
                4764
            ],
            "7": [
                4526,
                2093
            ],
            "18": [
                4629,
                4630
            ],
            "8": [
                2199
            ],
            "23": [
                1884,
                4689,
                4809
            ],
            "9": [
                4782
            ],
            "29": [
                4989,
                1841
            ],
            "10": [
                1961
            ],
            "34": [
                4915,
                1915
            ],
            "12": [
                4631
            ],
            "24": [
                1855,
                4734
            ],
            "13": [
                4872
            ],
            "30": [
                1900,
                4945
            ],
            "14": [
                5050
            ],
            "35": [
                4885
            ],
            "15": [
                2183
            ],
            "19": [
                2063
            ],
            "16": [
                4646
            ],
            "25": [
                1898,
                4540
            ],
            "17": [
                2021
            ],
            "36": [
                2050,
                2049
            ],
            "20": [
                4676,
                4675
            ],
            "26": [
                4572,
                2303
            ],
            "21": [
                4811
            ],
            "31": [
                4991,
                2186
            ],
            "22": [
                4977,
                4976
            ],
            "37": [
                4901
            ],
            "27": [
                4707,
                2424
            ],
            "32": [
                4661,
                2259
            ],
            "28": [
                4767,
                2319,
                4886,
                2215
            ],
            "38": [
                2409,
                2410,
                4753
            ],
            "33": [
                4842,
                4841
            ],
            "39": [
                4932,
                2366
            ],
            "0": [
                4749
            ],
            "61": [
                1779
            ],
            "62": [
                1794
            ],
            "63": [
                1795,
                1796
            ],
            "64": [
                4914
            ],
            "1": [
                1885
            ],
            "66": [
                4854
            ],
            "67": [
                4839
            ],
            "68": [
                1945
            ],
            "2": [
                4525
            ],
            "70": [
                4510
            ],
            "71": [
                2048
            ],
            "3": [
                4511
            ],
            "73": [
                2168
            ],
            "74": [
                4496
            ],
            "75": [
                2229,
                2230,
                2228
            ],
            "76": [
                2245,
                4962
            ],
            "77": [
                2216
            ],