{
    "config": "N_1000-2808.4420398234356s-1_A200",
    "num_vars": 105,
    "num_qubit": 195,
    "time_elapsed": 0.09457874298095703,
    "best_state": {
        "sample": [
            0,
            0,
            0,
            1,
            0,
            0,
            0,
            0,
            0,
            0,
            0,
            1,
            0,
            0,
            0,
            0,
            0,
            0,
            0,
            0,
            0,
            0,
            0,
            0,
            0,
            1,
            1,
            0,
            0,
            0,
            0,
            0,
            0,
            0,
            0,
            0,
            0,
            0,
            0,
            0,
            0,
            0,
            1,
            0,
            1,
            1,
            1,
            1,
            0,
            1,
            1,
            1,
            0,
            1,
            1,
            0,
            0,
            1,
            1,
            1,
            1,
            1,
            1,
            1,
            1,
            0,
            0,
            1,
            0,
            1,
            0,
            0,
            0,
            0,
            0,
            0,
            0,
            0,
            0,
            1,
            1,
            1,
            1,
            1,
            1,
            1,
            1,
            1,
            1,
            0,
            0,
            0,
            0,
            0,
            0,
            0,
            0,
            0,
            0,
            0,
            0,
            0,
            0,
            0,
            0
        ],
        "energy": 519.0,
        "chain_break_fraction": 0.0
    },
    "chain_strength_prefactor": 0.4,
    "chain_strength": 2808.4420398234356,
    "max_chain_length": 4,
    "timing_info": {
        "qpu_sampling_time": 348200.0,
        "qpu_anneal_time_per_sample": 200.0,
        "qpu_readout_time_per_sample": 127.66,
        "qpu_access_time": 363960.37,
        "qpu_access_overhead_time": 3111.63,
        "qpu_programming_time": 15760.37,
        "qpu_delay_time_per_sample": 20.54,
        "total_post_processing_time": 1.0,
        "post_processing_overhead_time": 1.0
    },
    "embedding_info": {
        "embedding": {
            "40": [
                2662,
                2663,
                4334
            ],
            "41": [
                4409,
                4408,
                2692
            ],
            "46": [
                4333,
                2602
            ],
            "42": [
                4497,
                4498,
                2393
            ],
            "47": [
                4452,
                2483,
                4453
            ],
            "43": [
                2647,
                2648,
                4273
            ],
            "48": [
                4303,
                2617
            ],
            "44": [
                4439,
                2587,
                2588,
                4558
            ],
            "49": [
                2528,
                4468
            ],
            "45": [
                4347,
                4348,
                4349,
                2392
            ],
            "50": [
                4363,
                4364,
                2482
            ],
            "51": [
                2453,
                2452,
                4317
            ],
            "52": [
                2512,
                4378
            ],
            "53": [
                4393,
                4394
            ],
            "54": [
                2467
            ],
            "55": [
                2498,
                4573,
                2497,
                4572
            ],
            "56": [
                4467,
                2468,
                2407
            ],
            "57": [
                2317,
                2318,
                4272
            ],
            "58": [
                2543,
                4528,
                2542
            ],
            "59": [
                4258,
                2527,
                4257
            ],
            "60": [
                2421,
                2422,
                4438,
                4287
            ],
            "6": [
                4559
            ],
            "11": [
                2782
            ],
            "7": [
                2394
            ],
            "18": [
                4499,
                2843
            ],
            "8": [
                2646
            ],
            "24": [
                2709,
                4574,
                2724
            ],
            "9": [
                4557
            ],
            "30": [
                4259,
                2586
            ],
            "10": [
                4213
            ],
            "35": [
                4199,
                2737
            ],
            "12": [
                4588
            ],
            "19": [
                2693,
                4454
            ],
            "13": [
                2616
            ],
            "25": [
                2618
            ],
            "14": [
                4302,
                2332
            ],
            "36": [
                2753,
                2752
            ],
            "15": [
                4632
            ],
            "20": [
                2603,
                2604,
                4513
            ],
            "16": [
                2511
            ],
            "26": [
                2573,
                2574
            ],
            "17": [
                4392
            ],
            "31": [
                2557,
                2558
            ],
            "21": [
                2302,
                2303,
                2301
            ],
            "27": [
                2408
            ],
            "22": [
                4466
            ],
            "32": [
                2437,
                2436
            ],
            "23": [
                2227,
                4422
            ],
            "37": [
                2257,
                4362,
                2256
            ],
            "28": [
                4527,
                4526
            ],
            "33": [
                4243,
                2406
            ],
            "29": [
                2287,
                4407
            ],
            "38": [
                2212,
                4196
            ],
            "34": [
                4121,
                4122
            ],
            "39": [
                4286
            ],
            "0": [
                2767
            ],
            "61": [
                4469
            ],
            "62": [
                2723
            ],
            "63": [
                2707,
                2708
            ],
            "64": [
                2722
            ],
            "1": [
                4544
            ],
            "66": [
                2678
            ],
            "67": [
                4529
            ],
            "68": [
                4514
            ],
            "2": [
                4693
            ],
            "70": [
                4708
            ],
            "71": [
                2559
            ],
            "73": [
                2379
            ],
            "74": [
                4647
            ],
            "75": [
                4482,
                2438
            ],
            "76": [
                2378,
                4423
            ],
            "77": [
                4377,
                4376,
                2242
            ],
            "3": [
                2661
            ],