{
    "config": "N_1000-14327.785040655046s-1_A200",
    "num_vars": 119,
    "num_qubit": 225,
    "time_elapsed": 0.029092788696289062,
    "best_state": {
        "sample": [
            1,
            0,
            0,
            0,
            1,
            0,
            0,
            0,
            0,
            1,
            0,
            0,
            0,
            0,
            0,
            0,
            0,
            0,
            0,
            0,
            0,
            0,
            0,
            0,
            0,
            0,
            0,
            0,
            0,
            0,
            0,
            0,
            0,
            0,
            0,
            0,
            0,
            0,
            0,
            0,
            0,
            0,
            1,
            0,
            0,
            0,
            1,
            1,
            1,
            1,
            1,
            1,
            1,
            1,
            0,
            1,
            1,
            0,
            0,
            0,
            0,
            0,
            1,
            0,
            1,
            1,
            0,
            1,
            1,
            1,
            1,
            1,
            1,
            1,
            1,
            1,
            0,
            0,
            0,
            0,
            0,
            0,
            0,
            0,
            0,
            0,
            0,
            0,
            0,
            0,
            0,
            0,
            0,
            0,
            0,
            0,
            0,
            0,
            0,
            0,
            0,
            0,
            0,
            0,
            0,
            0,
            0,
            0,
            0,
            0,
            1,
            1,
            1,
            1,
            1,
            0,
            1,
            1,
            1
        ],
        "energy": 3425.0,
        "chain_break_fraction": 0.008403361344537815
    },
    "chain_strength_prefactor": 0.25,
    "chain_strength": 14327.785040655046,
    "max_chain_length": 4,
    "timing_info": {
        "qpu_sampling_time": 300940.0,
        "qpu_anneal_time_per_sample": 200.0,
        "qpu_readout_time_per_sample": 80.4,
        "qpu_access_time": 316864.37,
        "qpu_access_overhead_time": 1458.63,
        "qpu_programming_time": 15924.37,
        "qpu_delay_time_per_sample": 20.54,
        "total_post_processing_time": 80.0,
        "post_processing_overhead_time": 80.0
    },
    "embedding_info": {
        "embedding": {
            "46": [
                5299,
                5300
            ],
            "47": [
                5240,
                5239,
                1017
            ],
            "52": [
                5285,
                5284
            ],
            "48": [
                5194,
                1047,
                5193
            ],
            "53": [
                927,
                5149,
                928
            ],
            "49": [
                986,
                5330,
                987
            ],
            "54": [
                5255,
                5254,
                1062
            ],
            "50": [
                5074,
                942,
                943
            ],
            "55": [
                882,
                5104,
                881
            ],
            "51": [
                5044,
                821,
                822,
                971
            ],
            "56": [
                896,
                897
            ],
            "57": [
                912,
                5089,
                5090,
                913
            ],
            "58": [
                1107,
                1108
            ],
            "59": [
                5209,
                5210,
                1032
            ],
            "60": [
                5269,
                852,
                5270
            ],
            "61": [
                1001,
                5150
            ],
            "62": [
                5180,
                5179
            ],
            "63": [
                5225,
                5224,
                1092
            ],
            "64": [
                5105,
                1061,
                957
            ],
            "65": [
                5136,
                5135,
                5134
            ],
            "66": [
                5165,
                5164,
                1077,
                5166
            ],
            "4": [
                5298
            ],
            "10": [
                5253,
                763
            ],
            "5": [
                1167
            ],
            "16": [
                5238
            ],
            "6": [
                747,
                746
            ],
            "22": [
                777
            ],
            "7": [
                1048
            ],
            "28": [
                5013,
                776,
                5014
            ],
            "8": [
                5375,
                5374
            ],
            "34": [
                791,
                5058,
                5073
            ],
            "9": [
                820
            ],
            "40": [
                5314
            ],
            "11": [
                5286
            ],
            "17": [
                5283
            ],
            "12": [
                926
            ],
            "23": [
                762
            ],
            "13": [
                1063
            ],
            "29": [
                867,
                866
            ],
            "14": [
                5389,
                5390,
                883
            ],
            "35": [
                5059,
                836,
                837
            ],
            "15": [
                835,
                4969
            ],
            "41": [
                5359,
                898
            ],
            "18": [
                911
            ],
            "24": [
                1166
            ],
            "19": [
                5345
            ],
            "30": [
                1106
            ],
            "20": [
                1212
            ],
            "36": [
                1031
            ],
            "21": [
                851
            ],
            "42": [
                1137,
                1138
            ],
            "25": [
                1181,
                5151,
                1182
            ],
            "31": [
                1000
            ],
            "26": [
                1361,
                5016,
                5181
            ],
            "37": [
                1121,
                1122
            ],
            "27": [
                5000,
                5001,
                1091
            ],
            "43": [
                1227,
                1226,
                5195
            ],
            "32": [
                4910,
                4911,
                1060
            ],
            "38": [
                5015,
                1211
            ],
            "33": [
                1241,
                5031,
                1242
            ],
            "44": [
                1287,
                5076
            ],
            "39": [
                1391,
                1392
            ],
            "45": [
                5122,
                1346
            ],
            "0": [
                5268
            ],
            "67": [
                687
            ],
            "68": [
                5223,
                717
            ],
            "69": [
                716,
                5088
            ],
            "70": [
                806
            ],