{
    "config": "F_1000-27327.43886148465s-1_A200",
    "num_vars": 66,
    "num_qubit": 227,
    "time_elapsed": 0.04464364051818848,
    "best_state": {
        "sample": [
            0,
            0,
            0,
            0,
            0,
            0,
            0,
            0,
            0,
            0,
            0,
            0,
            0,
            0,
            0,
            0,
            0,
            0,
            0,
            0,
            0,
            0,
            0,
            1,
            0,
            0,
            0,
            0,
            0,
            0,
            0,
            0,
            0,
            1,
            0,
            0,
            0,
            0,
            0,
            0,
            1,
            0,
            0,
            0,
            0,
            1,
            0,
            0,
            0,
            0,
            1,
            0,
            0,
            0,
            0,
            0,
            0,
            1,
            0,
            1,
            1,
            1,
            1,
            0,
            1,
            1
        ],
        "energy": 11333.0,
        "chain_break_fraction": 0.09090909090909091
    },
    "chain_strength": 27327.43886148465,
    "max_chain_length": 5,
    "timing_info": {
        "qpu_sampling_time": 280640.0,
        "qpu_anneal_time_per_sample": 200.0,
        "qpu_readout_time_per_sample": 60.1,
        "qpu_access_time": 296566.37,
        "qpu_access_overhead_time": 991.63,
        "qpu_programming_time": 15926.37,
        "qpu_delay_time_per_sample": 20.54,
        "total_post_processing_time": 61.0,
        "post_processing_overhead_time": 61.0
    },
    "embedding_info": {
        "embedding": {
            "45": [
                3351,
                1202
            ],
            "46": [
                3441,
                1322,
                1292,
                3440
            ],
            "51": [
                3545,
                1142,
                1141,
                3275
            ],
            "47": [
                3425,
                1022,
                3426
            ],
            "52": [
                3486,
                3485
            ],
            "48": [
                1264,
                1263,
                1265,
                1262
            ],
            "53": [
                3500,
                3501,
                977
            ],
            "49": [
                1248,
                1247,
                1249,
                3636
            ],
            "54": [
                1218,
                1217
            ],
            "50": [
                3364,
                3365,
                3366,
                1037,
                887
            ],
            "55": [
                1067,
                3335,
                3336,
                3334
            ],
            "56": [
                1158,
                1157,
                3620
            ],
            "57": [
                3559,
                962,
                3560,
                3561
            ],
            "58": [
                3546,
                1308,
                3621,
                1307,
                1309
            ],
            "59": [
                3470,
                3469,
                3471
            ],
            "60": [
                3590,
                1113,
                3591,
                1112
            ],
            "61": [
                3532,
                3531,
                1233,
                1232
            ],
            "62": [
                1128,
                1127
            ],
            "63": [
                3771,
                1294,
                1293,
                3606,
                1278
            ],
            "64": [
                3455,
                3454,
                3456,
                827
            ],
            "65": [
                1187,
                1188,
                3516,
                1186
            ],
            "7": [
                3651,
                3650,
                1338,
                1337
            ],
            "21": [
                3724,
                1024,
                1023,
                1025
            ],
            "8": [
                3981,
                3860,
                3859,
                1085,
                3980
            ],
            "27": [
                3890,
                935,
                3889,
                3891
            ],
            "9": [
                3846,
                1144
            ],
            "33": [
                3815,
                3816,
                3814
            ],
            "10": [
                753,
                754,
                3499
            ],
            "39": [
                889,
                3709,
                888,
                890
            ],
            "11": [
                3544,
                933
            ],
            "16": [
                3274,
                917
            ],
            "12": [
                1008,
                1007
            ],
            "22": [
                992,
                993,
                3394
            ],
            "13": [
                979,
                978,
                3619,
                3799
            ],
            "28": [
                948,
                947,
                949,
                950
            ],
            "14": [
                3786,
                1219
            ],
            "34": [
                3410,
                3409,
                1172,
                1173,
                1174
            ],
            "15": [
                782,
                3558,
                783,
                781
            ],
            "40": [
                872,
                3379,
                3484,
                797,
                798
            ],
            "17": [
                3635
            ],
            "23": [
                1038,
                3589
            ],
            "18": [
                963,
                3649,
                964
            ],
            "29": [
                874,
                873
            ],
            "19": [
                3801,
                1324,
                3800,
                3862
            ],
            "35": [
                1203,
                3575,
                3574,
                1204
            ],
            "20": [
                768,
                769,
                3543,
                3468
            ],
            "41": [
                918,
                3514,
                919
            ],
            "24": [
                3845,
                3844,
                1054,
                1053,
                3695
            ],
            "30": [
                1083,
                1084,
                934,
                3665
            ],
            "25": [
                3711,
                1114,
                3710,
                1234
            ],
            "36": [
                1098,
                3530,
                1099,
                3785
            ],
            "26": [
                3740,
                3739,
                1129,
                3738
            ],
            "42": [
                3605,
                3604,
                3603,
                1143
            ],
            "31": [
                3831,
                3830,
                1295,
                1100,
                3829
            ],
            "37": [
                3769,
                994,
                3770,
                3768
            ],
            "32": [
                858,
                859,
                857
            ],