{
    "config": "N_1000-3169.474119036045s-1_A200",
    "num_vars": 117,
    "num_qubit": 216,
    "time_elapsed": 0.029999494552612305,
    "best_state": {
        "sample": [
            0,
            0,
            0,
            0,
            1,
            0,
            1,
            0,
            0,
            0,
            0,
            0,
            0,
            0,
            0,
            0,
            0,
            0,
            0,
            0,
            0,
            0,
            0,
            0,
            0,
            0,
            0,
            0,
            1,
            1,
            0,
            0,
            0,
            0,
            0,
            0,
            0,
            0,
            0,
            1,
            0,
            0,
            0,
            0,
            0,
            1,
            0,
            1,
            0,
            0,
            0,
            0,
            0,
            0,
            0,
            0,
            1,
            0,
            1,
            1,
            0,
            0,
            0,
            1,
            1,
            1,
            0,
            0,
            0,
            0,
            0,
            1,
            1,
            0,
            0,
            1,
            1,
            0,
            0,
            0,
            0,
            0,
            0,
            0,
            0,
            0,
            0,
            1,
            1,
            1,
            1,
            1,
            1,
            1,
            1,
            1,
            1,
            0,
            0,
            0,
            0,
            0,
            0,
            0,
            0,
            0,
            0,
            1,
            1,
            1,
            1,
            1,
            1,
            1,
            1,
            1,
            1
        ],
        "energy": 1138.0,
        "chain_break_fraction": 0.017094017094017096
    },
    "chain_strength_prefactor": 0.25,
    "chain_strength": 3169.474119036045,
    "max_chain_length": 4,
    "timing_info": {
        "qpu_sampling_time": 282260.0,
        "qpu_anneal_time_per_sample": 200.0,
        "qpu_readout_time_per_sample": 61.72,
        "qpu_access_time": 298188.77,
        "qpu_access_overhead_time": 2557.23,
        "qpu_programming_time": 15928.77,
        "qpu_delay_time_per_sample": 20.54,
        "total_post_processing_time": 30.0,
        "post_processing_overhead_time": 30.0
    },
    "embedding_info": {
        "embedding": {
            "45": [
                4010,
                4011
            ],
            "46": [
                1100,
                3890,
                1101
            ],
            "51": [
                1190,
                3950,
                1189
            ],
            "47": [
                4026,
                4025,
                1250
            ],
            "52": [
                1235,
                4041
            ],
            "48": [
                1055,
                1056
            ],
            "53": [
                1131,
                4071,
                3995,
                1130
            ],
            "49": [
                4130,
                1086,
                4131
            ],
            "54": [
                1311,
                3996,
                1205
            ],
            "50": [
                1145,
                1146,
                3935
            ],
            "55": [
                1175,
                1176
            ],
            "56": [
                3966,
                1325,
                3965
            ],
            "57": [
                1071,
                1070
            ],
            "58": [
                4086,
                4085
            ],
            "59": [
                4101,
                1236,
                4100
            ],
            "60": [
                1160,
                1161,
                3980
            ],
            "61": [
                1266,
                1265,
                4116,
                3981
            ],
            "62": [
                1116,
                4056,
                4057
            ],
            "63": [
                1206,
                1207,
                4115
            ],
            "64": [
                4146,
                4145
            ],
            "65": [
                1282,
                4236,
                1281
            ],
            "7": [
                4027
            ],
            "21": [
                1249
            ],
            "8": [
                4190
            ],
            "27": [
                3785,
                1054
            ],
            "9": [
                4132
            ],
            "33": [
                3830,
                1085,
                3831
            ],
            "10": [
                1147
            ],
            "39": [
                1144
            ],
            "11": [
                3876
            ],
            "16": [
                1188
            ],
            "12": [
                3936,
                3937
            ],
            "22": [
                1234
            ],
            "13": [
                4070,
                1026
            ],
            "28": [
                1129
            ],
            "14": [
                3997
            ],
            "34": [
                3816,
                1204
            ],
            "15": [
                1177
            ],
            "40": [
                3861,
                1174
            ],
            "17": [
                3967
            ],
            "23": [
                3801,
                1324,
                1279
            ],
            "18": [
                4220
            ],
            "29": [
                3921,
                3920
            ],
            "19": [
                4087
            ],
            "35": [
                1370,
                1369
            ],
            "20": [
                4401,
                1237
            ],
            "41": [
                1340,
                1339
            ],
            "24": [
                4266,
                4265,
                4267
            ],
            "30": [
                1416,
                4222,
                4221
            ],
            "25": [
                4117,
                1536
            ],
            "36": [
                1371,
                4162
            ],
            "26": [
                1446,
                1447,
                1448
            ],
            "42": [
                1460,
                1461
            ],
            "31": [
                4342,
                4341
            ],
            "37": [
                1326,
                4161
            ],
            "32": [
                1342,
                1341
            ],
            "43": [
                1296,
                1297
            ],
            "38": [
                4237,
                1417
            ],
            "44": [
                1387,
                4296
            ],
            "0": [
                3741
            ],
            "66": [
                3726,
                3725
            ],
            "67": [
                1069
            ],
            "68": [
                3815
            ],
            "1": [
                1173
            ],
            "70": [
                3696
            ],
            "71": [
                3711,
                1219
            ],
            "72": [
                3770
            ],
            "73": [
                3755
            ],
            "2": [
                3891
            ],
            "75": [
                1280
            ],