{
    "config": "F_1000-86715.01653146514s-1_A200",
    "num_vars": 44,
    "num_qubit": 105,
    "time_elapsed": 0.03135418891906738,
    "best_state": {
        "sample": [
            0,
            0,
            1,
            0,
            0,
            0,
            1,
            0,
            0,
            0,
            0,
            1,
            0,
            1,
            0,
            0,
            0,
            0,
            0,
            0,
            0,
            0,
            0,
            0,
            0,
            0,
            1,
            0,
            0,
            0,
            0,
            0,
            1,
            0,
            0,
            0,
            1,
            0,
            0,
            1,
            0,
            1,
            0,
            0
        ],
        "energy": 6852.0,
        "chain_break_fraction": 0.09090909090909091
    },
    "chain_strength": 86715.01653146514,
    "max_chain_length": 3,
    "timing_info": {
        "qpu_sampling_time": 273480.0,
        "qpu_anneal_time_per_sample": 200.0,
        "qpu_readout_time_per_sample": 52.94,
        "qpu_access_time": 289408.37,
        "qpu_access_overhead_time": 2339.63,
        "qpu_programming_time": 15928.37,
        "qpu_delay_time_per_sample": 20.54,
        "total_post_processing_time": 35.0,
        "post_processing_overhead_time": 35.0
    },
    "embedding_info": {
        "embedding": {
            "29": [
                1237,
                1236,
                4311
            ],
            "30": [
                1312
            ],
            "34": [
                4221,
                1267,
                4222
            ],
            "31": [
                1402,
                4237
            ],
            "35": [
                1252,
                4266,
                4371
            ],
            "32": [
                1311,
                4086,
                1401
            ],
            "36": [
                1251,
                4071
            ],
            "33": [
                1297,
                1296,
                1295
            ],
            "37": [
                4146,
                4145,
                1326
            ],
            "38": [
                1341,
                4252
            ],
            "39": [
                1117,
                4206,
                4207
            ],
            "40": [
                4280,
                4281
            ],
            "41": [
                4116,
                1371
            ],
            "42": [
                4131,
                1356,
                1386
            ],
            "43": [
                1281,
                1282,
                4341
            ],
            "3": [
                4236
            ],
            "6": [
                1235,
                3966
            ],
            "4": [
                4011,
                4010
            ],
            "19": [
                3996,
                1325
            ],
            "5": [
                1085,
                3980,
                3981
            ],
            "24": [
                3951,
                3950
            ],
            "7": [
                4220
            ],
            "11": [
                4251
            ],
            "8": [
                1206,
                1207
            ],
            "15": [
                1222,
                4265
            ],
            "9": [
                4056,
                1190,
                4055
            ],
            "20": [
                1132,
                1131
            ],
            "10": [
                1100,
                3920,
                1101
            ],
            "25": [
                1160,
                1161,
                4085
            ],
            "12": [
                4176,
                1176
            ],
            "16": [
                4191,
                4190,
                1102
            ],
            "13": [
                1116,
                3995
            ],
            "21": [
                4205,
                1041,
                1040
            ],
            "14": [
                1071,
                1070,
                1072
            ],
            "26": [
                1055,
                1056,
                1057
            ],
            "17": [
                4161,
                1266,
                4160
            ],
            "22": [
                4115,
                1086,
                1191
            ],
            "18": [
                1175,
                4100,
                4101
            ],
            "27": [
                1146,
                4130,
                1145
            ],
            "23": [
                4026,
                1220,
                4025
            ],
            "28": [
                4041,
                4040,
                1250
            ],
            "0": [
                1340
            ],
            "1": [
                1221
            ],
            "2": [
                3935,
                3936
            ]
        },
        "chain_break_method": "majority_vote",
        "embedding_parameters": {},
        "chain_strength": 86715.01653146514
    }
}