{
    "config": "L_1000-313.9439440409705s-1_A200",
    "num_vars": 103,
    "num_qubit": 237,
    "time_elapsed": 0.10008382797241211,
    "best_state": {
        "sample": [
            0,
            0,
            1,
            0,
            1,
            0,
            0,
            1,
            0,
            0,
            1,
            0,
            0,
            1,
            0,
            1,
            0,
            0,
            0,
            0,
            0,
            0,
            0,
            0,
            1,
            0,
            0,
            1,
            0,
            0,
            1,
            0,
            0,
            0,
            0,
            0,
            0,
            0,
            1,
            0,
            0,
            0,
            0,
            0,
            1,
            0,
            0,
            0,
            0,
            0,
            1,
            0,
            0,
            0,
            0,
            0,
            0,
            0,
            0,
            0,
            0,
            0,
            0,
            0,
            1,
            1,
            0,
            0,
            0,
            0,
            0,
            0,
            0,
            0,
            1,
            0,
            0,
            0,
            0,
            0,
            0,
            0,
            0,
            0,
            1,
            0,
            1,
            0,
            0,
            0,
            0,
            0,
            0,
            0,
            0,
            0,
            0,
            0,
            0,
            1,
            0,
            0,
            0
        ],
        "energy": 574.0,
        "chain_break_fraction": 0.02912621359223301
    },
    "chain_strength": 313.9439440409705,
    "max_chain_length": 4,
    "timing_info": {
        "qpu_sampling_time": 318900.0,
        "qpu_anneal_time_per_sample": 200.0,
        "qpu_readout_time_per_sample": 98.36,
        "qpu_access_time": 334658.77,
        "qpu_access_overhead_time": 1850.23,
        "qpu_programming_time": 15758.77,
        "qpu_delay_time_per_sample": 20.54,
        "total_post_processing_time": 1.0,
        "post_processing_overhead_time": 1.0
    },
    "embedding_info": {
        "embedding": {
            "3": [
                5288,
                5287,
                1602,
                1601
            ],
            "0": [
                5062,
                1376,
                1377
            ],
            "6": [
                5346,
                1347,
                5345
            ],
            "9": [
                1633,
                5303,
                5302,
                1632
            ],
            "12": [
                1362,
                1363,
                5361,
                5272
            ],
            "16": [
                5332,
                5333,
                1557
            ],
            "20": [
                1527,
                1526,
                5227,
                5226
            ],
            "24": [
                1303,
                5317,
                1302,
                1301
            ],
            "1": [
                4942,
                4943,
                1451
            ],
            "2": [
                1375
            ],
            "4": [
                4973,
                1646
            ],
            "5": [
                4988
            ],
            "7": [
                1228,
                5360
            ],
            "8": [
                1138
            ],
            "10": [
                1648,
                5423,
                1647
            ],
            "11": [
                1603,
                5363
            ],
            "13": [
                5437,
                5436,
                1528
            ],
            "14": [
                1393
            ],
            "15": [
                1408
            ],
            "17": [
                5392,
                1438
            ],
            "18": [
                1483
            ],
            "19": [
                5362
            ],
            "21": [
                1511,
                5092,
                5093
            ],
            "22": [
                5182
            ],
            "23": [
                1467
            ],
            "25": [
                1242,
                1241,
                5256
            ],
            "26": [
                5076,
                1196
            ],
            "27": [
                5061
            ],
            "37": [
                4913,
                1600
            ],
            "82": [
                1525,
                4852,
                1570
            ],
            "93": [
                4911,
                4912
            ],
            "38": [
                4897,
                4898
            ],
            "83": [
                1510,
                4882
            ],
            "94": [
                1360,
                4986
            ],
            "28": [
                1496,
                4928,
                4929
            ],
            "54": [
                5018,
                1631,
                1661
            ],
            "84": [
                5048,
                1556,
                5047
            ],
            "95": [
                1481,
                5017,
                5016
            ],
            "29": [
                1705,
                4959,
                4944
            ],
            "55": [
                5108,
                5109,
                1766
            ],
            "85": [
                1616,
                4958
            ],
            "96": [
                5002,
                5003,
                5001
            ],
            "65": [
                1258,
                5331
            ],
            "97": [
                1167,
                5316
            ],
            "66": [
                5390,
                1198,
                1123
            ],
            "98": [
                5301
            ],
            "39": [
                5183,
                1736
            ],
            "67": [
                5378,
                1618,
                1617,
                5273
            ],
            "75": [
                1678,
                1677,
                5334
            ],
            "86": [
                5153,
                5154
            ],
            "40": [
                1692,
                5063,
                1691,
                1693
            ],
            "68": [
                5438,
                1708
            ],
            "76": [
                1768,
                5393,
                5409,
                5439
            ],
            "87": [
                1707,
                1706,
                5348,
                5198
            ],
            "48": [
                1348,
                5451
            ],
            "56": [
                1634,
                5467,
                5468
            ],
            "77": [
                1469,
                5497,
                1468
            ],
            "99": [
                5406,
                1333
            ],
            "49": [
                5482,
                1243,
                5481
            ],
            "57": [
                5377,
                5376,
                1558
            ],
            "78": [
                1378,
                5452
            ],
            "100": [
                5391,
                1273,
                5286
            ],
            "59": [
                5408,
                1588
            ],
            "69": [
                5407
            ],