{
    "config": "N_1000-1141.8892725800224s-1_A200",
    "num_vars": 72,
    "num_qubit": 130,
    "time_elapsed": 0.0848691463470459,
    "best_state": {
        "sample": [
            0,
            1,
            0,
            1,
            0,
            0,
            0,
            0,
            0,
            0,
            0,
            0,
            1,
            1,
            0,
            0,
            0,
            0,
            0,
            0,
            0,
            0,
            0,
            0,
            0,
            0,
            0,
            1,
            1,
            0,
            1,
            1,
            1,
            0,
            0,
            0,
            1,
            0,
            0,
            1,
            1,
            0,
            1,
            1,
            1,
            1,
            0,
            0,
            0,
            1,
            1,
            1,
            1,
            1,
            1,
            1,
            1,
            1,
            0,
            0,
            0,
            0,
            0,
            0,
            0,
            0,
            0,
            0,
            0,
            0,
            0,
            0
        ],
        "energy": 183.0,
        "chain_break_fraction": 0.0
    },
    "chain_strength_prefactor": 0.35,
    "chain_strength": 1141.8892725800224,
    "max_chain_length": 3,
    "timing_info": {
        "qpu_sampling_time": 271420.0,
        "qpu_anneal_time_per_sample": 200.0,
        "qpu_readout_time_per_sample": 50.88,
        "qpu_access_time": 287347.57,
        "qpu_access_overhead_time": 2466.43,
        "qpu_programming_time": 15927.57,
        "qpu_delay_time_per_sample": 20.54,
        "total_post_processing_time": 274.0,
        "post_processing_overhead_time": 274.0
    },
    "embedding_info": {
        "embedding": {
            "27": [
                3558,
                738
            ],
            "28": [
                812,
                3408,
                813
            ],
            "33": [
                3438,
                797,
                798
            ],
            "29": [
                708,
                3528,
                707
            ],
            "34": [
                768,
                3468
            ],
            "30": [
                827,
                3529,
                828
            ],
            "35": [
                3588,
                3587
            ],
            "31": [
                3618,
                3619
            ],
            "36": [
                3557,
                632,
                678
            ],
            "32": [
                3604,
                3603
            ],
            "37": [
                3514,
                663,
                3513
            ],
            "38": [
                3543,
                3544
            ],
            "39": [
                3664,
                858
            ],
            "40": [
                693,
                692,
                3663
            ],
            "41": [
                888,
                3634,
                3633
            ],
            "42": [
                782,
                3453,
                783
            ],
            "43": [
                647,
                648,
                3542
            ],
            "44": [
                754,
                753,
                3648
            ],
            "45": [
                3573,
                3572,
                723
            ],
            "46": [
                3679,
                843
            ],
            "47": [
                633,
                634,
                3678
            ],
            "3": [
                3709
            ],
            "8": [
                814
            ],
            "4": [
                3348
            ],
            "12": [
                3768,
                709
            ],
            "5": [
                3530
            ],
            "16": [
                3799,
                829
            ],
            "6": [
                677
            ],
            "13": [
                3798,
                769
            ],
            "7": [
                513
            ],
            "20": [
                679
            ],
            "9": [
                3665
            ],
            "17": [
                3694,
                859
            ],
            "10": [
                3662
            ],
            "21": [
                694,
                3828,
                3738
            ],
            "11": [
                934
            ],
            "24": [
                889
            ],
            "14": [
                3723,
                3724
            ],
            "18": [
                3484,
                3483
            ],
            "15": [
                618,
                3708
            ],
            "22": [
                3722
            ],
            "19": [
                3649,
                873
            ],
            "25": [
                3739,
                919
            ],
            "23": [
                3783,
                799
            ],
            "26": [
                3858,
                3843
            ],
            "0": [
                3903
            ],
            "48": [
                3918,
                784
            ],
            "49": [
                3753
            ],
            "52": [
                844
            ],
            "53": [
                3829
            ],
            "1": [
                3333
            ],
            "55": [
                662
            ],
            "56": [
                3498
            ],
            "57": [
                574,
                573
            ],
            "58": [
                589
            ],
            "2": [
                3515
            ],
            "61": [
                1053
            ],
            "62": [
                3680,
                993
            ],
            "63": [
                978
            ],
            "64": [
                963
            ],
            "67": [
                3632,
                468
            ],
            "68": [
                604,
                603
            ],
            "69": [
                3767,
                649
            ],
            "72": [
                874,
                3784
            ],
            "73": [
                3844
            ],
            "59": [
                739
            ],
            "60": [
                724,
                3693
            ],
            "65": [
                903,
                904
            ],
            "66": [
                3589,
                918
            ],
            "70": [
                3737
            ],
            "71": [
                664
            ],
            "74": [
                920,
                3859
            ]
        },
        "chain_break_method": "majority_vote",
        "embedding_parameters": {},
        "chain_strength": 1141.8892725800224
    }
}