{
    "config": "N_1000-489.38111682000965s-1_A200",
    "num_vars": 72,
    "num_qubit": 131,
    "time_elapsed": 0.01998424530029297,
    "best_state": {
        "sample": [
            1,
            0,
            0,
            1,
            1,
            0,
            0,
            0,
            0,
            0,
            0,
            0,
            0,
            0,
            0,
            0,
            1,
            0,
            0,
            0,
            0,
            0,
            0,
            0,
            0,
            0,
            0,
            1,
            1,
            1,
            1,
            1,
            1,
            0,
            1,
            0,
            1,
            0,
            1,
            1,
            1,
            0,
            0,
            1,
            0,
            1,
            0,
            0,
            1,
            1,
            1,
            1,
            0,
            0,
            0,
            1,
            1,
            1,
            1,
            1,
            1,
            0,
            0,
            0,
            0,
            0,
            0,
            0,
            0,
            0,
            0,
            0
        ],
        "energy": 183.0,
        "chain_break_fraction": 0.05555555555555555
    },
    "chain_strength_prefactor": 0.15,
    "chain_strength": 489.38111682000965,
    "max_chain_length": 3,
    "timing_info": {
        "qpu_sampling_time": 274520.0,
        "qpu_anneal_time_per_sample": 200.0,
        "qpu_readout_time_per_sample": 53.98,
        "qpu_access_time": 290449.17,
        "qpu_access_overhead_time": 2616.83,
        "qpu_programming_time": 15929.17,
        "qpu_delay_time_per_sample": 20.54,
        "total_post_processing_time": 10.0,
        "post_processing_overhead_time": 10.0
    },
    "embedding_info": {
        "embedding": {
            "27": [
                752,
                3349,
                753
            ],
            "28": [
                3559,
                948,
                3558
            ],
            "33": [
                738,
                737,
                3618
            ],
            "29": [
                902,
                903
            ],
            "34": [
                3408,
                3409
            ],
            "30": [
                872,
                873,
                3499
            ],
            "35": [
                767,
                3319,
                768
            ],
            "31": [
                812,
                3529
            ],
            "36": [
                782,
                781,
                783
            ],
            "32": [
                3469,
                857
            ],
            "37": [
                722,
                3423,
                3378
            ],
            "38": [
                3543,
                3544,
                827
            ],
            "39": [
                3454,
                3453
            ],
            "40": [
                797,
                798
            ],
            "41": [
                3439,
                962,
                3438
            ],
            "42": [
                918,
                917
            ],
            "43": [
                3514,
                843,
                842
            ],
            "44": [
                947,
                3424,
                3394
            ],
            "45": [
                3484,
                887,
                3483
            ],
            "46": [
                3364,
                3363,
                707
            ],
            "47": [
                3393,
                692
            ],
            "3": [
                3560
            ],
            "8": [
                949
            ],
            "4": [
                3498
            ],
            "15": [
                3589,
                1008
            ],
            "5": [
                3274,
                856
            ],
            "23": [
                977
            ],
            "6": [
                3318
            ],
            "16": [
                858,
                3588
            ],
            "7": [
                3723
            ],
            "19": [
                3664
            ],
            "9": [
                1023
            ],
            "12": [
                3545,
                1083
            ],
            "10": [
                3738
            ],
            "20": [
                3679,
                3680
            ],
            "11": [
                961
            ],
            "24": [
                3515
            ],
            "13": [
                3604,
                3605
            ],
            "21": [
                3650,
                3649
            ],
            "14": [
                3470,
                1037
            ],
            "25": [
                992
            ],
            "17": [
                888,
                3619
            ],
            "22": [
                662,
                663,
                661
            ],
            "18": [
                1022,
                3485
            ],
            "26": [
                1097,
                3365
            ],
            "0": [
                934
            ],
            "48": [
                3724
            ],
            "49": [
                978
            ],
            "52": [
                1068
            ],
            "53": [
                1053
            ],
            "55": [
                993,
                3620
            ],
            "56": [
                1113,
                3455
            ],
            "1": [
                632
            ],
            "58": [
                646,
                647
            ],
            "59": [
                3392,
                587
            ],
            "60": [
                3303,
                3304,
                3305
            ],
            "61": [
                932,
                3335
            ],
            "64": [
                828
            ],
            "65": [
                813
            ],
            "66": [
                3634,
                3633
            ],
            "2": [
                3259
            ],
            "69": [
                976
            ],
            "70": [
                3350
            ],
            "71": [
                1067
            ],
            "72": [
                1052
            ],
            "57": [
                1128
            ],
            "62": [
                3574,
                3573
            ],
            "63": [
                933
            ],
            "67": [
                904,
                3709
            ],
            "68": [
                754,
                3648
            ],
            "73": [
                1007,
                3500
            ],
            "74": [
                3425
            ]
        },
        "chain_break_method": "majority_vote",
        "embedding_parameters": {},
        "chain_strength": 489.38111682000965
    }
}