{
    "config": "N_1000-1631.2703894000322s-1_A200",
    "num_vars": 72,
    "num_qubit": 130,
    "time_elapsed": 0.03578472137451172,
    "best_state": {
        "sample": [
            0,
            1,
            0,
            1,
            0,
            0,
            0,
            0,
            0,
            0,
            0,
            0,
            1,
            1,
            0,
            0,
            0,
            0,
            0,
            0,
            0,
            0,
            0,
            0,
            0,
            0,
            0,
            1,
            1,
            0,
            1,
            1,
            1,
            0,
            0,
            0,
            0,
            0,
            0,
            0,
            0,
            0,
            1,
            1,
            1,
            0,
            1,
            1,
            0,
            1,
            1,
            1,
            1,
            1,
            1,
            1,
            1,
            1,
            0,
            0,
            0,
            0,
            0,
            0,
            0,
            0,
            0,
            0,
            0,
            0,
            0,
            0
        ],
        "energy": 183.0,
        "chain_break_fraction": 0.0
    },
    "chain_strength_prefactor": 0.5,
    "chain_strength": 1631.2703894000322,
    "max_chain_length": 3,
    "timing_info": {
        "qpu_sampling_time": 312680.0,
        "qpu_anneal_time_per_sample": 200.0,
        "qpu_readout_time_per_sample": 92.14,
        "qpu_access_time": 328442.77,
        "qpu_access_overhead_time": 2818.23,
        "qpu_programming_time": 15762.77,
        "qpu_delay_time_per_sample": 20.54,
        "total_post_processing_time": 1.0,
        "post_processing_overhead_time": 1.0
    },
    "embedding_info": {
        "embedding": {
            "27": [
                4633,
                2514
            ],
            "28": [
                2588,
                2589,
                4589
            ],
            "33": [
                4754,
                2664,
                4753
            ],
            "29": [
                2574,
                4574,
                2573
            ],
            "34": [
                4604,
                2709,
                4603
            ],
            "30": [
                4694,
                4693
            ],
            "35": [
                4663,
                2649
            ],
            "31": [
                4708,
                2484
            ],
            "36": [
                4738,
                2499
            ],
            "32": [
                2544,
                4543
            ],
            "37": [
                4648,
                2603
            ],
            "38": [
                2618,
                2619,
                4559
            ],
            "39": [
                4769,
                2694,
                4768
            ],
            "40": [
                4724,
                2769,
                4723
            ],
            "41": [
                2468,
                4558,
                2469
            ],
            "42": [
                2634,
                2633,
                4799
            ],
            "43": [
                4678,
                4679,
                4677
            ],
            "44": [
                4618,
                4619,
                2379
            ],
            "45": [
                4813,
                2604
            ],
            "46": [
                2560,
                2559,
                4858
            ],
            "47": [
                2529,
                2530
            ],
            "3": [
                2590
            ],
            "8": [
                2648
            ],
            "4": [
                4513
            ],
            "12": [
                4498,
                4497
            ],
            "5": [
                2498
            ],
            "23": [
                2483
            ],
            "6": [
                2453
            ],
            "13": [
                2408
            ],
            "7": [
                2439
            ],
            "19": [
                2409,
                4737
            ],
            "9": [
                2395
            ],
            "16": [
                4888,
                2545
            ],
            "10": [
                2454
            ],
            "20": [
                4722,
                2365
            ],
            "11": [
                4452
            ],
            "24": [
                2288,
                4437,
                4438
            ],
            "14": [
                4647,
                2394
            ],
            "21": [
                2319
            ],
            "15": [
                4542
            ],
            "25": [
                4588,
                4587
            ],
            "17": [
                2515,
                4798
            ],
            "22": [
                4812
            ],
            "18": [
                4842,
                4843
            ],
            "26": [
                4857,
                2470
            ],
            "0": [
                2663
            ],
            "48": [
                4483
            ],
            "49": [
                4482
            ],
            "52": [
                4872,
                4873
            ],
            "53": [
                2289,
                2290
            ],
            "1": [
                4528
            ],
            "55": [
                2438
            ],
            "56": [
                4632
            ],
            "57": [
                2364,
                4617
            ],
            "58": [
                2258
            ],
            "61": [
                4827
            ],
            "62": [
                2485,
                4903
            ],
            "64": [
                4662
            ],
            "65": [
                4707,
                2424
            ],
            "66": [
                2380,
                4783
            ],
            "2": [
                2513
            ],
            "69": [
                4467,
                4468
            ],
            "70": [
                2318
            ],
            "71": [
                2334,
                2335,
                2333
            ],
            "72": [
                4887,
                2425
            ],
            "59": [
                2423
            ],
            "60": [
                4557
            ],
            "63": [
                2500
            ],
            "67": [
                4692,
                2274
            ],
            "68": [
                2320,
                4782
            ],
            "73": [
                4572,
                4573
            ],
            "74": [
                2350,
                2349
            ]
        },
        "chain_break_method": "majority_vote",
        "embedding_parameters": {},
        "chain_strength": 1631.2703894000322
    }
}