{
    "config": "F_1000-168102.658093679s-1_A200",
    "num_vars": 59,
    "num_qubit": 180,
    "time_elapsed": 0.0313260555267334,
    "best_state": {
        "sample": [
            0,
            0,
            0,
            0,
            0,
            1,
            1,
            0,
            0,
            0,
            0,
            0,
            0,
            0,
            0,
            0,
            0,
            0,
            0,
            1,
            0,
            1,
            0,
            1,
            1,
            1,
            0,
            0,
            0,
            0,
            0,
            1,
            0,
            0,
            0,
            0,
            0,
            0,
            1,
            0,
            0,
            0,
            0,
            0,
            0,
            0,
            0,
            0,
            0,
            0,
            0,
            0,
            0,
            1,
            0,
            1,
            0,
            0,
            1
        ],
        "energy": 78091.0,
        "chain_break_fraction": 0.06779661016949153
    },
    "chain_strength": 168102.658093679,
    "max_chain_length": 5,
    "timing_info": {
        "qpu_sampling_time": 296360.0,
        "qpu_anneal_time_per_sample": 200.0,
        "qpu_readout_time_per_sample": 75.82,
        "qpu_access_time": 312289.97,
        "qpu_access_overhead_time": 1800.03,
        "qpu_programming_time": 15929.97,
        "qpu_delay_time_per_sample": 20.54,
        "total_post_processing_time": 16.0,
        "post_processing_overhead_time": 16.0
    },
    "embedding_info": {
        "embedding": {
            "38": [
                4196,
                4197
            ],
            "39": [
                4212,
                2331,
                4062
            ],
            "44": [
                2256,
                4242
            ],
            "40": [
                2287,
                4332,
                2286,
                2285
            ],
            "45": [
                4286,
                2167,
                4226
            ],
            "41": [
                2347,
                4287
            ],
            "46": [
                4257,
                2212
            ],
            "42": [
                4122,
                2421,
                4121
            ],
            "47": [
                4136,
                2241,
                4137
            ],
            "43": [
                2406,
                4152,
                4151
            ],
            "48": [
                2196,
                2197,
                4166
            ],
            "49": [
                2316,
                4227,
                2317,
                2315
            ],
            "50": [
                2332,
                4317,
                4407
            ],
            "51": [
                2226,
                2227,
                4316,
                2225
            ],
            "52": [
                2301,
                4167,
                2302
            ],
            "53": [
                4302,
                4301,
                4303
            ],
            "54": [
                2271,
                2270,
                2272
            ],
            "55": [
                4106,
                4107,
                2151,
                2152
            ],
            "56": [
                4272,
                4271,
                4408,
                2467
            ],
            "57": [
                4182,
                2377,
                4181,
                4183
            ],
            "58": [
                4092,
                2466,
                4091,
                2376
            ],
            "6": [
                2136
            ],
            "12": [
                4198,
                2451
            ],
            "7": [
                2255,
                4047
            ],
            "13": [
                4213
            ],
            "8": [
                3898,
                3897,
                2404,
                3899,
                2300
            ],
            "18": [
                2482,
                2481,
                2480,
                4333
            ],
            "9": [
                4288
            ],
            "23": [
                4258,
                4259,
                2392,
                2512
            ],
            "10": [
                3942,
                3943,
                2420
            ],
            "28": [
                2436,
                2435,
                4243
            ],
            "11": [
                4153,
                4154,
                2721
            ],
            "33": [
                4228,
                2496
            ],
            "14": [
                3927,
                3928
            ],
            "19": [
                4002,
                2330,
                4003
            ],
            "15": [
                4318,
                2662
            ],
            "24": [
                4347,
                4348,
                2497,
                2362,
                2361
            ],
            "16": [
                3957,
                3958,
                3956
            ],
            "29": [
                4033,
                2405,
                4032
            ],
            "17": [
                4169,
                2706,
                2631,
                4168
            ],
            "34": [
                4078,
                2526,
                4077
            ],
            "20": [
                4034,
                2556,
                2555,
                2557
            ],
            "25": [
                2586,
                2585,
                2587,
                2584
            ],
            "21": [
                4018,
                4017,
                4019,
                2465
            ],
            "30": [
                3973,
                3972,
                3974,
                2345
            ],
            "22": [
                2615,
                2616,
                4108,
                2614
            ],
            "35": [
                4048,
                2510,
                2391,
                4049
            ],
            "26": [
                4123,
                2541,
                2542,
                2540,
                2543
            ],
            "31": [
                4409,
                2647,
                2646,
                2645,
                4349
            ],
            "27": [
                4229,
                2571,
                2572,
                4079
            ],
            "36": [
                2601,
                4244,
                2602
            ],
            "32": [
                4093,
                4094,
                2600
            ],
            "37": [
                4064,
                4063,
                2630
            ],
            "0": [
                2527
            ],
            "1": [
                2346
            ],
            "2": [
                3912,
                3913
            ],
            "3": [
                4273
            ],
            "4": [
                3989,
                3988,
                2525,
                2450
            ],
            "5": [
                2511,
                4138
            ]
        },
        "chain_break_method": "majority_vote",
        "embedding_parameters": {},
        "chain_strength": 168102.658093679
    }
}