{
    "config": "N_1000-17252.81106455093s-1_A200",
    "num_vars": 99,
    "num_qubit": 185,
    "time_elapsed": 0.06928181648254395,
    "best_state": {
        "sample": [
            0,
            0,
            0,
            1,
            0,
            0,
            1,
            0,
            0,
            0,
            0,
            0,
            0,
            0,
            0,
            0,
            0,
            0,
            0,
            0,
            0,
            0,
            1,
            0,
            0,
            0,
            0,
            0,
            0,
            0,
            0,
            0,
            0,
            0,
            0,
            0,
            0,
            1,
            1,
            1,
            0,
            1,
            0,
            1,
            1,
            0,
            1,
            0,
            0,
            0,
            0,
            0,
            0,
            1,
            0,
            1,
            0,
            0,
            0,
            0,
            1,
            1,
            1,
            1,
            1,
            1,
            1,
            0,
            0,
            0,
            0,
            0,
            0,
            0,
            0,
            1,
            1,
            1,
            1,
            1,
            1,
            1,
            1,
            0,
            0,
            0,
            0,
            0,
            0,
            0,
            0,
            0,
            0,
            0,
            0,
            0,
            0,
            0,
            0
        ],
        "energy": 2754.0,
        "chain_break_fraction": 0.0
    },
    "chain_strength_prefactor": 0.4,
    "chain_strength": 17252.81106455093,
    "max_chain_length": 4,
    "timing_info": {
        "qpu_sampling_time": 350700.0,
        "qpu_anneal_time_per_sample": 200.0,
        "qpu_readout_time_per_sample": 130.16,
        "qpu_access_time": 366456.37,
        "qpu_access_overhead_time": 3061.63,
        "qpu_programming_time": 15756.37,
        "qpu_delay_time_per_sample": 20.54,
        "total_post_processing_time": 1.0,
        "post_processing_overhead_time": 1.0
    },
    "embedding_info": {
        "embedding": {
            "38": [
                5117,
                5118
            ],
            "39": [
                4982,
                521
            ],
            "44": [
                5148,
                671,
                672
            ],
            "40": [
                5087,
                5086,
                567
            ],
            "45": [
                5162,
                656,
                5161
            ],
            "41": [
                596,
                5042,
                597
            ],
            "46": [
                612,
                611,
                5267
            ],
            "42": [
                477,
                476,
                5057
            ],
            "47": [
                626,
                627,
                5103
            ],
            "43": [
                491,
                4952
            ],
            "48": [
                536,
                5027
            ],
            "49": [
                552,
                5177,
                551
            ],
            "50": [
                5073,
                5072
            ],
            "51": [
                582,
                581
            ],
            "52": [
                4996,
                4997,
                686
            ],
            "53": [
                5176,
                461,
                462
            ],
            "54": [
                5132,
                5133,
                446
            ],
            "55": [
                431,
                5102,
                430
            ],
            "56": [
                5191,
                417,
                5192,
                5071
            ],
            "57": [
                506,
                507,
                5026
            ],
            "58": [
                416,
                5011,
                5012,
                5010
            ],
            "6": [
                5119
            ],
            "11": [
                732
            ],
            "7": [
                192,
                5085
            ],
            "18": [
                5088,
                762
            ],
            "8": [
                4938
            ],
            "23": [
                5236,
                5237,
                447
            ],
            "9": [
                5312
            ],
            "28": [
                537,
                432,
                5282
            ],
            "10": [
                490
            ],
            "33": [
                401,
                402
            ],
            "17": [
                5149,
                852
            ],
            "13": [
                5160
            ],
            "19": [
                5163
            ],
            "14": [
                610
            ],
            "24": [
                5297,
                5298
            ],
            "15": [
                5342
            ],
            "29": [
                5252,
                5253
            ],
            "16": [
                535
            ],
            "34": [
                4968,
                4967
            ],
            "20": [
                4892,
                4893,
                460
            ],
            "25": [
                5146,
                357
            ],
            "21": [
                641,
                642,
                640
            ],
            "30": [
                5131,
                342
            ],
            "22": [
                4846,
                4847
            ],
            "35": [
                4876
            ],
            "26": [
                5190
            ],
            "31": [
                296,
                295
            ],
            "27": [
                356,
                4951
            ],
            "36": [
                4966,
                371
            ],
            "32": [
                250,
                251
            ],
            "37": [
                221,
                5040
            ],
            "0": [
                5193
            ],
            "59": [
                747
            ],
            "60": [
                5238
            ],
            "61": [
                5222,
                5223
            ],
            "62": [
                5221
            ],
            "1": [
                5104
            ],
            "64": [
                836
            ],
            "65": [
                5178
            ],
            "66": [
                717
            ],
            "67": [
                5283,
                583
            ],
            "68": [
                702,
                701
            ],
            "2": [
                207
            ],
            "70": [
                5175
            ],
            "71": [
                237
            ],
            "72": [
                372,
                5116
            ],
            "73": [
                341,
                340
            ],
            "74": [
                385,
                4786
            ],
            "3": [
                685
            ],
            "78": [
                4923
            ],
            "79": [
                625
            ],
            "80": [
                4906,
                4907
            ],
            "81": [
                5056,
                386
            ],
            "82": [
                326
            ],
            "4": [
                568
            ],