{
    "config": "N_1000-3177.0367333684408s-1_A200",
    "num_vars": 87,
    "num_qubit": 161,
    "time_elapsed": 0.021930456161499023,
    "best_state": {
        "sample": [
            1,
            1,
            0,
            0,
            0,
            0,
            0,
            0,
            0,
            0,
            0,
            0,
            0,
            0,
            0,
            0,
            0,
            0,
            0,
            0,
            0,
            0,
            0,
            0,
            0,
            0,
            0,
            0,
            0,
            0,
            0,
            0,
            0,
            0,
            1,
            1,
            1,
            0,
            1,
            1,
            1,
            1,
            1,
            1,
            1,
            1,
            1,
            1,
            1,
            0,
            0,
            0,
            0,
            1,
            1,
            1,
            1,
            1,
            1,
            1,
            0,
            0,
            0,
            0,
            0,
            0,
            0,
            0,
            0,
            0,
            0,
            0,
            0,
            0,
            0,
            0,
            0,
            0,
            0,
            0,
            0,
            0,
            0,
            0,
            0,
            0,
            0
        ],
        "energy": 698.0,
        "chain_break_fraction": 0.011494252873563218
    },
    "chain_strength_prefactor": 0.25,
    "chain_strength": 3177.0367333684408,
    "max_chain_length": 4,
    "timing_info": {
        "qpu_sampling_time": 294720.0,
        "qpu_anneal_time_per_sample": 200.0,
        "qpu_readout_time_per_sample": 74.18,
        "qpu_access_time": 310480.77,
        "qpu_access_overhead_time": 2176.23,
        "qpu_programming_time": 15760.77,
        "qpu_delay_time_per_sample": 20.54,
        "total_post_processing_time": 20.0,
        "post_processing_overhead_time": 20.0
    },
    "embedding_info": {
        "embedding": {
            "33": [
                1682,
                3563,
                1681
            ],
            "34": [
                3443,
                3442
            ],
            "39": [
                1637,
                1638,
                3623
            ],
            "35": [
                3458,
                1547
            ],
            "40": [
                3412,
                1442,
                3413
            ],
            "36": [
                1696,
                1697,
                3293
            ],
            "41": [
                3427,
                3428,
                1412
            ],
            "37": [
                3263,
                1531,
                1532
            ],
            "42": [
                3367,
                3368
            ],
            "38": [
                3472,
                3473,
                1382
            ],
            "43": [
                1578,
                1577,
                3562
            ],
            "44": [
                1592,
                3338
            ],
            "45": [
                3308,
                1487,
                3309
            ],
            "46": [
                1472,
                3323
            ],
            "47": [
                1607,
                3353
            ],
            "48": [
                1623,
                1622,
                1621
            ],
            "49": [
                1517,
                1516,
                3503
            ],
            "50": [
                3397,
                3398,
                3396,
                1427
            ],
            "51": [
                1562,
                1561,
                3488
            ],
            "52": [
                3382,
                3381,
                3383
            ],
            "53": [
                1501,
                3262,
                1502
            ],
            "5": [
                1683
            ],
            "9": [
                3324
            ],
            "6": [
                3053,
                1695
            ],
            "19": [
                1591,
                3203,
                3204
            ],
            "7": [
                1530
            ],
            "23": [
                3264
            ],
            "8": [
                1352
            ],
            "28": [
                3534,
                1668
            ],
            "14": [
                3593
            ],
            "11": [
                1441
            ],
            "15": [
                1651,
                1652
            ],
            "12": [
                1546,
                1545
            ],
            "24": [
                1711
            ],
            "13": [
                3561
            ],
            "29": [
                3518,
                3519
            ],
            "16": [
                3113
            ],
            "20": [
                3173,
                3172
            ],
            "17": [
                1515
            ],
            "25": [
                3217,
                3218,
                3216
            ],
            "18": [
                1277,
                1276
            ],
            "30": [
                1336,
                1337
            ],
            "21": [
                3158,
                1576
            ],
            "26": [
                3143,
                1560
            ],
            "22": [
                1351
            ],
            "31": [
                1366,
                1365
            ],
            "27": [
                1411
            ],
            "32": [
                1426
            ],
            "0": [
                1786
            ],
            "54": [
                1771
            ],
            "55": [
                1756,
                3294
            ],
            "56": [
                1726,
                1727
            ],
            "1": [
                1698
            ],
            "58": [
                3578
            ],
            "59": [
                1653
            ],
            "60": [
                3504,
                1787,
                3339
            ],
            "61": [
                1712
            ],
            "2": [
                1456
            ],
            "63": [
                3157
            ],
            "64": [
                1291
            ],
            "65": [
                3231
            ],
            "66": [
                1261,
                3261
            ],
            "3": [
                3068
            ],
            "69": [
                1590
            ],
            "70": [
                1605
            ],
            "71": [
                3082,
                3083
            ],
            "72": [
                3201,
                1350
            ],
            "75": [
                3052
            ],
            "76": [
                1500
            ],
            "77": [
                3202
            ],
            "78": [
                3187
            ],
            "4": [
                1367
            ],
            "82": [
                3546
            ],
            "83": [
                1262,
                1263
            ],
            "84": [
                1307,
                3426,
                3352
            ],
            "85": [
                3291,
                3292
            ],
            "86": [
                1381,
                3277
            ],
            "67": [
                3098,
                3097
            ],