{
    "config": "N_1000-5083.258773389505s-1_A200",
    "num_vars": 87,
    "num_qubit": 162,
    "time_elapsed": 0.03280830383300781,
    "best_state": {
        "sample": [
            0,
            0,
            0,
            1,
            0,
            0,
            0,
            0,
            0,
            0,
            0,
            0,
            0,
            0,
            0,
            1,
            0,
            0,
            0,
            1,
            1,
            0,
            0,
            0,
            0,
            0,
            0,
            0,
            0,
            0,
            0,
            0,
            1,
            1,
            1,
            0,
            1,
            0,
            1,
            0,
            0,
            0,
            0,
            0,
            0,
            0,
            0,
            0,
            0,
            0,
            1,
            1,
            0,
            0,
            0,
            1,
            0,
            0,
            1,
            1,
            0,
            0,
            1,
            1,
            1,
            1,
            1,
            1,
            1,
            1,
            1,
            1,
            1,
            1,
            0,
            0,
            0,
            0,
            0,
            0,
            0,
            0,
            0,
            0,
            0,
            0,
            0
        ],
        "energy": 697.0,
        "chain_break_fraction": 0.0
    },
    "chain_strength_prefactor": 0.4,
    "chain_strength": 5083.258773389505,
    "max_chain_length": 4,
    "timing_info": {
        "qpu_sampling_time": 281240.0,
        "qpu_anneal_time_per_sample": 200.0,
        "qpu_readout_time_per_sample": 60.7,
        "qpu_access_time": 297165.97,
        "qpu_access_overhead_time": 1173.03,
        "qpu_programming_time": 15925.97,
        "qpu_delay_time_per_sample": 20.54,
        "total_post_processing_time": 1.0,
        "post_processing_overhead_time": 1.0
    },
    "embedding_info": {
        "embedding": {
            "33": [
                3646,
                333
            ],
            "34": [
                3526,
                378
            ],
            "39": [
                348,
                3511
            ],
            "35": [
                423,
                3601
            ],
            "40": [
                3631,
                3632
            ],
            "36": [
                304,
                303,
                3841
            ],
            "41": [
                3676,
                3677,
                544
            ],
            "37": [
                3570,
                3571
            ],
            "42": [
                438,
                3615,
                3616
            ],
            "38": [
                3585,
                3586,
                243
            ],
            "43": [
                287,
                288
            ],
            "44": [
                363,
                364,
                3496
            ],
            "45": [
                318,
                3661
            ],
            "46": [
                3555,
                198,
                242
            ],
            "47": [
                258,
                257,
                3691
            ],
            "48": [
                379,
                380,
                3721,
                3706
            ],
            "49": [
                3736,
                453,
                3735,
                199
            ],
            "50": [
                273,
                272,
                274
            ],
            "51": [
                229,
                228,
                230
            ],
            "52": [
                214,
                3720
            ],
            "53": [
                3645,
                153,
                3540
            ],
            "5": [
                3541
            ],
            "9": [
                334
            ],
            "6": [
                3602
            ],
            "15": [
                424
            ],
            "7": [
                305
            ],
            "20": [
                365
            ],
            "8": [
                393
            ],
            "28": [
                244,
                3765
            ],
            "14": [
                3512
            ],
            "11": [
                603
            ],
            "16": [
                395,
                394,
                3857
            ],
            "12": [
                514,
                3707
            ],
            "24": [
                469,
                468,
                3662
            ],
            "13": [
                3466
            ],
            "29": [
                289
            ],
            "17": [
                3976,
                350
            ],
            "21": [
                3961,
                3962
            ],
            "18": [
                485,
                484
            ],
            "25": [
                454,
                455
            ],
            "19": [
                439,
                3781
            ],
            "30": [
                3871,
                3872
            ],
            "22": [
                231,
                4005
            ],
            "26": [
                3930
            ],
            "23": [
                259,
                3780,
                260
            ],
            "31": [
                215,
                3975
            ],
            "27": [
                3855,
                154
            ],
            "32": [
                124,
                123
            ],
            "0": [
                349
            ],
            "54": [
                3826
            ],
            "55": [
                3811,
                319
            ],
            "56": [
                3856
            ],
            "1": [
                3556
            ],
            "58": [
                483
            ],
            "59": [
                498,
                499
            ],
            "60": [
                3766
            ],
            "61": [
                3750,
                3751
            ],
            "2": [
                3617
            ],
            "63": [
                618
            ],
            "64": [
                605,
                604,
                619
            ],
            "65": [
                3977
            ],
            "66": [
                545,
                3827
            ],
            "67": [
                3887
            ],
            "3": [
                3991
            ],
            "71": [
                4006
            ],
            "72": [
                320
            ],
            "73": [
                170,
                3900
            ],
            "74": [
                3960
            ],
            "4": [
                529,
                530
            ],
            "77": [
                515,
                4007
            ],
            "78": [
                4021,
                4022,
                4020
            ],
            "79": [
                140,
                139
            ],
            "80": [
                3840
            ],
            "83": [
                408,
                409
            ],
            "84": [
                3796,
                3795
            ],
            "85": [
                109
            ],
            "86": [
                3810
            ],
            "68": [
                410,
                3842
            ],
            "69": [
                3931
            ],