{
    "config": "N_1000-10808.584258004523s-1_A200",
    "num_vars": 107,
    "num_qubit": 201,
    "time_elapsed": 0.03653693199157715,
    "best_state": {
        "sample": [
            0,
            0,
            0,
            1,
            0,
            0,
            0,
            0,
            0,
            0,
            0,
            0,
            0,
            0,
            0,
            0,
            0,
            0,
            0,
            1,
            1,
            0,
            0,
            0,
            0,
            0,
            0,
            0,
            0,
            0,
            1,
            0,
            1,
            0,
            0,
            0,
            0,
            0,
            0,
            0,
            0,
            0,
            1,
            0,
            0,
            0,
            0,
            1,
            0,
            1,
            0,
            1,
            0,
            0,
            0,
            0,
            1,
            0,
            1,
            0,
            0,
            1,
            0,
            0,
            1,
            1,
            0,
            1,
            0,
            1,
            1,
            1,
            0,
            0,
            0,
            1,
            1,
            1,
            1,
            1,
            0,
            0,
            0,
            0,
            0,
            0,
            0,
            0,
            0,
            1,
            1,
            1,
            1,
            1,
            1,
            1,
            1,
            0,
            0,
            0,
            0,
            0,
            0,
            0,
            0,
            0,
            0
        ],
        "energy": 2214.0,
        "chain_break_fraction": 0.018691588785046728
    },
    "chain_strength_prefactor": 0.25,
    "chain_strength": 10808.584258004523,
    "max_chain_length": 4,
    "timing_info": {
        "qpu_sampling_time": 323380.0,
        "qpu_anneal_time_per_sample": 200.0,
        "qpu_readout_time_per_sample": 102.84,
        "qpu_access_time": 339309.17,
        "qpu_access_overhead_time": 2418.83,
        "qpu_programming_time": 15929.17,
        "qpu_delay_time_per_sample": 20.54,
        "total_post_processing_time": 335.0,
        "post_processing_overhead_time": 335.0
    },
    "embedding_info": {
        "embedding": {
            "41": [
                1733,
                4628
            ],
            "42": [
                4644,
                1868,
                4643
            ],
            "47": [
                1749,
                1748
            ],
            "43": [
                1659,
                4569
            ],
            "48": [
                4553,
                4554
            ],
            "44": [
                1718,
                1717,
                4614
            ],
            "49": [
                1764,
                4584,
                1763
            ],
            "45": [
                1687,
                1688
            ],
            "50": [
                4478,
                1598
            ],
            "46": [
                1703,
                4508,
                1702
            ],
            "51": [
                1613,
                4493
            ],
            "52": [
                1823,
                1824,
                4599
            ],
            "53": [
                1853,
                1854,
                4509
            ],
            "54": [
                4523,
                4524,
                1643
            ],
            "55": [
                4538,
                4539,
                1793,
                1792
            ],
            "56": [
                1809,
                1808,
                4434
            ],
            "57": [
                4419,
                4418,
                1778
            ],
            "58": [
                1673,
                1674,
                1672
            ],
            "59": [
                4448,
                4449
            ],
            "60": [
                4464,
                4463
            ],
            "61": [
                1658,
                4389,
                4390
            ],
            "5": [
                1732,
                4298
            ],
            "10": [
                1614
            ],
            "6": [
                4642
            ],
            "14": [
                4583,
                1629
            ],
            "7": [
                4570
            ],
            "19": [
                4673,
                1644,
                4672
            ],
            "8": [
                4615
            ],
            "24": [
                4403,
                4404
            ],
            "9": [
                1701
            ],
            "35": [
                4477,
                1538
            ],
            "11": [
                1989,
                4585
            ],
            "25": [
                1762
            ],
            "12": [
                1627,
                1628
            ],
            "30": [
                4388,
                1597,
                4387
            ],
            "13": [
                1611,
                1612
            ],
            "36": [
                4492
            ],
            "15": [
                4479
            ],
            "20": [
                4598
            ],
            "16": [
                4705,
                4704
            ],
            "26": [
                1537,
                4358,
                4359
            ],
            "17": [
                1642
            ],
            "31": [
                1552,
                4433
            ],
            "18": [
                1686,
                4239
            ],
            "37": [
                1418,
                4537
            ],
            "21": [
                4689,
                4688,
                4690
            ],
            "27": [
                4344,
                1807
            ],
            "22": [
                1567,
                1566,
                1568
            ],
            "32": [
                1777,
                1776
            ],
            "23": [
                4283,
                1731
            ],
            "38": [
                4224,
                1716
            ],
            "28": [
                1881,
                1882
            ],
            "33": [
                4450,
                2018
            ],
            "29": [
                1897
            ],
            "39": [
                1927,
                1928
            ],
            "34": [
                1972
            ],
            "40": [
                4240,
                1957
            ],
            "0": [
                1599
            ],
            "62": [
                1553,
                4613
            ],
            "63": [
                4568
            ],
            "64": [
                1478,
                1479
            ],
            "65": [
                1493
            ],
            "67": [
                4312,
                4313
            ],
            "68": [
                1448,
                1447
            ],
            "1": [
                4627
            ],
            "70": [
                1508
            ],
            "71": [
                1522,
                1523,
                4297
            ],
            "72": [
                4447
            ],
            "73": [
                4462
            ],
            "2": [
                1883
            ],
            "75": [
                4494,
                1913
            ],