{
    "config": "N_1000-17293.734812807237s-1_A200",
    "num_vars": 107,
    "num_qubit": 205,
    "time_elapsed": 0.08660531044006348,
    "best_state": {
        "sample": [
            1,
            0,
            0,
            0,
            0,
            0,
            1,
            1,
            0,
            0,
            0,
            0,
            0,
            0,
            0,
            0,
            0,
            0,
            0,
            0,
            1,
            0,
            0,
            0,
            0,
            0,
            0,
            0,
            0,
            0,
            0,
            0,
            0,
            0,
            0,
            0,
            0,
            0,
            0,
            0,
            0,
            1,
            1,
            1,
            1,
            1,
            1,
            0,
            0,
            1,
            0,
            0,
            0,
            1,
            0,
            0,
            1,
            0,
            0,
            0,
            0,
            1,
            1,
            1,
            1,
            1,
            1,
            1,
            1,
            1,
            1,
            1,
            1,
            1,
            1,
            1,
            1,
            1,
            1,
            1,
            1,
            1,
            0,
            0,
            0,
            0,
            0,
            0,
            0,
            0,
            0,
            0,
            0,
            0,
            0,
            0,
            0,
            0,
            0,
            0,
            0,
            0,
            0,
            0,
            0,
            0,
            0
        ],
        "energy": 2171.0,
        "chain_break_fraction": 0.0
    },
    "chain_strength_prefactor": 0.4,
    "chain_strength": 17293.734812807237,
    "max_chain_length": 4,
    "timing_info": {
        "qpu_sampling_time": 278940.0,
        "qpu_anneal_time_per_sample": 200.0,
        "qpu_readout_time_per_sample": 58.4,
        "qpu_access_time": 294865.17,
        "qpu_access_overhead_time": 1024.83,
        "qpu_programming_time": 15925.17,
        "qpu_delay_time_per_sample": 20.54,
        "total_post_processing_time": 24.0,
        "post_processing_overhead_time": 24.0
    },
    "embedding_info": {
        "embedding": {
            "41": [
                781,
                782
            ],
            "42": [
                737,
                736,
                3363
            ],
            "47": [
                3273,
                706,
                767
            ],
            "43": [
                691,
                692,
                3228,
                3229
            ],
            "48": [
                3334,
                3333,
                3335
            ],
            "44": [
                3439,
                3438
            ],
            "49": [
                3289,
                3288,
                932
            ],
            "45": [
                3408,
                857
            ],
            "50": [
                3304,
                902,
                3303,
                3409
            ],
            "46": [
                647,
                3392,
                3393
            ],
            "51": [
                632,
                3423,
                631
            ],
            "52": [
                3348,
                3349
            ],
            "53": [
                917,
                3379,
                3378
            ],
            "54": [
                723,
                722,
                3558
            ],
            "55": [
                707,
                3498,
                738
            ],
            "56": [
                887,
                3499,
                886
            ],
            "57": [
                827,
                826
            ],
            "58": [
                3468,
                677,
                3469
            ],
            "59": [
                812,
                3424,
                962
            ],
            "60": [
                3543,
                753,
                752
            ],
            "61": [
                903,
                768,
                3484,
                3453
            ],
            "5": [
                3258
            ],
            "10": [
                780
            ],
            "6": [
                735
            ],
            "14": [
                3198
            ],
            "7": [
                3230
            ],
            "19": [
                931
            ],
            "8": [
                3440
            ],
            "25": [
                946,
                947
            ],
            "9": [
                648
            ],
            "35": [
                646,
                3377,
                645
            ],
            "11": [
                991
            ],
            "20": [
                3259,
                976,
                3244
            ],
            "12": [
                3394
            ],
            "30": [
                676
            ],
            "13": [
                633
            ],
            "36": [
                3318
            ],
            "15": [
                811,
                810
            ],
            "21": [
                1006,
                3350,
                1005
            ],
            "16": [
                3380
            ],
            "26": [
                3184,
                975,
                916
            ],
            "17": [
                3559
            ],
            "31": [
                3153,
                721
            ],
            "18": [
                739
            ],
            "37": [
                573,
                572
            ],
            "22": [
                3500,
                933
            ],
            "27": [
                3154,
                3155
            ],
            "23": [
                948,
                3454,
                3455
            ],
            "32": [
                3213,
                3212
            ],
            "24": [
                978,
                977
            ],
            "38": [
                3574,
                918
            ],
            "28": [
                963,
                3680
            ],
            "33": [
                3514,
                3513,
                873
            ],
            "29": [
                3724,
                754,
                3723
            ],
            "39": [
                843
            ],
            "34": [
                3618,
                678
            ],
            "40": [
                693,
                3603
            ],
            "0": [
                795
            ],
            "62": [
                3183
            ],
            "63": [
                825,
                3094
            ],
            "64": [
                3199,
                901
            ],
            "65": [
                3108,
                3109
            ],
            "67": [
                3243
            ],
            "68": [
                661
            ],
            "1": [
                720
            ],
            "70": [
                3033,
                3034
            ],
            "71": [
                3049,
                3048,
                885
            ],
            "72": [
                3139,
                3138
            ],
            "73": [
                571
            ],
            "2": [
                1156
            ],
            "75": [
                3290,
                1066
            ],