{
    "config": "L_1000-9839.738020902792s-1_A200",
    "num_vars": 108,
    "num_qubit": 273,
    "time_elapsed": 0.030890226364135742,
    "best_state": {
        "sample": [
            0,
            0,
            1,
            1,
            0,
            0,
            0,
            1,
            0,
            0,
            1,
            0,
            0,
            1,
            0,
            1,
            1,
            0,
            0,
            1,
            0,
            1,
            1,
            1,
            0,
            0,
            1,
            1,
            0,
            0,
            0,
            0,
            0,
            0,
            0,
            0,
            1,
            0,
            0,
            0,
            0,
            0,
            1,
            0,
            1,
            0,
            0,
            0,
            0,
            0,
            0,
            0,
            0,
            0,
            0,
            0,
            1,
            0,
            0,
            0,
            0,
            0,
            0,
            1,
            1,
            0,
            0,
            0,
            0,
            0,
            0,
            1,
            0,
            0,
            0,
            0,
            0,
            0,
            0,
            1,
            0,
            0,
            0,
            0,
            0,
            0,
            0,
            0,
            1,
            0,
            0,
            0,
            0,
            0,
            0,
            0,
            0,
            0,
            0,
            0,
            1,
            0,
            0,
            0,
            0,
            0,
            0,
            0
        ],
        "energy": 36954.0,
        "chain_break_fraction": 0.027777777777777776
    },
    "chain_strength_prefactor": 0.3,
    "chain_strength": 9839.738020902792,
    "max_chain_length": 5,
    "timing_info": {
        "qpu_sampling_time": 335700.0,
        "qpu_anneal_time_per_sample": 200.0,
        "qpu_readout_time_per_sample": 115.16,
        "qpu_access_time": 351627.57,
        "qpu_access_overhead_time": 1280.43,
        "qpu_programming_time": 15927.57,
        "qpu_delay_time_per_sample": 20.54,
        "total_post_processing_time": 62.0,
        "post_processing_overhead_time": 62.0
    },
    "embedding_info": {
        "embedding": {
            "3": [
                4662,
                4661,
                2409
            ],
            "0": [
                2170,
                2171,
                4826,
                4827
            ],
            "6": [
                2455,
                2454,
                4903,
                4904
            ],
            "9": [
                2424,
                4768,
                2423,
                4588
            ],
            "12": [
                4798,
                2530,
                2395,
                4799,
                2695
            ],
            "16": [
                2320,
                4887,
                4812,
                2321
            ],
            "20": [
                4722,
                2350,
                4723
            ],
            "24": [
                2440,
                5007,
                5006,
                2439,
                2471
            ],
            "1": [
                2110,
                2049,
                2111,
                4825
            ],
            "2": [
                4961
            ],
            "4": [
                4617,
                4616,
                2139
            ],
            "5": [
                4646,
                2214
            ],
            "7": [
                5023,
                2546
            ],
            "8": [
                4978
            ],
            "10": [
                4753,
                2484,
                4603
            ],
            "11": [
                2529
            ],
            "13": [
                2590,
                4843,
                2589,
                4918
            ],
            "14": [
                4888
            ],
            "15": [
                2470
            ],
            "17": [
                4902,
                4901,
                2410
            ],
            "18": [
                4947,
                4948
            ],
            "19": [
                2335
            ],
            "21": [
                2274,
                2275,
                2273
            ],
            "22": [
                4676,
                2304
            ],
            "23": [
                4737
            ],
            "25": [
                5082,
                5083,
                5081
            ],
            "26": [
                2441,
                5187
            ],
            "27": [
                5098
            ],
            "40": [
                2154,
                2155,
                4781,
                2153
            ],
            "75": [
                4885,
                4886,
                2050
            ],
            "87": [
                2185,
                4796,
                4721
            ],
            "98": [
                4976,
                2156,
                2186
            ],
            "41": [
                2064,
                2065,
                2063,
                5005
            ],
            "76": [
                2080,
                4990
            ],
            "88": [
                2020,
                4810,
                4811,
                2021
            ],
            "99": [
                2126,
                5020
            ],
            "28": [
                2169,
                4601
            ],
            "57": [
                4632,
                4631
            ],
            "89": [
                4556,
                4557,
                2349
            ],
            "29": [
                2048,
                4571,
                4572
            ],
            "58": [
                4647,
                2364
            ],
            "90": [
                4587
            ],
            "65": [
                4934,
                2576
            ],
            "77": [
                5037,
                2486,
                5038
            ],
            "100": [
                2531,
                2532,
                5068
            ],
            "66": [
                2501,
                4993
            ],
            "78": [
                4963
            ],
            "101": [
                2516,
                2517
            ],
            "42": [
                2469,
                4677
            ],
            "67": [
                4738,
                4739
            ],
            "91": [
                2499,
                4693
            ],
            "43": [
                4618,
                2438
            ],
            "68": [
                4663,
                2514,
                2634
            ],
            "92": [
                4543,
                4542,
                2559
            ],
            "48": [
                4874,
                2665,
                2666
            ],
            "59": [
                2620,
                2619,
                4769,
                2664
            ],
            "79": [
                4813,
                2650,
                2515
            ],
            "102": [
                5008,
                2651
            ],
            "49": [
                2561,
                2560,
                4979
            ],
            "60": [
                2545,
                4828,
                4873
            ],