{
    "config": "N_1000-36452.97756221019s-1_A200",
    "num_vars": 75,
    "num_qubit": 133,
    "time_elapsed": 0.0284726619720459,
    "best_state": {
        "sample": [
            1,
            0,
            0,
            0,
            1,
            0,
            0,
            0,
            0,
            0,
            1,
            0,
            1,
            0,
            0,
            0,
            0,
            0,
            0,
            0,
            0,
            0,
            0,
            0,
            0,
            0,
            0,
            0,
            1,
            1,
            1,
            0,
            1,
            1,
            0,
            0,
            0,
            0,
            0,
            1,
            0,
            1,
            1,
            0,
            1,
            1,
            1,
            1,
            0,
            1,
            1,
            1,
            1,
            1,
            1,
            1,
            1,
            0,
            0,
            0,
            0,
            0,
            0,
            0,
            0,
            0,
            0,
            0,
            0,
            0,
            0,
            0,
            0,
            0,
            0
        ],
        "energy": 5958.0,
        "chain_break_fraction": 0.0
    },
    "chain_strength_prefactor": 0.35,
    "chain_strength": 36452.97756221019,
    "max_chain_length": 3,
    "timing_info": {
        "qpu_sampling_time": 290620.0,
        "qpu_anneal_time_per_sample": 200.0,
        "qpu_readout_time_per_sample": 70.08,
        "qpu_access_time": 306548.37,
        "qpu_access_overhead_time": 1747.63,
        "qpu_programming_time": 15928.37,
        "qpu_delay_time_per_sample": 20.54,
        "total_post_processing_time": 1.0,
        "post_processing_overhead_time": 1.0
    },
    "embedding_info": {
        "embedding": {
            "28": [
                5395,
                5396,
                1978
            ],
            "29": [
                5276,
                2188
            ],
            "34": [
                5321,
                2128
            ],
            "30": [
                5261,
                5260,
                1977
            ],
            "35": [
                5200,
                2022,
                2023
            ],
            "31": [
                5380,
                5381,
                2008
            ],
            "36": [
                5365,
                5364
            ],
            "32": [
                2157,
                2158,
                5156
            ],
            "37": [
                2113,
                2112
            ],
            "33": [
                5335,
                1917,
                5336
            ],
            "38": [
                2067,
                5291,
                2068
            ],
            "39": [
                2097,
                5215,
                2098
            ],
            "40": [
                5350,
                2082
            ],
            "41": [
                5231,
                2127
            ],
            "42": [
                2052,
                5306
            ],
            "43": [
                1962,
                1963
            ],
            "44": [
                5185,
                2096
            ],
            "45": [
                5230,
                2007,
                5229
            ],
            "46": [
                2037,
                2038,
                5170
            ],
            "47": [
                5275,
                1932,
                1993
            ],
            "48": [
                5245,
                5246,
                1992
            ],
            "4": [
                5426
            ],
            "9": [
                2277,
                5277
            ],
            "5": [
                2156
            ],
            "20": [
                2187
            ],
            "6": [
                5199
            ],
            "12": [
                5425,
                5424
            ],
            "7": [
                5363
            ],
            "16": [
                1783,
                5349
            ],
            "8": [
                2066,
                2065
            ],
            "24": [
                5290,
                5289
            ],
            "10": [
                5214
            ],
            "13": [
                5410,
                5411
            ],
            "11": [
                2126
            ],
            "21": [
                2172
            ],
            "14": [
                5320,
                1858,
                5319
            ],
            "17": [
                1887,
                5305
            ],
            "15": [
                1826,
                1827
            ],
            "25": [
                1782
            ],
            "18": [
                5080
            ],
            "22": [
                5125,
                5126
            ],
            "19": [
                1931
            ],
            "26": [
                5169
            ],
            "23": [
                1991
            ],
            "27": [
                5110,
                1976
            ],
            "0": [
                2262
            ],
            "49": [
                5201
            ],
            "51": [
                1828
            ],
            "53": [
                2173
            ],
            "55": [
                1872
            ],
            "56": [
                5259
            ],
            "57": [
                5154,
                1752
            ],
            "1": [
                1722
            ],
            "60": [
                1737
            ],
            "61": [
                1857,
                5244
            ],
            "62": [
                5155,
                1842
            ],
            "63": [
                1947,
                1946
            ],
            "2": [
                4976
            ],
            "66": [
                2021,
                4961
            ],
            "67": [
                5035,
                2051
            ],
            "68": [
                1961
            ],
            "69": [
                5005
            ],
            "3": [
                2050
            ],
            "72": [
                4899,
                4900
            ],
            "73": [
                1856,
                5004
            ],
            "74": [
                4960
            ],
            "75": [
                4975
            ],
            "58": [
                5409
            ],
            "59": [
                1812,
                1813
            ],
            "64": [
                1901,
                1902
            ],
            "65": [
                5095
            ],
            "70": [
                5111
            ],
            "71": [
                2111,
                4990
            ],
            "76": [
                5184,
                1797
            ],
            "77": [
                1885,
                1886
            ]
        },
        "chain_break_method": "majority_vote",
        "embedding_parameters": {},
        "chain_strength": 36452.97756221019
    }
}