{
    "config": "N_1000-739.7726987618112s-1_A200",
    "num_vars": 84,
    "num_qubit": 158,
    "time_elapsed": 0.056523799896240234,
    "best_state": {
        "sample": [
            0,
            1,
            0,
            0,
            1,
            0,
            0,
            0,
            0,
            0,
            0,
            0,
            1,
            0,
            0,
            0,
            0,
            0,
            0,
            0,
            0,
            0,
            0,
            0,
            0,
            0,
            0,
            1,
            1,
            0,
            0,
            0,
            1,
            0,
            1,
            0,
            0,
            1,
            1,
            1,
            1,
            1,
            0,
            1,
            0,
            0,
            1,
            0,
            0,
            0,
            0,
            1,
            1,
            1,
            0,
            0,
            0,
            0,
            1,
            1,
            1,
            1,
            0,
            0,
            0,
            0,
            0,
            0,
            0,
            0,
            0,
            0,
            0,
            0,
            0,
            0,
            1,
            1,
            1,
            1,
            1,
            1,
            1,
            1
        ],
        "energy": 204.0,
        "chain_break_fraction": 0.011904761904761904
    },
    "chain_strength_prefactor": 0.25,
    "chain_strength": 739.7726987618112,
    "max_chain_length": 4,
    "timing_info": {
        "qpu_sampling_time": 286460.0,
        "qpu_anneal_time_per_sample": 200.0,
        "qpu_readout_time_per_sample": 65.92,
        "qpu_access_time": 302388.37,
        "qpu_access_overhead_time": 1478.63,
        "qpu_programming_time": 15928.37,
        "qpu_delay_time_per_sample": 20.54,
        "total_post_processing_time": 42.0,
        "post_processing_overhead_time": 42.0
    },
    "embedding_info": {
        "embedding": {
            "31": [
                1385,
                1386,
                4042
            ],
            "32": [
                1325,
                1324,
                4072
            ],
            "37": [
                1429,
                1430,
                3847
            ],
            "33": [
                4086,
                1550,
                1549,
                4087
            ],
            "38": [
                3968,
                3967
            ],
            "34": [
                3878,
                3877
            ],
            "39": [
                1415,
                3922
            ],
            "35": [
                1446,
                1445
            ],
            "40": [
                3982
            ],
            "36": [
                3893,
                3892
            ],
            "41": [
                1400,
                4012,
                3936
            ],
            "42": [
                3952,
                1580,
                1579,
                3951
            ],
            "43": [
                3863,
                3862,
                1504
            ],
            "44": [
                1461,
                1460
            ],
            "45": [
                3906,
                3907,
                1339
            ],
            "46": [
                1534,
                3848,
                1535
            ],
            "47": [
                4102,
                1505
            ],
            "48": [
                1520,
                1519,
                4073
            ],
            "49": [
                1490,
                1491,
                3818,
                3817
            ],
            "50": [
                3937,
                3938,
                1475
            ],
            "51": [
                4028,
                4027,
                1565,
                3983
            ],
            "5": [
                3998
            ],
            "12": [
                1548
            ],
            "6": [
                3803,
                3802,
                1369
            ],
            "17": [
                1640,
                1639
            ],
            "7": [
                4117
            ],
            "21": [
                3637,
                1444
            ],
            "8": [
                3921
            ],
            "26": [
                1370
            ],
            "9": [
                4013
            ],
            "13": [
                1474,
                3727
            ],
            "10": [
                4267,
                1462
            ],
            "22": [
                1459
            ],
            "11": [
                3816
            ],
            "27": [
                1354,
                1355
            ],
            "14": [
                3788,
                3789
            ],
            "18": [
                1625,
                1626
            ],
            "15": [
                4178,
                1686,
                1581
            ],
            "23": [
                1730,
                4103,
                1729
            ],
            "16": [
                1595,
                1596,
                1594
            ],
            "28": [
                4074
            ],
            "19": [
                1699,
                1700,
                1701
            ],
            "24": [
                3819
            ],
            "20": [
                1670,
                3894
            ],
            "29": [
                1759,
                1760,
                3969
            ],
            "25": [
                1805,
                3984,
                1806
            ],
            "30": [
                4029
            ],
            "0": [
                1533
            ],
            "52": [
                3653
            ],
            "53": [
                3638
            ],
            "1": [
                4101
            ],
            "56": [
                3787
            ],
            "58": [
                1641
            ],
            "59": [
                4088
            ],
            "60": [
                1746
            ],
            "61": [
                4133,
                1761
            ],
            "2": [
                1654
            ],
            "65": [
                1669
            ],
            "66": [
                3714,
                1774
            ],
            "67": [
                1789,
                3804
            ],
            "68": [
                3849
            ],
            "3": [
                4132
            ],
            "71": [
                1536
            ],
            "72": [
                1551
            ],
            "73": [
                4163
            ],
            "74": [
                4044,
                1656
            ],
            "75": [
                1821,
                1820
            ],
            "4": [
                1280
            ],
            "79": [
                1265
            ],
            "80": [
                3832,
                3833,
                3831
            ],
            "81": [
                3908,
                1655
            ],
            "82": [
                3879
            ],
            "83": [
                1775
            ],
            "62": [
                1564,
                3698
            ],
            "63": [
                1610,
                1611,
                1609
            ],
            "64": [
                4118
            ],
            "69": [
                3923
            ],
            "70": [
                1684
            ],