{
    "config": "N_1000-1183.6363180188978s-1_A200",
    "num_vars": 84,
    "num_qubit": 158,
    "time_elapsed": 0.06216716766357422,
    "best_state": {
        "sample": [
            0,
            1,
            0,
            0,
            1,
            0,
            0,
            0,
            0,
            0,
            0,
            0,
            1,
            0,
            0,
            0,
            0,
            0,
            0,
            0,
            0,
            0,
            0,
            0,
            0,
            0,
            0,
            1,
            1,
            0,
            0,
            0,
            1,
            0,
            1,
            1,
            0,
            1,
            1,
            1,
            1,
            0,
            0,
            1,
            1,
            0,
            1,
            1,
            0,
            0,
            0,
            0,
            1,
            1,
            0,
            0,
            0,
            0,
            0,
            1,
            1,
            1,
            1,
            0,
            0,
            0,
            0,
            0,
            0,
            0,
            0,
            0,
            0,
            0,
            0,
            0,
            1,
            1,
            1,
            1,
            1,
            1,
            1,
            1
        ],
        "energy": 204.0,
        "chain_break_fraction": 0.0
    },
    "chain_strength_prefactor": 0.4,
    "chain_strength": 1183.6363180188978,
    "max_chain_length": 3,
    "timing_info": {
        "qpu_sampling_time": 276580.0,
        "qpu_anneal_time_per_sample": 200.0,
        "qpu_readout_time_per_sample": 56.04,
        "qpu_access_time": 292505.57,
        "qpu_access_overhead_time": 2716.43,
        "qpu_programming_time": 15925.57,
        "qpu_delay_time_per_sample": 20.54,
        "total_post_processing_time": 12.0,
        "post_processing_overhead_time": 12.0
    },
    "embedding_info": {
        "embedding": {
            "31": [
                1101,
                4115
            ],
            "32": [
                1117,
                1116
            ],
            "37": [
                1131,
                1132
            ],
            "33": [
                1071,
                4145,
                4144
            ],
            "38": [
                1010,
                1011,
                4010
            ],
            "34": [
                4084,
                4083,
                4085
            ],
            "39": [
                4026,
                4025,
                1175
            ],
            "35": [
                4175,
                1056,
                4174
            ],
            "40": [
                4055,
                4056
            ],
            "36": [
                1086,
                4160
            ],
            "41": [
                4040,
                4041,
                936
            ],
            "42": [
                4100,
                4099
            ],
            "43": [
                4129,
                4130,
                951
            ],
            "44": [
                1206,
                4206,
                4205
            ],
            "45": [
                1145,
                1146,
                3995
            ],
            "46": [
                966,
                965,
                4114
            ],
            "47": [
                4071,
                4070,
                1160
            ],
            "48": [
                1040,
                1041,
                1039
            ],
            "49": [
                980,
                3949,
                981
            ],
            "50": [
                1024,
                1025,
                1026
            ],
            "51": [
                3965,
                995,
                996
            ],
            "5": [
                4143
            ],
            "12": [
                876,
                4159
            ],
            "6": [
                830
            ],
            "17": [
                815,
                816
            ],
            "7": [
                4176
            ],
            "21": [
                846
            ],
            "8": [
                4042
            ],
            "26": [
                1235
            ],
            "9": [
                4098
            ],
            "13": [
                891
            ],
            "10": [
                4191
            ],
            "22": [
                4204
            ],
            "11": [
                3996,
                1190
            ],
            "27": [
                1251,
                1250,
                4221
            ],
            "14": [
                921
            ],
            "18": [
                3978,
                3979
            ],
            "15": [
                3935,
                3934
            ],
            "23": [
                4069,
                785,
                784
            ],
            "16": [
                3861,
                3860
            ],
            "28": [
                3784,
                3785
            ],
            "19": [
                3891,
                3890,
                979
            ],
            "24": [
                875
            ],
            "20": [
                3816,
                3815
            ],
            "29": [
                3800,
                1009
            ],
            "25": [
                1055,
                3920
            ],
            "30": [
                1114,
                1115
            ],
            "0": [
                4189
            ],
            "52": [
                831
            ],
            "53": [
                4128
            ],
            "1": [
                4011
            ],
            "56": [
                4219,
                4220
            ],
            "2": [
                4158
            ],
            "58": [
                741
            ],
            "59": [
                3993,
                756,
                650
            ],
            "60": [
                800
            ],
            "61": [
                3798,
                3799,
                799
            ],
            "62": [
                964
            ],
            "3": [
                3994
            ],
            "66": [
                4009
            ],
            "67": [
                4024,
                890
            ],
            "68": [
                3919
            ],
            "69": [
                994
            ],
            "72": [
                1221,
                1220
            ],
            "73": [
                1205
            ],
            "74": [
                1130,
                3905
            ],
            "75": [
                3950,
                1070
            ],
            "4": [
                1325
            ],
            "79": [
                1340
            ],
            "80": [
                3966,
                1265
            ],
            "81": [
                3831,
                1234
            ],
            "82": [
                1174
            ],
            "83": [
                3770,
                1054
            ],
            "63": [
                4054
            ],
            "64": [
                905,
                906
            ],
            "65": [
                3845,
                1100,
                3844
            ],
            "70": [
                935,
                3964
            ],
            "71": [
                3830,
                3829
            ],