{
    "config": "N_1000-1035.6817782665355s-1_A200",
    "num_vars": 84,
    "num_qubit": 159,
    "time_elapsed": 0.02300238609313965,
    "best_state": {
        "sample": [
            0,
            1,
            0,
            0,
            1,
            0,
            0,
            0,
            0,
            0,
            0,
            0,
            1,
            0,
            0,
            0,
            0,
            0,
            0,
            1,
            0,
            0,
            0,
            0,
            0,
            0,
            0,
            1,
            0,
            1,
            0,
            0,
            0,
            0,
            0,
            0,
            0,
            1,
            1,
            1,
            1,
            1,
            1,
            0,
            1,
            0,
            0,
            0,
            0,
            1,
            0,
            0,
            1,
            1,
            0,
            0,
            0,
            1,
            1,
            1,
            1,
            1,
            1,
            0,
            0,
            0,
            1,
            0,
            1,
            1,
            0,
            0,
            0,
            0,
            0,
            0,
            1,
            1,
            1,
            1,
            1,
            1,
            1,
            1
        ],
        "energy": 206.0,
        "chain_break_fraction": 0.0
    },
    "chain_strength_prefactor": 0.35,
    "chain_strength": 1035.6817782665355,
    "max_chain_length": 3,
    "timing_info": {
        "qpu_sampling_time": 297620.0,
        "qpu_anneal_time_per_sample": 200.0,
        "qpu_readout_time_per_sample": 77.08,
        "qpu_access_time": 313545.17,
        "qpu_access_overhead_time": 1547.83,
        "qpu_programming_time": 15925.17,
        "qpu_delay_time_per_sample": 20.54,
        "total_post_processing_time": 15.0,
        "post_processing_overhead_time": 15.0
    },
    "embedding_info": {
        "embedding": {
            "31": [
                1707,
                1708
            ],
            "32": [
                1663,
                5334,
                1664
            ],
            "37": [
                5439,
                5438
            ],
            "33": [
                5408,
                5409
            ],
            "38": [
                5543,
                1604,
                1603
            ],
            "34": [
                1648,
                5423,
                5318
            ],
            "39": [
                5453,
                1618,
                5454
            ],
            "35": [
                5319,
                1813
            ],
            "40": [
                5394,
                5393,
                1888
            ],
            "36": [
                1693,
                1692
            ],
            "41": [
                5499,
                1723,
                1722
            ],
            "42": [
                5484,
                5483,
                1783
            ],
            "43": [
                1737,
                1738,
                5363
            ],
            "44": [
                1753
            ],
            "45": [
                1798,
                5469
            ],
            "46": [
                1634,
                1633,
                5498
            ],
            "47": [
                5573,
                1769,
                1768
            ],
            "48": [
                1678,
                1679,
                5258
            ],
            "49": [
                5378,
                1843,
                5379
            ],
            "50": [
                5349,
                5348
            ],
            "51": [
                5289,
                1828,
                5424
            ],
            "5": [
                1558
            ],
            "12": [
                1453,
                5407
            ],
            "6": [
                1542
            ],
            "17": [
                1512
            ],
            "7": [
                1814
            ],
            "22": [
                5274
            ],
            "8": [
                5500
            ],
            "26": [
                1721
            ],
            "9": [
                1573
            ],
            "13": [
                1438,
                1437,
                5482
            ],
            "10": [
                5362
            ],
            "18": [
                1422,
                5197,
                5198
            ],
            "11": [
                5470
            ],
            "27": [
                5169,
                5168,
                1797
            ],
            "14": [
                5288,
                5287
            ],
            "19": [
                1528
            ],
            "15": [
                5558,
                5557,
                5559
            ],
            "23": [
                1767,
                5304
            ],
            "16": [
                5604,
                5603,
                5605
            ],
            "28": [
                1677,
                5228
            ],
            "20": [
                1918
            ],
            "24": [
                1858,
                1857
            ],
            "21": [
                1948,
                5455
            ],
            "29": [
                1872,
                5305
            ],
            "25": [
                5425
            ],
            "30": [
                1993,
                5290
            ],
            "0": [
                1483
            ],
            "52": [
                5257
            ],
            "53": [
                5273,
                5272
            ],
            "1": [
                5109
            ],
            "56": [
                5167
            ],
            "2": [
                1543
            ],
            "58": [
                5392
            ],
            "59": [
                5377,
                1498
            ],
            "60": [
                5303,
                1527
            ],
            "61": [
                5213,
                5212
            ],
            "62": [
                1588,
                1587,
                1589
            ],
            "66": [
                1557
            ],
            "67": [
                5243,
                1602,
                5244
            ],
            "68": [
                1782,
                5199
            ],
            "69": [
                5364,
                1902
            ],
            "3": [
                1829
            ],
            "73": [
                5574
            ],
            "74": [
                5485,
                1859
            ],
            "75": [
                5410,
                1933
            ],
            "76": [
                2008
            ],
            "4": [
                5515
            ],
            "79": [
                1994
            ],
            "80": [
                2009
            ],
            "81": [
                5440,
                2024
            ],
            "82": [
                2068
            ],
            "83": [
                5395,
                1978
            ],
            "63": [
                5302
            ],
            "64": [
                1469,
                1468
            ],
            "65": [
                5572,
                1559
            ],
            "70": [
                5422,
                1513,
                1423
            ],