{
    "config": "N_1000-591.8181590094489s-1_A200",
    "num_vars": 84,
    "num_qubit": 151,
    "time_elapsed": 0.0292050838470459,
    "best_state": {
        "sample": [
            0,
            1,
            1,
            0,
            0,
            0,
            0,
            0,
            0,
            0,
            0,
            0,
            0,
            0,
            0,
            0,
            0,
            1,
            1,
            0,
            0,
            0,
            0,
            0,
            0,
            0,
            0,
            0,
            0,
            0,
            0,
            1,
            0,
            1,
            0,
            0,
            1,
            0,
            1,
            0,
            0,
            0,
            1,
            0,
            0,
            1,
            0,
            0,
            0,
            0,
            1,
            1,
            0,
            1,
            1,
            0,
            0,
            0,
            0,
            0,
            0,
            0,
            1,
            1,
            1,
            1,
            1,
            1,
            1,
            1,
            0,
            0,
            0,
            0,
            0,
            0,
            0,
            0,
            0,
            0,
            0,
            0,
            0,
            0
        ],
        "energy": 235.0,
        "chain_break_fraction": 0.023809523809523808
    },
    "chain_strength_prefactor": 0.2,
    "chain_strength": 591.8181590094489,
    "max_chain_length": 3,
    "timing_info": {
        "qpu_sampling_time": 294500.0,
        "qpu_anneal_time_per_sample": 200.0,
        "qpu_readout_time_per_sample": 73.96,
        "qpu_access_time": 310424.37,
        "qpu_access_overhead_time": 2102.63,
        "qpu_programming_time": 15924.37,
        "qpu_delay_time_per_sample": 20.54,
        "total_post_processing_time": 77.0,
        "post_processing_overhead_time": 77.0
    },
    "embedding_info": {
        "embedding": {
            "31": [
                1797,
                1798,
                5469
            ],
            "32": [
                5364,
                1887,
                5363
            ],
            "37": [
                5393,
                1723,
                1768
            ],
            "33": [
                1873,
                5394,
                1872
            ],
            "38": [
                5378,
                5379
            ],
            "34": [
                1827,
                1828,
                5139
            ],
            "39": [
                5304,
                1752,
                1753
            ],
            "35": [
                1737,
                1736,
                5229
            ],
            "40": [
                5319,
                1678
            ],
            "36": [
                5258,
                5259
            ],
            "41": [
                1693,
                1692
            ],
            "42": [
                5424,
                1858
            ],
            "43": [
                5289,
                1767,
                5290
            ],
            "44": [
                5348,
                5349,
                1722
            ],
            "45": [
                5423,
                1663
            ],
            "46": [
                1812,
                1813
            ],
            "47": [
                1782,
                5154,
                1783
            ],
            "48": [
                5408,
                1633,
                5409
            ],
            "49": [
                5199,
                5198,
                1707
            ],
            "50": [
                5273,
                5274
            ],
            "51": [
                5333,
                5334,
                1557
            ],
            "5": [
                5335
            ],
            "12": [
                1871,
                5110
            ],
            "6": [
                1826
            ],
            "17": [
                5184
            ],
            "7": [
                5183
            ],
            "22": [
                5168
            ],
            "8": [
                5453
            ],
            "26": [
                5213
            ],
            "9": [
                5320
            ],
            "13": [
                1857
            ],
            "10": [
                1766
            ],
            "18": [
                1947,
                5214
            ],
            "11": [
                1558
            ],
            "27": [
                5243,
                1662
            ],
            "14": [
                1751,
                5109,
                1706
            ],
            "19": [
                5094,
                1721
            ],
            "15": [
                1511,
                5153
            ],
            "23": [
                5093,
                1691
            ],
            "16": [
                1468,
                1467,
                5407
            ],
            "28": [
                5288,
                1572
            ],
            "20": [
                1616,
                1617
            ],
            "24": [
                1422,
                5197,
                1421
            ],
            "21": [
                1527,
                5272,
                1526
            ],
            "29": [
                1586,
                1587
            ],
            "25": [
                1512
            ],
            "30": [
                1498
            ],
            "0": [
                5034
            ],
            "52": [
                1901
            ],
            "53": [
                5169
            ],
            "1": [
                5212
            ],
            "56": [
                5244,
                5245
            ],
            "58": [
                1842,
                1843
            ],
            "59": [
                5124,
                5125
            ],
            "60": [
                5123,
                1571
            ],
            "61": [
                5182,
                1497
            ],
            "2": [
                1811
            ],
            "65": [
                5064
            ],
            "66": [
                5049
            ],
            "67": [
                5048,
                5047
            ],
            "68": [
                4987,
                1481
            ],
            "69": [
                5017
            ],
            "3": [
                1647
            ],
            "73": [
                1632
            ],
            "74": [
                5138
            ],
            "75": [
                5108,
                1482,
                1483
            ],
            "76": [
                5257
            ],
            "4": [
                5438
            ],
            "79": [
                1543
            ],
            "80": [
                5392
            ],
            "81": [
                1453
            ],
            "82": [
                5347
            ],
            "83": [
                5362
            ],
            "62": [
                5079
            ],
            "63": [
                5077,
                5078
            ],
            "64": [
                5092
            ],
            "70": [
                1886,
                5155
            ],
            "71": [
                5019,
                5018
            ],
            "72": [
                5033,
                5032
            ],
            "77": [
                1541,
                5167
            ],