{
    "config": "N_1000-3919.594899050226s-1_A200",
    "num_vars": 109,
    "num_qubit": 208,
    "time_elapsed": 0.03188371658325195,
    "best_state": {
        "sample": [
            1,
            0,
            0,
            0,
            0,
            0,
            0,
            0,
            0,
            0,
            1,
            0,
            0,
            0,
            0,
            0,
            0,
            0,
            0,
            0,
            0,
            0,
            0,
            0,
            0,
            0,
            1,
            0,
            1,
            0,
            0,
            0,
            0,
            0,
            0,
            0,
            0,
            0,
            0,
            0,
            0,
            0,
            0,
            0,
            1,
            0,
            0,
            0,
            0,
            1,
            0,
            1,
            0,
            1,
            1,
            1,
            1,
            0,
            0,
            0,
            1,
            0,
            0,
            1,
            1,
            1,
            1,
            0,
            1,
            1,
            1,
            1,
            1,
            1,
            0,
            1,
            1,
            1,
            1,
            1,
            1,
            1,
            0,
            0,
            0,
            0,
            1,
            1,
            1,
            1,
            0,
            0,
            0,
            0,
            1,
            1,
            1,
            1,
            1,
            1,
            0,
            0,
            0,
            0,
            0,
            0,
            0,
            0,
            0
        ],
        "energy": 45755.0,
        "chain_break_fraction": 0.1559633027522936
    },
    "chain_strength_prefactor": 0.1,
    "chain_strength": 3919.594899050226,
    "max_chain_length": 4,
    "timing_info": {
        "qpu_sampling_time": 294820.0,
        "qpu_anneal_time_per_sample": 200.0,
        "qpu_readout_time_per_sample": 74.28,
        "qpu_access_time": 310748.37,
        "qpu_access_overhead_time": 1383.63,
        "qpu_programming_time": 15928.37,
        "qpu_delay_time_per_sample": 20.54,
        "total_post_processing_time": 33.0,
        "post_processing_overhead_time": 33.0
    },
    "embedding_info": {
        "embedding": {
            "42": [
                3835,
                1924
            ],
            "43": [
                3805,
                1909,
                3804
            ],
            "48": [
                3819,
                3820
            ],
            "44": [
                1864,
                3834,
                3909,
                3910
            ],
            "49": [
                1879,
                3759,
                1880
            ],
            "45": [
                2044,
                3925,
                2045
            ],
            "50": [
                2030,
                3866,
                3865
            ],
            "46": [
                1984,
                1985
            ],
            "51": [
                1849,
                1850,
                3700
            ],
            "47": [
                2059,
                3775,
                2060
            ],
            "52": [
                1954,
                3760,
                3715
            ],
            "53": [
                3894,
                3895,
                1729
            ],
            "54": [
                3880,
                3881,
                1835
            ],
            "55": [
                3850,
                3849,
                1805
            ],
            "56": [
                1894,
                3790
            ],
            "57": [
                3970,
                1925,
                3969
            ],
            "58": [
                3984,
                3985,
                1775
            ],
            "59": [
                1939,
                1940,
                4015
            ],
            "60": [
                3954,
                3955
            ],
            "61": [
                1970,
                1969,
                4030
            ],
            "62": [
                2000,
                2001,
                1999
            ],
            "4": [
                3836
            ],
            "10": [
                3744
            ],
            "5": [
                1744
            ],
            "15": [
                1908
            ],
            "6": [
                3833
            ],
            "20": [
                3579,
                1863,
                3578
            ],
            "7": [
                2046
            ],
            "25": [
                3716,
                2043
            ],
            "8": [
                3669,
                3670
            ],
            "30": [
                3745
            ],
            "9": [
                2104
            ],
            "36": [
                2029,
                3701
            ],
            "11": [
                1759
            ],
            "16": [
                3821
            ],
            "12": [
                2031,
                2032
            ],
            "26": [
                2134,
                3851
            ],
            "13": [
                3699
            ],
            "31": [
                3686,
                2073,
                3685
            ],
            "14": [
                2119
            ],
            "37": [
                2014
            ],
            "17": [
                1655
            ],
            "21": [
                1728
            ],
            "18": [
                1699
            ],
            "32": [
                1804
            ],
            "19": [
                3791
            ],
            "38": [
                1834,
                3774
            ],
            "22": [
                1746,
                1745
            ],
            "27": [
                4045,
                4046,
                4044
            ],
            "23": [
                1715,
                3953,
                4059
            ],
            "33": [
                1910,
                4089,
                1821
            ],
            "24": [
                4135,
                2016,
                4134
            ],
            "39": [
                4014
            ],
            "28": [
                2090,
                4031
            ],
            "34": [
                1896,
                1895,
                4210
            ],
            "29": [
                1987,
                4270,
                1986
            ],
            "40": [
                1851,
                1852
            ],
            "35": [
                4119,
                4120,
                1911
            ],
            "41": [
                4060,
                1941
            ],
            "63": [
                1893
            ],
            "64": [
                1938,
                3655
            ],
            "65": [
                2058
            ],
            "66": [
                3580,
                2088
            ],
            "68": [
                2149
            ],
            "69": [
                2148,
                2133
            ],
            "70": [
                3671
            ],
            "0": [
                3758
            ],
            "72": [
                1594,
                3728
            ],
            "73": [
                3743
            ],
            "74": [
                3714,
                1654
            ],