{
    "config": "N_1000-4080.604388225787s-1_A200",
    "num_vars": 106,
    "num_qubit": 201,
    "time_elapsed": 0.02582716941833496,
    "best_state": {
        "sample": [
            0,
            0,
            0,
            0,
            1,
            0,
            0,
            0,
            0,
            0,
            0,
            0,
            0,
            0,
            0,
            0,
            0,
            0,
            0,
            1,
            0,
            0,
            0,
            0,
            0,
            0,
            0,
            0,
            0,
            0,
            0,
            0,
            0,
            0,
            1,
            0,
            1,
            0,
            0,
            0,
            1,
            0,
            0,
            1,
            1,
            1,
            0,
            1,
            1,
            1,
            1,
            1,
            1,
            1,
            1,
            1,
            1,
            0,
            0,
            0,
            0,
            0,
            0,
            0,
            0,
            0,
            0,
            1,
            1,
            0,
            1,
            1,
            0,
            0,
            0,
            1,
            1,
            1,
            0,
            0,
            0,
            1,
            0,
            0,
            0,
            1,
            1,
            0,
            1,
            1,
            0,
            1,
            1,
            1,
            1,
            0,
            0,
            1,
            1,
            1,
            1,
            1,
            1,
            1,
            1,
            1
        ],
        "energy": 70289.0,
        "chain_break_fraction": 0.1320754716981132
    },
    "chain_strength_prefactor": 0.1,
    "chain_strength": 4080.604388225787,
    "max_chain_length": 4,
    "timing_info": {
        "qpu_sampling_time": 334800.0,
        "qpu_anneal_time_per_sample": 200.0,
        "qpu_readout_time_per_sample": 114.26,
        "qpu_access_time": 350727.97,
        "qpu_access_overhead_time": 2260.03,
        "qpu_programming_time": 15927.97,
        "qpu_delay_time_per_sample": 20.54,
        "total_post_processing_time": 34.0,
        "post_processing_overhead_time": 34.0
    },
    "embedding_info": {
        "embedding": {
            "41": [
                4620,
                4621,
                248
            ],
            "42": [
                308,
                4576
            ],
            "47": [
                4530,
                113,
                4531
            ],
            "43": [
                4800,
                279,
                278
            ],
            "48": [
                4591,
                4590,
                384,
                383
            ],
            "44": [
                369,
                4681
            ],
            "49": [
                4651,
                4650,
                414
            ],
            "45": [
                265,
                264,
                263,
                4561
            ],
            "50": [
                234,
                4665
            ],
            "46": [
                310,
                309,
                4936
            ],
            "51": [
                294,
                4815,
                293
            ],
            "52": [
                4546,
                4545,
                428
            ],
            "53": [
                354,
                4741,
                353
            ],
            "54": [
                219,
                220,
                4606
            ],
            "55": [
                339,
                338,
                4756,
                4755
            ],
            "56": [
                4696,
                4695,
                429
            ],
            "57": [
                4830,
                190,
                189
            ],
            "58": [
                4635,
                205,
                204,
                206
            ],
            "59": [
                249,
                4786,
                4680
            ],
            "60": [
                325,
                326,
                324
            ],
            "61": [
                4845,
                235
            ],
            "5": [
                4622
            ],
            "10": [
                458
            ],
            "6": [
                4575
            ],
            "15": [
                4577
            ],
            "7": [
                277
            ],
            "20": [
                4471,
                4470,
                398
            ],
            "8": [
                266
            ],
            "31": [
                535,
                534,
                4922,
                4921
            ],
            "9": [
                4935
            ],
            "36": [
                4937
            ],
            "11": [
                4560
            ],
            "16": [
                4532,
                549
            ],
            "12": [
                382
            ],
            "21": [
                4487,
                4486
            ],
            "13": [
                4652
            ],
            "26": [
                4712,
                459
            ],
            "14": [
                160,
                161
            ],
            "37": [
                506,
                4816,
                505
            ],
            "17": [
                427
            ],
            "22": [
                323,
                4455
            ],
            "18": [
                4742
            ],
            "27": [
                504,
                503,
                4636
            ],
            "19": [
                4860,
                130
            ],
            "32": [
                489,
                4607
            ],
            "23": [
                4710,
                4711,
                370
            ],
            "28": [
                4787,
                565
            ],
            "24": [
                4875,
                100
            ],
            "33": [
                430,
                4831,
                431
            ],
            "25": [
                5055
            ],
            "38": [
                5040,
                5041
            ],
            "29": [
                4995,
                250,
                4996
            ],
            "34": [
                355
            ],
            "30": [
                311,
                4980,
                5116
            ],
            "39": [
                5056
            ],
            "35": [
                280
            ],
            "40": [
                295,
                4891
            ],
            "62": [
                473
            ],
            "63": [
                399,
                4592,
                519
            ],
            "64": [
                520
            ],
            "0": [
                638
            ],
            "66": [
                4637
            ],
            "67": [
                608
            ],
            "68": [
                624,
                623
            ],
            "69": [
                474,
                4682
            ],
            "71": [
                173
            ],
            "72": [
                4440,
                4441
            ],
            "73": [
                488
            ],
            "1": [
                292
            ],
            "75": [
                4336
            ],
            "76": [
                4321
            ],