{
    "config": "N_1000-1497.3720915016963s-1_A200",
    "num_vars": 98,
    "num_qubit": 182,
    "time_elapsed": 0.023926973342895508,
    "best_state": {
        "sample": [
            0,
            0,
            1,
            1,
            0,
            0,
            0,
            0,
            0,
            0,
            0,
            0,
            0,
            0,
            0,
            0,
            1,
            1,
            0,
            0,
            0,
            0,
            0,
            0,
            0,
            0,
            0,
            0,
            0,
            0,
            0,
            0,
            0,
            0,
            0,
            0,
            0,
            1,
            0,
            0,
            0,
            0,
            0,
            0,
            0,
            0,
            0,
            0,
            0,
            0,
            0,
            0,
            1,
            0,
            1,
            0,
            1,
            1,
            1,
            1,
            1,
            1,
            1,
            1,
            1,
            1,
            1,
            1,
            1,
            1,
            1,
            1,
            0,
            0,
            0,
            0,
            0,
            0,
            0,
            0,
            0,
            0,
            0,
            0,
            0,
            0,
            0,
            0,
            0,
            0,
            0,
            0,
            0,
            0,
            0,
            0,
            0,
            0
        ],
        "energy": 293.0,
        "chain_break_fraction": 0.0
    },
    "chain_strength_prefactor": 0.4,
    "chain_strength": 1497.3720915016963,
    "max_chain_length": 4,
    "timing_info": {
        "qpu_sampling_time": 278200.0,
        "qpu_anneal_time_per_sample": 200.0,
        "qpu_readout_time_per_sample": 57.66,
        "qpu_access_time": 294126.77,
        "qpu_access_overhead_time": 1214.23,
        "qpu_programming_time": 15926.77,
        "qpu_delay_time_per_sample": 20.54,
        "total_post_processing_time": 33.0,
        "post_processing_overhead_time": 33.0
    },
    "embedding_info": {
        "embedding": {
            "37": [
                1190,
                4100
            ],
            "38": [
                1219,
                3801,
                1189
            ],
            "43": [
                1235,
                4026,
                1234
            ],
            "39": [
                1175,
                1174,
                1176
            ],
            "44": [
                1266,
                1265,
                4041
            ],
            "40": [
                1130,
                1131,
                3846
            ],
            "45": [
                1160,
                1159
            ],
            "41": [
                1220,
                3950
            ],
            "46": [
                4010,
                995,
                4011
            ],
            "42": [
                1144,
                3770,
                1145
            ],
            "47": [
                3965,
                3966
            ],
            "48": [
                3876,
                3875
            ],
            "49": [
                1280,
                3861,
                3860
            ],
            "50": [
                1250,
                1251,
                3891
            ],
            "51": [
                1205,
                1204
            ],
            "52": [
                1055,
                3995,
                3996,
                1054
            ],
            "53": [
                3920,
                1070,
                4025,
                3921
            ],
            "54": [
                1100,
                3815,
                3814,
                3816
            ],
            "55": [
                3935,
                1115,
                3934
            ],
            "56": [
                1085,
                3905
            ],
            "57": [
                3980,
                3979,
                3981
            ],
            "7": [
                1177
            ],
            "16": [
                4175,
                4176
            ],
            "8": [
                1129
            ],
            "21": [
                4265,
                1132
            ],
            "9": [
                1099
            ],
            "32": [
                4206,
                1146
            ],
            "10": [
                1267
            ],
            "17": [
                4145,
                1116,
                1011
            ],
            "11": [
                3785
            ],
            "22": [
                4130,
                1161
            ],
            "12": [
                996
            ],
            "27": [
                4070
            ],
            "13": [
                1024
            ],
            "23": [
                1281,
                4146
            ],
            "14": [
                4220,
                952,
                4221
            ],
            "28": [
                4056,
                4055
            ],
            "15": [
                3725
            ],
            "33": [
                1206
            ],
            "18": [
                1009,
                3830
            ],
            "24": [
                1056,
                4205
            ],
            "19": [
                965,
                966,
                964
            ],
            "29": [
                4099,
                936
            ],
            "20": [
                3784,
                859
            ],
            "34": [
                830,
                4039,
                829
            ],
            "25": [
                1010,
                4084,
                891
            ],
            "30": [
                890
            ],
            "26": [
                3844,
                3845
            ],
            "35": [
                3904,
                875
            ],
            "31": [
                3978,
                755
            ],
            "36": [
                845
            ],
            "0": [
                1102
            ],
            "58": [
                1087
            ],
            "59": [
                4280
            ],
            "1": [
                4085
            ],
            "61": [
                1086
            ],
            "62": [
                1101
            ],
            "2": [
                4116
            ],
            "64": [
                1236
            ],
            "65": [
                4071
            ],
            "3": [
                1192
            ],
            "67": [
                4326
            ],
            "68": [
                4191,
                1297,
                4190
            ],
            "69": [
                4189,
                937
            ],
            "70": [
                4098,
                861
            ],
            "71": [
                815,
                814
            ],
            "4": [
                1114
            ],
            "75": [
                3800
            ],
            "76": [
                1039
            ],
            "77": [
                3769
            ],
            "78": [
                994,
                3919
            ],
            "79": [
                1040,
                3949
            ],
            "80": [
                905
            ],
            "5": [
                4279
            ],
            "85": [
                4264
            ],