{
    "config": "N_1000-8475.076056959606s-1_A200",
    "num_vars": 64,
    "num_qubit": 112,
    "time_elapsed": 0.02048635482788086,
    "best_state": {
        "sample": [
            1,
            0,
            0,
            1,
            0,
            1,
            0,
            0,
            0,
            0,
            0,
            0,
            0,
            0,
            0,
            0,
            0,
            0,
            0,
            0,
            0,
            0,
            0,
            0,
            0,
            1,
            0,
            0,
            1,
            1,
            1,
            0,
            0,
            1,
            1,
            0,
            0,
            0,
            0,
            1,
            1,
            1,
            1,
            1,
            1,
            1,
            1,
            1,
            1,
            0,
            0,
            0,
            0,
            0,
            0,
            0,
            0,
            0,
            0,
            0,
            0,
            0,
            0,
            0
        ],
        "energy": 1849.0,
        "chain_break_fraction": 0.015625
    },
    "chain_strength": 8475.076056959606,
    "max_chain_length": 3,
    "timing_info": {
        "qpu_sampling_time": 291440.0,
        "qpu_anneal_time_per_sample": 200.0,
        "qpu_readout_time_per_sample": 70.9,
        "qpu_access_time": 307365.57,
        "qpu_access_overhead_time": 2005.43,
        "qpu_programming_time": 15925.57,
        "qpu_delay_time_per_sample": 20.54,
        "total_post_processing_time": 1.0,
        "post_processing_overhead_time": 1.0
    },
    "embedding_info": {
        "embedding": {
            "24": [
                5025,
                251,
                5026
            ],
            "25": [
                5176,
                207,
                5175
            ],
            "30": [
                222,
                5116
            ],
            "26": [
                342,
                341
            ],
            "31": [
                5131,
                312
            ],
            "27": [
                5102,
                5101,
                5100
            ],
            "32": [
                296,
                5071
            ],
            "28": [
                5161,
                461
            ],
            "33": [
                5147,
                5146
            ],
            "29": [
                432,
                5266,
                431
            ],
            "34": [
                327,
                5160
            ],
            "35": [
                5191,
                5190
            ],
            "36": [
                5041,
                281,
                282
            ],
            "37": [
                372,
                371
            ],
            "38": [
                267,
                5205,
                5206
            ],
            "39": [
                357,
                356
            ],
            "40": [
                447,
                446,
                5221
            ],
            "41": [
                297,
                5281
            ],
            "42": [
                417,
                5086
            ],
            "43": [
                388,
                387,
                5251
            ],
            "44": [
                5236,
                402
            ],
            "2": [
                416
            ],
            "5": [
                191
            ],
            "3": [
                208
            ],
            "7": [
                206
            ],
            "4": [
                5087
            ],
            "16": [
                506,
                507
            ],
            "6": [
                567
            ],
            "17": [
                492
            ],
            "8": [
                162
            ],
            "11": [
                193,
                5325,
                192
            ],
            "9": [
                5311
            ],
            "14": [
                283
            ],
            "10": [
                5340
            ],
            "20": [
                268,
                5400
            ],
            "12": [
                553,
                5326,
                5327
            ],
            "18": [
                5295,
                5296,
                5297
            ],
            "13": [
                5355
            ],
            "21": [
                238
            ],
            "15": [
                5401
            ],
            "22": [
                358,
                5386
            ],
            "19": [
                403
            ],
            "23": [
                462,
                5237
            ],
            "45": [
                4980,
                4981
            ],
            "0": [
                401
            ],
            "47": [
                4952,
                491
            ],
            "49": [
                5385
            ],
            "50": [
                5370
            ],
            "52": [
                5265,
                132
            ],
            "53": [
                223
            ],
            "55": [
                313,
                5476
            ],
            "1": [
                597
            ],
            "56": [
                5072
            ],
            "57": [
                552
            ],
            "58": [
                5222,
                477
            ],
            "59": [
                5312
            ],
            "62": [
                328
            ],
            "63": [
                5416
            ],
            "64": [
                5341,
                373
            ],
            "54": [
                252,
                5250
            ],
            "60": [
                5282
            ],
            "61": [
                418
            ],
            "65": [
                239,
                5461
            ],
            "66": [
                343,
                5356
            ]
        },
        "chain_break_method": "majority_vote",
        "embedding_parameters": {},
        "chain_strength": 8475.076056959606
    }
}