{
    "config": "F_1000-10010.684477011344s-1_A200",
    "num_vars": 58,
    "num_qubit": 179,
    "time_elapsed": 0.023004531860351562,
    "best_state": {
        "sample": [
            0,
            1,
            0,
            1,
            0,
            0,
            0,
            0,
            0,
            0,
            0,
            0,
            0,
            0,
            0,
            0,
            0,
            0,
            0,
            0,
            0,
            0,
            0,
            0,
            0,
            0,
            0,
            0,
            0,
            0,
            0,
            0,
            1,
            1,
            0,
            0,
            0,
            1,
            1,
            1,
            0,
            0,
            0,
            1,
            1,
            0,
            0,
            0,
            0,
            0,
            0,
            0,
            0,
            0,
            0,
            1,
            0,
            0
        ],
        "energy": 3172.0,
        "chain_break_fraction": 0.06896551724137931
    },
    "chain_strength": 10010.684477011344,
    "max_chain_length": 5,
    "timing_info": {
        "qpu_sampling_time": 296300.0,
        "qpu_anneal_time_per_sample": 200.0,
        "qpu_readout_time_per_sample": 75.76,
        "qpu_access_time": 312229.57,
        "qpu_access_overhead_time": 63612.43,
        "qpu_programming_time": 15929.57,
        "qpu_delay_time_per_sample": 20.54,
        "total_post_processing_time": 62.0,
        "post_processing_overhead_time": 62.0
    },
    "embedding_info": {
        "embedding": {
            "37": [
                2172,
                5186,
                2173
            ],
            "38": [
                5246,
                2323,
                2322,
                5247
            ],
            "43": [
                5140,
                5141,
                5142,
                2261
            ],
            "39": [
                5231,
                5232,
                2217
            ],
            "44": [
                2308,
                2307,
                5262
            ],
            "40": [
                2113,
                2112,
                5411
            ],
            "45": [
                2292,
                5171,
                5170
            ],
            "41": [
                2187,
                2188
            ],
            "46": [
                5201,
                5200,
                1962
            ],
            "42": [
                5307,
                5306,
                2157,
                5305
            ],
            "47": [
                5157,
                5156,
                5155,
                2231,
                1992
            ],
            "48": [
                2262,
                2263
            ],
            "49": [
                5351,
                2143,
                2142,
                2144
            ],
            "50": [
                2081,
                5321,
                5322,
                2082
            ],
            "51": [
                2277,
                2276
            ],
            "52": [
                2218,
                2203,
                5292
            ],
            "53": [
                2247,
                5337,
                5261
            ],
            "54": [
                5366,
                2232,
                2158
            ],
            "55": [
                2097,
                5291,
                2096
            ],
            "56": [
                5275,
                5276,
                5277,
                1993
            ],
            "57": [
                2127,
                5216,
                5215,
                1977
            ],
            "3": [
                2324
            ],
            "11": [
                2067,
                5245
            ],
            "4": [
                5651,
                5650,
                2114
            ],
            "21": [
                2068,
                5410,
                2069
            ],
            "5": [
                5380,
                5381
            ],
            "26": [
                5336,
                2023,
                5335
            ],
            "6": [
                1888,
                5544,
                1887
            ],
            "32": [
                1903,
                1902
            ],
            "7": [
                5562,
                2368,
                2369,
                2367
            ],
            "12": [
                1947,
                1948
            ],
            "8": [
                5457,
                5456,
                2354
            ],
            "16": [
                5472,
                5471,
                5470
            ],
            "9": [
                2038,
                5260,
                2039
            ],
            "27": [
                1963,
                5425
            ],
            "10": [
                1842,
                5320,
                1843,
                1844
            ],
            "33": [
                1933,
                5394,
                1932
            ],
            "13": [
                5487,
                2278
            ],
            "17": [
                5502,
                2339
            ],
            "14": [
                5665,
                5666,
                1934,
                5559
            ],
            "22": [
                2159,
                5591,
                5592
            ],
            "15": [
                2008,
                2009,
                5365,
                5515
            ],
            "28": [
                5516,
                5517,
                2083
            ],
            "18": [
                5605,
                5606,
                2219
            ],
            "23": [
                2204,
                5561,
                5560
            ],
            "19": [
                5396,
                2293,
                2294,
                5395
            ],
            "29": [
                2248,
                5546,
                5545
            ],
            "20": [
                5486,
                5485,
                2189
            ],
            "34": [
                5439,
                5441,
                2233,
                5440
            ],
            "24": [
                2053,
                2052,
                2054
            ],
            "30": [
                2098,
                2099,
                5530
            ],
            "25": [
                1917,
                1918,
                1919,
                5529
            ],
            "35": [
                5501,
                5500,
                2129,
                1994
            ],
            "31": [
                5350,
                5349,
                2128
            ],
            "36": [
                1978,
                5454,
                5455,
                2024
            ],
            "0": [
                2174,
                5531,
                2309
            ],
            "1": [
                5590,
                1979
            ],
            "2": [
                5379,
                1873,
                1858
            ]
        },
        "chain_break_method": "majority_vote",
        "embedding_parameters": {},
        "chain_strength": 10010.684477011344
    }
}