{
    "config": "N_1000-1026.0250591680576s-1_A200",
    "num_vars": 98,
    "num_qubit": 189,
    "time_elapsed": 0.02651500701904297,
    "best_state": {
        "sample": [
            0,
            1,
            0,
            0,
            0,
            0,
            0,
            0,
            0,
            0,
            0,
            1,
            1,
            0,
            0,
            0,
            0,
            0,
            0,
            0,
            0,
            0,
            0,
            0,
            0,
            0,
            0,
            0,
            1,
            0,
            0,
            0,
            0,
            0,
            0,
            0,
            0,
            0,
            0,
            1,
            1,
            0,
            0,
            0,
            1,
            1,
            0,
            0,
            1,
            1,
            0,
            0,
            1,
            0,
            0,
            0,
            0,
            0,
            1,
            1,
            1,
            1,
            0,
            0,
            1,
            0,
            0,
            0,
            0,
            0,
            0,
            0,
            0,
            0,
            0,
            0,
            0,
            0,
            0,
            0,
            0,
            0,
            1,
            1,
            1,
            1,
            1,
            1,
            1,
            1,
            0,
            0,
            0,
            0,
            0,
            0,
            0,
            0
        ],
        "energy": 298.0,
        "chain_break_fraction": 0.02040816326530612
    },
    "chain_strength_prefactor": 0.2,
    "chain_strength": 1026.0250591680576,
    "max_chain_length": 4,
    "timing_info": {
        "qpu_sampling_time": 298400.0,
        "qpu_anneal_time_per_sample": 200.0,
        "qpu_readout_time_per_sample": 77.86,
        "qpu_access_time": 314323.17,
        "qpu_access_overhead_time": 1898.83,
        "qpu_programming_time": 15923.17,
        "qpu_delay_time_per_sample": 20.54,
        "total_post_processing_time": 22.0,
        "post_processing_overhead_time": 22.0
    },
    "embedding_info": {
        "embedding": {
            "37": [
                5137,
                1452
            ],
            "38": [
                1451,
                5017,
                4971,
                4972
            ],
            "43": [
                5061,
                1346,
                5062
            ],
            "39": [
                5182,
                5181,
                1511
            ],
            "44": [
                5152,
                1437,
                1436
            ],
            "40": [
                1316,
                4986,
                1317
            ],
            "45": [
                1301,
                1302,
                5031
            ],
            "41": [
                5016,
                1376
            ],
            "46": [
                1331,
                1330
            ],
            "42": [
                1360,
                1361
            ],
            "47": [
                5107,
                1467
            ],
            "48": [
                1392,
                1391,
                5196
            ],
            "49": [
                5046,
                5047,
                1226
            ],
            "50": [
                5091,
                1256,
                1257
            ],
            "51": [
                1482,
                5092,
                1481
            ],
            "52": [
                1406,
                1407
            ],
            "53": [
                1541,
                5167,
                5166,
                1540
            ],
            "54": [
                5078,
                5079,
                5077
            ],
            "55": [
                5001,
                1271,
                5002
            ],
            "56": [
                4957,
                1421
            ],
            "57": [
                1571,
                5123,
                5121,
                5122
            ],
            "3": [
                4927
            ],
            "11": [
                4956
            ],
            "4": [
                5108
            ],
            "16": [
                1286,
                1287
            ],
            "5": [
                5241
            ],
            "21": [
                4985,
                1091
            ],
            "6": [
                1362
            ],
            "32": [
                4851,
                4852
            ],
            "7": [
                1466
            ],
            "12": [
                1181
            ],
            "8": [
                4987,
                1555
            ],
            "17": [
                5151
            ],
            "9": [
                5226
            ],
            "22": [
                4910,
                4911
            ],
            "10": [
                1332
            ],
            "27": [
                4836,
                1315
            ],
            "13": [
                1227
            ],
            "23": [
                1225,
                4941
            ],
            "14": [
                5361,
                1258
            ],
            "28": [
                1255
            ],
            "15": [
                5153
            ],
            "33": [
                1480
            ],
            "18": [
                5301,
                5302,
                1273
            ],
            "24": [
                1405,
                4777,
                4778
            ],
            "19": [
                1542
            ],
            "29": [
                4913
            ],
            "20": [
                1632
            ],
            "34": [
                1721,
                1720
            ],
            "25": [
                1526,
                1527,
                1525
            ],
            "30": [
                1601,
                5003,
                1602
            ],
            "26": [
                1496,
                4943,
                5032
            ],
            "35": [
                4958,
                4959
            ],
            "31": [
                1676,
                5063
            ],
            "36": [
                5124
            ],
            "58": [
                4926,
                1165
            ],
            "59": [
                1150,
                4850
            ],
            "61": [
                1195,
                1196
            ],
            "62": [
                4835,
                1075
            ],
            "64": [
                4942
            ],
            "65": [
                4866,
                1345
            ],
            "66": [
                4882,
                4881
            ],
            "0": [
                1556,
                5093
            ],
            "68": [
                1586
            ],
            "69": [
                4928,
                1585
            ],
            "70": [
                1615
            ],
            "71": [
                4853,
                1690,
                1691
            ],
            "72": [
                5183,
                1752
            ],
            "76": [
                1212
            ],
            "77": [
                5286
            ],
            "78": [
                5287,
                5288
            ],
            "79": [
                1616,
                1617
            ],
            "80": [
                4973
            ],