{
    "config": "N_1000-2052.0501183361152s-1_A200",
    "num_vars": 98,
    "num_qubit": 182,
    "time_elapsed": 0.023279190063476562,
    "best_state": {
        "sample": [
            0,
            1,
            0,
            0,
            0,
            0,
            0,
            0,
            0,
            0,
            0,
            0,
            0,
            0,
            0,
            0,
            0,
            0,
            0,
            0,
            0,
            0,
            0,
            0,
            1,
            0,
            1,
            1,
            1,
            0,
            0,
            0,
            0,
            0,
            0,
            0,
            0,
            1,
            1,
            0,
            0,
            0,
            1,
            1,
            0,
            0,
            0,
            1,
            0,
            0,
            0,
            0,
            0,
            0,
            1,
            1,
            1,
            1,
            0,
            0,
            0,
            1,
            0,
            0,
            1,
            0,
            0,
            0,
            0,
            0,
            0,
            0,
            0,
            1,
            1,
            1,
            1,
            1,
            0,
            0,
            1,
            0,
            0,
            0,
            1,
            1,
            1,
            1,
            1,
            1,
            0,
            0,
            0,
            0,
            0,
            0,
            0,
            0
        ],
        "energy": 274.0,
        "chain_break_fraction": 0.0
    },
    "chain_strength_prefactor": 0.4,
    "chain_strength": 2052.0501183361152,
    "max_chain_length": 4,
    "timing_info": {
        "qpu_sampling_time": 306720.0,
        "qpu_anneal_time_per_sample": 200.0,
        "qpu_readout_time_per_sample": 86.18,
        "qpu_access_time": 322485.17,
        "qpu_access_overhead_time": 3260.83,
        "qpu_programming_time": 15765.17,
        "qpu_delay_time_per_sample": 20.54,
        "total_post_processing_time": 1.0,
        "post_processing_overhead_time": 1.0
    },
    "embedding_info": {
        "embedding": {
            "37": [
                4885,
                2065,
                4886
            ],
            "38": [
                2035,
                4720,
                2036
            ],
            "43": [
                2064,
                4735
            ],
            "39": [
                4840,
                2050,
                4839
            ],
            "44": [
                1990,
                4765
            ],
            "40": [
                4810,
                2125,
                4809
            ],
            "45": [
                4825,
                2020,
                4824
            ],
            "41": [
                4855,
                2005,
                2006
            ],
            "46": [
                1960,
                1959,
                4780
            ],
            "42": [
                4915,
                1930
            ],
            "47": [
                1914,
                1915
            ],
            "48": [
                4750,
                4751,
                1855
            ],
            "49": [
                4795,
                4796
            ],
            "50": [
                1975,
                1974,
                1976
            ],
            "51": [
                1900,
                4900,
                1899
            ],
            "52": [
                1840,
                4719
            ],
            "53": [
                1870,
                1869,
                4960
            ],
            "54": [
                4869,
                4870,
                1750
            ],
            "55": [
                4975,
                1885,
                1884
            ],
            "56": [
                4854,
                1945,
                4853
            ],
            "57": [
                4944,
                4945
            ],
            "3": [
                4721
            ],
            "11": [
                4961
            ],
            "4": [
                4690,
                2049
            ],
            "16": [
                2080,
                4976
            ],
            "5": [
                1795
            ],
            "21": [
                1811,
                4929,
                4931,
                4930
            ],
            "6": [
                5095,
                2007
            ],
            "26": [
                2109,
                2110
            ],
            "7": [
                4736
            ],
            "12": [
                4734
            ],
            "8": [
                1825
            ],
            "22": [
                4749,
                1810
            ],
            "9": [
                1961
            ],
            "27": [
                4644,
                4645
            ],
            "10": [
                4989
            ],
            "32": [
                1913
            ],
            "13": [
                1944
            ],
            "17": [
                2094,
                2095
            ],
            "14": [
                5034,
                5035
            ],
            "28": [
                4660
            ],
            "15": [
                4899
            ],
            "33": [
                1898
            ],
            "18": [
                1765,
                1766,
                4884
            ],
            "23": [
                1734,
                4658
            ],
            "19": [
                1796,
                4959
            ],
            "29": [
                4689,
                1839
            ],
            "20": [
                1735,
                4988,
                1736
            ],
            "34": [
                1749,
                4764
            ],
            "24": [
                4913,
                1600,
                4914
            ],
            "30": [
                4673,
                4674,
                1614
            ],
            "25": [
                1630,
                1645
            ],
            "35": [
                1660
            ],
            "31": [
                1570,
                4943
            ],
            "36": [
                1690,
                4868
            ],
            "58": [
                2021
            ],
            "59": [
                4946
            ],
            "61": [
                1779
            ],
            "62": [
                4629
            ],
            "64": [
                2079
            ],
            "65": [
                4675
            ],
            "66": [
                1989,
                4540
            ],
            "0": [
                4705
            ],
            "68": [
                1929
            ],
            "69": [
                4659
            ],
            "70": [
                4704,
                1809
            ],
            "71": [
                1764,
                4628,
                1703
            ],
            "72": [
                1704,
                1705
            ],
            "1": [
                1780
            ],
            "76": [
                4794
            ],
            "77": [
                4779
            ],
            "78": [
                4808,
                1689
            ],
            "79": [
                4733
            ],
            "80": [
                4718,
                1554
            ],