{
    "config": "L_1000-82.0416888519332s-1_A200",
    "num_vars": 93,
    "num_qubit": 207,
    "time_elapsed": 0.027893543243408203,
    "best_state": {
        "sample": [
            0,
            0,
            1,
            1,
            0,
            0,
            0,
            1,
            0,
            0,
            1,
            0,
            0,
            0,
            0,
            0,
            0,
            1,
            0,
            1,
            0,
            1,
            0,
            1,
            0,
            0,
            0,
            0,
            0,
            0,
            1,
            0,
            0,
            0,
            0,
            0,
            0,
            0,
            0,
            0,
            0,
            0,
            0,
            0,
            1,
            0,
            0,
            0,
            0,
            0,
            0,
            0,
            0,
            0,
            0,
            0,
            0,
            0,
            1,
            0,
            0,
            0,
            0,
            0,
            0,
            0,
            0,
            0,
            1,
            0,
            1,
            0,
            1,
            0,
            0,
            0,
            0,
            0,
            0,
            0,
            0,
            0,
            0,
            0,
            0,
            0,
            0,
            0,
            0,
            0,
            0,
            0,
            0
        ],
        "energy": 153.0,
        "chain_break_fraction": 0.010752688172043012
    },
    "chain_strength_prefactor": 0.3,
    "chain_strength": 82.0416888519332,
    "max_chain_length": 4,
    "timing_info": {
        "qpu_sampling_time": 285260.0,
        "qpu_anneal_time_per_sample": 200.0,
        "qpu_readout_time_per_sample": 64.72,
        "qpu_access_time": 301188.37,
        "qpu_access_overhead_time": 2095.63,
        "qpu_programming_time": 15928.37,
        "qpu_delay_time_per_sample": 20.54,
        "total_post_processing_time": 1.0,
        "post_processing_overhead_time": 1.0
    },
    "embedding_info": {
        "embedding": {
            "3": [
                4328,
                4327,
                1507
            ],
            "0": [
                4341,
                4342,
                1282,
                1477
            ],
            "6": [
                4057,
                1431,
                1432,
                4056
            ],
            "9": [
                4313,
                4312,
                1657
            ],
            "12": [
                4298,
                4297,
                4299,
                1927
            ],
            "16": [
                1461,
                4102,
                1462
            ],
            "20": [
                1491,
                4058,
                1492
            ],
            "24": [
                1447,
                1448,
                4177,
                1446
            ],
            "1": [
                4206
            ],
            "2": [
                1146,
                4251
            ],
            "4": [
                1552,
                4373
            ],
            "5": [
                1582
            ],
            "7": [
                4221,
                1176,
                1175
            ],
            "8": [
                1190
            ],
            "10": [
                1701,
                4239
            ],
            "11": [
                1761,
                1762,
                4074
            ],
            "13": [
                1776,
                1777
            ],
            "14": [
                1852,
                4194
            ],
            "15": [
                4269
            ],
            "17": [
                4043,
                4042
            ],
            "18": [
                1505
            ],
            "19": [
                1520
            ],
            "21": [
                1521,
                4117,
                1536,
                4118
            ],
            "22": [
                1596
            ],
            "23": [
                4223
            ],
            "25": [
                1356,
                4131
            ],
            "26": [
                4237,
                1417
            ],
            "27": [
                4252
            ],
            "43": [
                1206
            ],
            "44": [
                4115
            ],
            "51": [
                1658,
                4463
            ],
            "59": [
                4389,
                1732,
                4388
            ],
            "76": [
                1642,
                1643,
                1641
            ],
            "85": [
                4403,
                4402,
                1628
            ],
            "52": [
                1702,
                4343
            ],
            "60": [
                4358,
                4359
            ],
            "77": [
                1597,
                4238
            ],
            "86": [
                4282,
                4281,
                1567
            ],
            "28": [
                1221,
                1220,
                1222
            ],
            "66": [
                4011,
                4012
            ],
            "87": [
                1326,
                4176,
                1325
            ],
            "29": [
                4161,
                1191
            ],
            "67": [
                4041,
                1281,
                1250
            ],
            "88": [
                1251,
                4071
            ],
            "31": [
                1612,
                4268,
                1613
            ],
            "61": [
                4284,
                4283
            ],
            "68": [
                4103,
                1730,
                1731
            ],
            "32": [
                1672,
                1673,
                1671
            ],
            "62": [
                4254,
                1686,
                1685
            ],
            "69": [
                4044,
                1760
            ],
            "34": [
                4329,
                1882,
                1881
            ],
            "53": [
                4209,
                1807
            ],
            "78": [
                4059,
                1746,
                4164
            ],
            "35": [
                4374,
                1853
            ],
            "54": [
                4344,
                1792
            ],
            "79": [
                1716,
                1717
            ],
            "45": [
                3951,
                3952,
                1340
            ],
            "56": [
                1580,
                3998,
                1656
            ],
            "80": [
                1535
            ],
            "89": [
                4027,
                1311,
                4028
            ],
            "46": [
                1430,
                3996,
                3997
            ],
            "57": [
                3983,
                3982,
                1700
            ],
            "81": [
                1476,
                4073,
                1475
            ],
            "90": [
                3967,
                1385,
                1355
            ],
            "37": [
                1627,
                4193
            ],
            "63": [
                4179,
                1837,
                4178
            ],
            "70": [
                1581,
                4087
            ],