{
    "config": "N_1000-204.72982555208762s-1_A200",
    "num_vars": 68,
    "num_qubit": 125,
    "time_elapsed": 0.026248455047607422,
    "best_state": {
        "sample": [
            1,
            0,
            0,
            0,
            0,
            1,
            0,
            1,
            0,
            0,
            0,
            0,
            0,
            0,
            0,
            1,
            0,
            0,
            0,
            0,
            0,
            0,
            0,
            0,
            0,
            0,
            0,
            0,
            0,
            0,
            1,
            1,
            1,
            1,
            1,
            1,
            0,
            0,
            1,
            1,
            0,
            1,
            1,
            1,
            1,
            1,
            1,
            1,
            1,
            1,
            0,
            0,
            0,
            0,
            0,
            1,
            1,
            1,
            1,
            1,
            0,
            0,
            0,
            0,
            0,
            0,
            0,
            0
        ],
        "energy": 74.0,
        "chain_break_fraction": 0.014705882352941176
    },
    "chain_strength_prefactor": 0.25,
    "chain_strength": 204.72982555208762,
    "max_chain_length": 3,
    "timing_info": {
        "qpu_sampling_time": 325580.0,
        "qpu_anneal_time_per_sample": 200.0,
        "qpu_readout_time_per_sample": 105.04,
        "qpu_access_time": 341505.97,
        "qpu_access_overhead_time": 1535.03,
        "qpu_programming_time": 15925.97,
        "qpu_delay_time_per_sample": 20.54,
        "total_post_processing_time": 46.0,
        "post_processing_overhead_time": 46.0
    },
    "embedding_info": {
        "embedding": {
            "25": [
                880,
                881,
                4789
            ],
            "26": [
                835,
                4864,
                4848
            ],
            "31": [
                4910,
                4909
            ],
            "27": [
                941,
                940,
                5059
            ],
            "32": [
                4925,
                4924,
                1106
            ],
            "28": [
                4849
            ],
            "33": [
                1031,
                1030,
                5029
            ],
            "29": [
                4804,
                895
            ],
            "34": [
                4894,
                4895
            ],
            "30": [
                926,
                925
            ],
            "35": [
                911,
                910
            ],
            "36": [
                1045,
                4865,
                4775
            ],
            "37": [
                985,
                986,
                984
            ],
            "38": [
                4818,
                850,
                4819
            ],
            "39": [
                4940,
                4939,
                1060
            ],
            "40": [
                1015,
                4955
            ],
            "41": [
                865,
                4879,
                4880
            ],
            "42": [
                4999,
                1000,
                5000
            ],
            "43": [
                970,
                4984,
                969
            ],
            "44": [
                4835,
                4834
            ],
            "45": [
                955,
                956,
                4714
            ],
            "1": [
                4983
            ],
            "7": [
                775
            ],
            "2": [
                5060
            ],
            "10": [
                4760,
                4759
            ],
            "3": [
                4805
            ],
            "18": [
                834,
                4774
            ],
            "4": [
                927
            ],
            "21": [
                4954
            ],
            "5": [
                5105
            ],
            "14": [
                5074,
                5075
            ],
            "6": [
                912
            ],
            "22": [
                4969
            ],
            "8": [
                5120
            ],
            "15": [
                851,
                5044
            ],
            "9": [
                4820
            ],
            "19": [
                819,
                820
            ],
            "11": [
                1091,
                1090,
                1092
            ],
            "16": [
                1076
            ],
            "12": [
                4791,
                1120
            ],
            "20": [
                1150,
                1149
            ],
            "13": [
                1180,
                1181
            ],
            "23": [
                1136
            ],
            "17": [
                1166,
                1165
            ],
            "24": [
                1196,
                1195
            ],
            "46": [
                4744
            ],
            "47": [
                760,
                761
            ],
            "0": [
                5089
            ],
            "49": [
                866
            ],
            "51": [
                4998
            ],
            "53": [
                1121,
                4985
            ],
            "54": [
                4941
            ],
            "55": [
                4926
            ],
            "58": [
                1107
            ],
            "59": [
                5165
            ],
            "60": [
                5106,
                1137
            ],
            "63": [
                1164
            ],
            "64": [
                4715
            ],
            "66": [
                5180,
                5179
            ],
            "67": [
                5136,
                1227
            ],
            "68": [
                5151
            ],
            "56": [
                4790,
                1105
            ],
            "57": [
                4850,
                1225
            ],
            "61": [
                5045,
                1016
            ],
            "62": [
                5090
            ],
            "65": [
                4730,
                4729
            ],
            "69": [
                5014,
                896,
                5015
            ],
            "70": [
                5030,
                1151
            ]
        },
        "chain_break_method": "majority_vote",
        "embedding_parameters": {},
        "chain_strength": 204.72982555208762
    }
}