{
    "config": "N_1000-327.5677208833402s-1_A200",
    "num_vars": 68,
    "num_qubit": 121,
    "time_elapsed": 0.04656338691711426,
    "best_state": {
        "sample": [
            1,
            0,
            0,
            0,
            0,
            1,
            0,
            1,
            0,
            0,
            0,
            0,
            0,
            0,
            1,
            0,
            0,
            0,
            0,
            0,
            0,
            0,
            0,
            0,
            0,
            0,
            0,
            0,
            0,
            1,
            1,
            1,
            1,
            1,
            1,
            1,
            1,
            0,
            1,
            1,
            0,
            1,
            1,
            1,
            1,
            1,
            1,
            1,
            1,
            0,
            0,
            0,
            0,
            1,
            1,
            1,
            1,
            1,
            0,
            0,
            0,
            0,
            0,
            0,
            0,
            0,
            0,
            0
        ],
        "energy": 74.0,
        "chain_break_fraction": 0.0
    },
    "chain_strength_prefactor": 0.4,
    "chain_strength": 327.5677208833402,
    "max_chain_length": 3,
    "timing_info": {
        "qpu_sampling_time": 317820.0,
        "qpu_anneal_time_per_sample": 200.0,
        "qpu_readout_time_per_sample": 97.28,
        "qpu_access_time": 333747.57,
        "qpu_access_overhead_time": 1774.43,
        "qpu_programming_time": 15927.57,
        "qpu_delay_time_per_sample": 20.54,
        "total_post_processing_time": 102.0,
        "post_processing_overhead_time": 102.0
    },
    "embedding_info": {
        "embedding": {
            "25": [
                1973,
                4570
            ],
            "26": [
                1943,
                1942,
                4510
            ],
            "31": [
                1989,
                4600,
                1988
            ],
            "27": [
                4464,
                1793,
                4465
            ],
            "32": [
                1883,
                4509,
                1884
            ],
            "28": [
                1913,
                1912
            ],
            "33": [
                1839,
                4615
            ],
            "29": [
                4585,
                4584
            ],
            "34": [
                1854,
                4689
            ],
            "30": [
                4525,
                4524,
                1748
            ],
            "35": [
                4554,
                4555
            ],
            "36": [
                1853,
                4435
            ],
            "37": [
                1898,
                1897
            ],
            "38": [
                4539,
                4540,
                1958
            ],
            "39": [
                1778,
                4449,
                4450
            ],
            "40": [
                4479,
                1838
            ],
            "41": [
                1929,
                4674,
                1928
            ],
            "42": [
                1763,
                4419,
                4420
            ],
            "43": [
                4629,
                1868,
                4628
            ],
            "44": [
                1809,
                1808,
                4644
            ],
            "45": [
                1824,
                4569
            ],
            "1": [
                4405
            ],
            "7": [
                4314
            ],
            "2": [
                1792
            ],
            "10": [
                1882
            ],
            "3": [
                1659
            ],
            "17": [
                1688,
                1687,
                4599
            ],
            "4": [
                1747
            ],
            "21": [
                4448
            ],
            "5": [
                1914,
                4659
            ],
            "13": [
                2003,
                2004
            ],
            "6": [
                4688
            ],
            "18": [
                1764,
                4704
            ],
            "8": [
                4359
            ],
            "11": [
                1867,
                4390
            ],
            "9": [
                1899
            ],
            "14": [
                4360
            ],
            "12": [
                1762
            ],
            "22": [
                1717,
                4404
            ],
            "15": [
                1644,
                1643
            ],
            "19": [
                1749,
                4673
            ],
            "16": [
                4434,
                1732
            ],
            "23": [
                4494,
                4493
            ],
            "20": [
                1703
            ],
            "24": [
                1568,
                4568
            ],
            "46": [
                4298,
                4299
            ],
            "47": [
                1702
            ],
            "0": [
                4690
            ],
            "49": [
                4705
            ],
            "51": [
                1957
            ],
            "53": [
                1777
            ],
            "54": [
                4344
            ],
            "56": [
                4734,
                4735
            ],
            "57": [
                1718,
                1719
            ],
            "58": [
                1733
            ],
            "61": [
                4703
            ],
            "62": [
                1629
            ],
            "63": [
                4538
            ],
            "66": [
                4389
            ],
            "67": [
                1673,
                4508
            ],
            "68": [
                4523
            ],
            "55": [
                4329
            ],
            "59": [
                4375,
                4374,
                4373
            ],
            "60": [
                1658,
                4478
            ],
            "64": [
                4643
            ],
            "65": [
                1674,
                4614
            ],
            "69": [
                1598,
                4463
            ],
            "70": [
                1613
            ]
        },
        "chain_break_method": "majority_vote",
        "embedding_parameters": {},
        "chain_strength": 327.5677208833402
    }
}