{
    "config": "N_1000-14282.115358790254s-1_A200",
    "num_vars": 106,
    "num_qubit": 202,
    "time_elapsed": 0.025998592376708984,
    "best_state": {
        "sample": [
            0,
            0,
            0,
            0,
            1,
            0,
            0,
            0,
            0,
            0,
            0,
            0,
            0,
            0,
            0,
            0,
            0,
            0,
            0,
            0,
            0,
            0,
            0,
            0,
            0,
            0,
            0,
            0,
            0,
            0,
            0,
            1,
            1,
            0,
            0,
            0,
            1,
            0,
            0,
            0,
            1,
            0,
            0,
            0,
            0,
            0,
            0,
            0,
            1,
            1,
            0,
            0,
            1,
            1,
            0,
            0,
            1,
            0,
            0,
            0,
            0,
            0,
            0,
            0,
            0,
            0,
            0,
            0,
            1,
            0,
            0,
            0,
            0,
            0,
            0,
            0,
            0,
            0,
            0,
            0,
            0,
            0,
            0,
            0,
            0,
            0,
            0,
            0,
            0,
            0,
            0,
            0,
            0,
            0,
            1,
            1,
            1,
            1,
            1,
            1,
            1,
            1,
            1,
            1,
            1,
            1
        ],
        "energy": 1942.0,
        "chain_break_fraction": 0.0
    },
    "chain_strength_prefactor": 0.35,
    "chain_strength": 14282.115358790254,
    "max_chain_length": 4,
    "timing_info": {
        "qpu_sampling_time": 299700.0,
        "qpu_anneal_time_per_sample": 200.0,
        "qpu_readout_time_per_sample": 79.16,
        "qpu_access_time": 315625.97,
        "qpu_access_overhead_time": 2120.03,
        "qpu_programming_time": 15925.97,
        "qpu_delay_time_per_sample": 20.54,
        "total_post_processing_time": 1.0,
        "post_processing_overhead_time": 1.0
    },
    "embedding_info": {
        "embedding": {
            "41": [
                4106,
                4107
            ],
            "42": [
                2391,
                2392,
                4033
            ],
            "47": [
                2361,
                4137,
                4138
            ],
            "43": [
                2347,
                4302,
                2346
            ],
            "48": [
                2300,
                4017,
                2301,
                4018
            ],
            "44": [
                4001,
                4002,
                2166,
                2167
            ],
            "49": [
                4136,
                2151
            ],
            "45": [
                4196,
                4197,
                2316
            ],
            "50": [
                4121,
                2481,
                4122,
                4228
            ],
            "46": [
                2196,
                2197,
                4032
            ],
            "51": [
                4047,
                2211
            ],
            "52": [
                4182,
                4183,
                2436,
                2271
            ],
            "53": [
                4152,
                2256,
                2255
            ],
            "54": [
                2331,
                2332,
                4092
            ],
            "55": [
                4167,
                4166
            ],
            "56": [
                4212,
                4211
            ],
            "57": [
                2286,
                4062,
                2287
            ],
            "58": [
                4076,
                4077,
                2106,
                2270
            ],
            "59": [
                4227,
                4226
            ],
            "60": [
                2076,
                4151
            ],
            "61": [
                2136,
                4091,
                4090
            ],
            "5": [
                4108
            ],
            "10": [
                4063,
                2450
            ],
            "6": [
                4034
            ],
            "15": [
                4078
            ],
            "7": [
                2466,
                2467
            ],
            "20": [
                2587,
                4303
            ],
            "8": [
                2330
            ],
            "26": [
                2137,
                4271
            ],
            "9": [
                4015,
                4016
            ],
            "36": [
                4331
            ],
            "11": [
                2556
            ],
            "16": [
                2601
            ],
            "12": [
                2496,
                2495
            ],
            "21": [
                2527,
                2526
            ],
            "13": [
                2377,
                2378
            ],
            "31": [
                2482,
                4393
            ],
            "14": [
                4046
            ],
            "37": [
                4242,
                2212
            ],
            "17": [
                2437
            ],
            "22": [
                2542,
                4333,
                2543
            ],
            "18": [
                3972
            ],
            "27": [
                4286,
                4287
            ],
            "19": [
                2333
            ],
            "32": [
                4317,
                2317
            ],
            "23": [
                2407,
                4332,
                2362
            ],
            "28": [
                2241,
                2242
            ],
            "24": [
                2288,
                4542,
                4527
            ],
            "33": [
                2257,
                4362
            ],
            "25": [
                2017,
                2016,
                2018
            ],
            "38": [
                2107,
                4391
            ],
            "29": [
                2032,
                4241
            ],
            "34": [
                4316,
                2182,
                2302
            ],
            "30": [
                4150
            ],
            "39": [
                4270,
                2046
            ],
            "35": [
                1956,
                1957
            ],
            "40": [
                2002,
                2001
            ],
            "62": [
                2511,
                2512
            ],
            "63": [
                4377,
                4376,
                4378
            ],
            "64": [
                2152
            ],
            "0": [
                2600
            ],
            "66": [
                2585,
                2586
            ],
            "67": [
                4288
            ],
            "68": [
                4348,
                2497
            ],
            "69": [
                4243
            ],
            "71": [
                2572,
                2571
            ],
            "72": [
                4273,
                4272
            ],
            "73": [
                2421,
                2422
            ],
            "1": [
                4168
            ],