{
    "config": "N_1000-8161.208776451574s-1_A200",
    "num_vars": 106,
    "num_qubit": 200,
    "time_elapsed": 0.03485226631164551,
    "best_state": {
        "sample": [
            0,
            0,
            1,
            0,
            0,
            0,
            0,
            0,
            0,
            0,
            0,
            0,
            0,
            0,
            0,
            0,
            0,
            0,
            0,
            0,
            0,
            0,
            0,
            0,
            0,
            1,
            1,
            0,
            1,
            0,
            0,
            0,
            0,
            0,
            1,
            0,
            1,
            0,
            0,
            0,
            0,
            1,
            1,
            1,
            0,
            1,
            1,
            0,
            0,
            0,
            0,
            0,
            1,
            0,
            0,
            1,
            0,
            0,
            0,
            1,
            1,
            1,
            0,
            1,
            1,
            0,
            0,
            0,
            0,
            0,
            0,
            1,
            0,
            0,
            0,
            0,
            0,
            0,
            0,
            0,
            1,
            1,
            1,
            1,
            1,
            1,
            1,
            1,
            0,
            0,
            0,
            1,
            1,
            0,
            0,
            0,
            0,
            0,
            0,
            0,
            0,
            1,
            1,
            1,
            1,
            1
        ],
        "energy": 2012.0,
        "chain_break_fraction": 0.018867924528301886
    },
    "chain_strength_prefactor": 0.2,
    "chain_strength": 8161.208776451574,
    "max_chain_length": 4,
    "timing_info": {
        "qpu_sampling_time": 294820.0,
        "qpu_anneal_time_per_sample": 200.0,
        "qpu_readout_time_per_sample": 74.28,
        "qpu_access_time": 310744.37,
        "qpu_access_overhead_time": 2433.63,
        "qpu_programming_time": 15924.37,
        "qpu_delay_time_per_sample": 20.54,
        "total_post_processing_time": 35.0,
        "post_processing_overhead_time": 35.0
    },
    "embedding_info": {
        "embedding": {
            "41": [
                4165,
                2016
            ],
            "42": [
                4015,
                2001,
                4014
            ],
            "47": [
                1896,
                4255,
                1895
            ],
            "43": [
                1971,
                1970
            ],
            "48": [
                4119,
                4120,
                1776
            ],
            "44": [
                4045,
                4046
            ],
            "49": [
                1986,
                4000
            ],
            "45": [
                2046,
                2045,
                4150
            ],
            "50": [
                2061,
                2060,
                4195
            ],
            "46": [
                1941,
                4179,
                4180,
                1940
            ],
            "51": [
                4104,
                4105,
                1806
            ],
            "52": [
                4210,
                1837,
                1836
            ],
            "53": [
                4031,
                4030,
                2031
            ],
            "54": [
                4075,
                4076
            ],
            "55": [
                1865,
                4089
            ],
            "56": [
                1955,
                1956,
                3985
            ],
            "57": [
                1850,
                3955,
                3954,
                1851
            ],
            "58": [
                4059,
                4060,
                1761
            ],
            "59": [
                3970,
                1910
            ],
            "60": [
                1925,
                1926
            ],
            "61": [
                3939,
                1880,
                3940
            ],
            "5": [
                2017
            ],
            "10": [
                1671,
                4164,
                4163
            ],
            "6": [
                1731,
                1730
            ],
            "15": [
                4013
            ],
            "7": [
                2150
            ],
            "25": [
                4044,
                1745
            ],
            "8": [
                2044
            ],
            "30": [
                1881,
                4134,
                4135
            ],
            "9": [
                4178
            ],
            "35": [
                1746,
                4209
            ],
            "11": [
                1762,
                4254
            ],
            "16": [
                4256
            ],
            "12": [
                1777
            ],
            "20": [
                2076,
                4196
            ],
            "13": [
                3775,
                2059
            ],
            "31": [
                2106,
                4061
            ],
            "14": [
                4103
            ],
            "36": [
                4224,
                4225,
                1791
            ],
            "17": [
                4344
            ],
            "21": [
                4268,
                4269,
                4270
            ],
            "18": [
                3971,
                2105
            ],
            "26": [
                4029,
                1656
            ],
            "19": [
                3968,
                3969
            ],
            "37": [
                1626,
                4088
            ],
            "22": [
                3820,
                2015,
                3821
            ],
            "27": [
                3984
            ],
            "23": [
                1849
            ],
            "32": [
                3925,
                3924,
                3923
            ],
            "24": [
                1760,
                1759
            ],
            "38": [
                1699,
                1700
            ],
            "28": [
                1909,
                3759
            ],
            "33": [
                2030
            ],
            "29": [
                3744,
                1789,
                1924
            ],
            "39": [
                3895,
                3894,
                1985
            ],
            "34": [
                3909,
                1805,
                1894
            ],
            "40": [
                3819,
                1835,
                3880
            ],
            "62": [
                3999,
                3998
            ],
            "63": [
                1821
            ],
            "64": [
                4149
            ],
            "0": [
                2032
            ],
            "66": [
                4241
            ],
            "67": [
                2167
            ],
            "68": [
                4211
            ],
            "69": [
                4226
            ],
            "71": [
                4283
            ],
            "72": [
                1701,
                4118
            ],
            "73": [
                4148
            ],
            "1": [
                1792
            ],
            "75": [
                4329
            ],