{
    "config": "N_1000-10201.510970564466s-1_A200",
    "num_vars": 106,
    "num_qubit": 205,
    "time_elapsed": 0.05992913246154785,
    "best_state": {
        "sample": [
            0,
            1,
            0,
            0,
            0,
            0,
            0,
            0,
            0,
            0,
            0,
            1,
            0,
            0,
            0,
            0,
            0,
            0,
            0,
            0,
            1,
            1,
            0,
            0,
            0,
            0,
            0,
            0,
            0,
            0,
            0,
            0,
            0,
            0,
            0,
            0,
            0,
            0,
            0,
            0,
            0,
            0,
            0,
            0,
            0,
            0,
            0,
            1,
            0,
            1,
            1,
            1,
            0,
            1,
            1,
            1,
            1,
            1,
            1,
            0,
            0,
            1,
            0,
            1,
            1,
            0,
            0,
            1,
            1,
            1,
            1,
            1,
            1,
            1,
            1,
            1,
            1,
            1,
            1,
            1,
            0,
            0,
            0,
            0,
            0,
            0,
            0,
            0,
            0,
            0,
            0,
            0,
            0,
            0,
            0,
            0,
            0,
            0,
            0,
            0,
            0,
            0,
            0,
            0,
            0,
            0
        ],
        "energy": 1994.0,
        "chain_break_fraction": 0.009433962264150943
    },
    "chain_strength_prefactor": 0.25,
    "chain_strength": 10201.510970564466,
    "max_chain_length": 4,
    "timing_info": {
        "qpu_sampling_time": 326920.0,
        "qpu_anneal_time_per_sample": 200.0,
        "qpu_readout_time_per_sample": 106.38,
        "qpu_access_time": 342682.37,
        "qpu_access_overhead_time": 2225.63,
        "qpu_programming_time": 15762.37,
        "qpu_delay_time_per_sample": 20.54,
        "total_post_processing_time": 59.0,
        "post_processing_overhead_time": 59.0
    },
    "embedding_info": {
        "embedding": {
            "41": [
                673,
                672
            ],
            "42": [
                5418,
                643,
                642
            ],
            "47": [
                5387,
                5388,
                583
            ],
            "43": [
                612,
                5267,
                5268
            ],
            "48": [
                658,
                657,
                5463
            ],
            "44": [
                717,
                718,
                5298
            ],
            "49": [
                5434,
                5433,
                868
            ],
            "45": [
                5254,
                5253,
                778
            ],
            "50": [
                764,
                5448,
                763
            ],
            "46": [
                837,
                5193,
                5192
            ],
            "51": [
                5329,
                5328
            ],
            "52": [
                5284,
                5283
            ],
            "53": [
                733,
                5373
            ],
            "54": [
                808,
                5464,
                823,
                822
            ],
            "55": [
                5419,
                913,
                838
            ],
            "56": [
                5313,
                688,
                687
            ],
            "57": [
                792,
                793,
                5403
            ],
            "58": [
                5223,
                807,
                5299
            ],
            "59": [
                5359,
                5358,
                5357
            ],
            "60": [
                5343,
                5344,
                748
            ],
            "61": [
                928,
                5314
            ],
            "5": [
                5341,
                5342
            ],
            "10": [
                5177
            ],
            "6": [
                5417
            ],
            "15": [
                5162,
                641
            ],
            "7": [
                569,
                568
            ],
            "20": [
                5222
            ],
            "8": [
                716
            ],
            "25": [
                5372,
                628,
                627,
                5252
            ],
            "9": [
                5270,
                5269
            ],
            "36": [
                5238,
                5239,
                942
            ],
            "11": [
                5402
            ],
            "16": [
                5386
            ],
            "12": [
                659
            ],
            "21": [
                537,
                538,
                5207
            ],
            "13": [
                866,
                867
            ],
            "26": [
                5432
            ],
            "14": [
                762
            ],
            "31": [
                5583,
                5582
            ],
            "17": [
                5103,
                732
            ],
            "27": [
                734,
                5478
            ],
            "18": [
                821
            ],
            "32": [
                779,
                5509
            ],
            "19": [
                5420
            ],
            "37": [
                897,
                898
            ],
            "22": [
                5148,
                626
            ],
            "28": [
                5658,
                689
            ],
            "23": [
                791,
                5088,
                5089
            ],
            "33": [
                5628,
                794
            ],
            "24": [
                853,
                852
            ],
            "38": [
                5163,
                5164,
                806
            ],
            "29": [
                1017,
                1018
            ],
            "34": [
                883,
                882,
                5449
            ],
            "30": [
                1078,
                5345
            ],
            "39": [
                1062,
                5240,
                1002
            ],
            "35": [
                1033,
                5389
            ],
            "40": [
                958,
                5374,
                957
            ],
            "62": [
                567
            ],
            "63": [
                507,
                5132
            ],
            "64": [
                5237
            ],
            "0": [
                5356
            ],
            "66": [
                493
            ],
            "67": [
                5462,
                433
            ],
            "68": [
                5447,
                478
            ],
            "69": [
                584
            ],
            "71": [
                613
            ],
            "72": [
                5494,
                5493
            ],
            "73": [
                899
            ],
            "1": [
                554
            ],
            "75": [
                5552
            ],