{
    "config": "L_1000-5806.4598086958285s-1_A200",
    "num_vars": 104,
    "num_qubit": 298,
    "time_elapsed": 0.03488588333129883,
    "best_state": {
        "sample": [
            0,
            1,
            0,
            1,
            0,
            0,
            0,
            1,
            0,
            1,
            0,
            0,
            0,
            0,
            1,
            1,
            0,
            0,
            1,
            1,
            0,
            1,
            0,
            1,
            0,
            0,
            1,
            0,
            0,
            0,
            0,
            1,
            1,
            1,
            0,
            0,
            0,
            0,
            0,
            0,
            0,
            1,
            0,
            1,
            0,
            0,
            0,
            0,
            1,
            0,
            0,
            0,
            0,
            0,
            0,
            0,
            0,
            0,
            1,
            0,
            0,
            0,
            0,
            0,
            0,
            0,
            0,
            0,
            0,
            0,
            0,
            0,
            0,
            0,
            0,
            0,
            0,
            0,
            0,
            0,
            0,
            0,
            1,
            0,
            0,
            0,
            0,
            0,
            0,
            0,
            0,
            0,
            0,
            0,
            0,
            0,
            0,
            0,
            0,
            0,
            0,
            0,
            0,
            0
        ],
        "energy": 8124.0,
        "chain_break_fraction": 0.019230769230769232
    },
    "chain_strength_prefactor": 0.3,
    "chain_strength": 5806.4598086958285,
    "max_chain_length": 5,
    "timing_info": {
        "qpu_sampling_time": 340960.0,
        "qpu_anneal_time_per_sample": 200.0,
        "qpu_readout_time_per_sample": 120.42,
        "qpu_access_time": 356887.57,
        "qpu_access_overhead_time": 2985.43,
        "qpu_programming_time": 15927.57,
        "qpu_delay_time_per_sample": 20.54,
        "total_post_processing_time": 388.0,
        "post_processing_overhead_time": 388.0
    },
    "embedding_info": {
        "embedding": {
            "3": [
                4937,
                4938,
                4936
            ],
            "0": [
                4922,
                4923,
                4921
            ],
            "6": [
                4997,
                581,
                4996,
                4995
            ],
            "9": [
                387,
                386,
                388,
                5146
            ],
            "12": [
                372,
                373,
                371,
                5116,
                5115
            ],
            "16": [
                5341,
                657,
                656,
                655,
                5342
            ],
            "20": [
                552,
                5072,
                5071,
                551,
                553
            ],
            "1": [
                4818,
                700,
                4817
            ],
            "2": [
                670,
                4863
            ],
            "4": [
                4832,
                4831,
                475
            ],
            "5": [
                505,
                504
            ],
            "7": [
                567,
                566,
                5087,
                5102
            ],
            "8": [
                4982
            ],
            "10": [
                5222,
                5221,
                5223,
                612
            ],
            "11": [
                432,
                5356
            ],
            "13": [
                163,
                5355,
                162,
                161,
                160
            ],
            "14": [
                5235,
                192
            ],
            "15": [
                132,
                131,
                5040
            ],
            "17": [
                748,
                5313,
                5312,
                747
            ],
            "18": [
                658,
                5508,
                5448,
                749
            ],
            "19": [
                688
            ],
            "21": [
                461,
                5117,
                462,
                463
            ],
            "22": [
                5236,
                402
            ],
            "23": [
                5237
            ],
            "33": [
                715,
                4803
            ],
            "69": [
                4906,
                4907,
                4908,
                355
            ],
            "83": [
                761,
                5058,
                4893
            ],
            "34": [
                685,
                4878,
                760
            ],
            "70": [
                4846,
                4847,
                4845,
                4848
            ],
            "84": [
                746,
                745
            ],
            "24": [
                4772,
                4773,
                535,
                4771
            ],
            "44": [
                4862,
                625
            ],
            "71": [
                370,
                4786,
                4861
            ],
            "94": [
                4712,
                565,
                4711,
                550
            ],
            "25": [
                520,
                4802,
                624,
                4697
            ],
            "45": [
                4892,
                490
            ],
            "72": [
                4800,
                4801
            ],
            "95": [
                459,
                460,
                4651
            ],
            "35": [
                596,
                595,
                5012
            ],
            "58": [
                611,
                5148,
                5147
            ],
            "73": [
                5057,
                5056
            ],
            "85": [
                626,
                5177
            ],
            "96": [
                506,
                5011,
                5042
            ],
            "36": [
                4968,
                610
            ],
            "59": [
                687,
                686,
                5283
            ],
            "74": [
                4953,
                4952,
                4951,
                4950,
                536
            ],
            "86": [
                641,
                640,
                5088
            ],
            "97": [
                521,
                4967,
                5027
            ],
            "46": [
                582,
                583
            ],
            "75": [
                5266,
                5265,
                5267
            ],
            "87": [
                523,
                5357,
                627
            ],
            "98": [
                477,
                5206,
                476,
                5252
            ],
            "47": [
                5327,
                538,
                537,
                5192
            ],
            "76": [
                5326,
                238,
                343,
                5431
            ],
            "88": [
                5432,
                628,
                508
            ],