{
    "config": "N_1000-19599.92715029864s-1_A200",
    "num_vars": 72,
    "num_qubit": 111,
    "time_elapsed": 0.020099878311157227,
    "best_state": {
        "sample": [
            0,
            0,
            1,
            0,
            0,
            0,
            0,
            0,
            0,
            0,
            0,
            1,
            0,
            0,
            0,
            0,
            0,
            0,
            0,
            0,
            0,
            0,
            0,
            0,
            1,
            0,
            1,
            0,
            0,
            1,
            0,
            0,
            1,
            0,
            0,
            0,
            0,
            0,
            0,
            1,
            0,
            1,
            1,
            0,
            0,
            0,
            1,
            1,
            1,
            0,
            0,
            0,
            0,
            0,
            0,
            0,
            0,
            0,
            0,
            0,
            0,
            0,
            0,
            0,
            1,
            1,
            1,
            1,
            1,
            1,
            1,
            1
        ],
        "energy": 2861.0,
        "chain_break_fraction": 0.0
    },
    "chain_strength_prefactor": 0.35,
    "chain_strength": 19599.92715029864,
    "max_chain_length": 3,
    "timing_info": {
        "qpu_sampling_time": 288260.0,
        "qpu_anneal_time_per_sample": 200.0,
        "qpu_readout_time_per_sample": 67.72,
        "qpu_access_time": 304189.17,
        "qpu_access_overhead_time": 1585.83,
        "qpu_programming_time": 15929.17,
        "qpu_delay_time_per_sample": 20.54,
        "total_post_processing_time": 20.0,
        "post_processing_overhead_time": 20.0
    },
    "embedding_info": {
        "embedding": {
            "29": [
                4196,
                2167
            ],
            "30": [
                2212
            ],
            "34": [
                4212,
                2241
            ],
            "31": [
                2197
            ],
            "35": [
                2256,
                4286
            ],
            "32": [
                4241,
                4242
            ],
            "36": [
                2362,
                4182,
                4181
            ],
            "33": [
                2137,
                4316
            ],
            "37": [
                2182,
                4211
            ],
            "38": [
                2271,
                2272,
                4227
            ],
            "39": [
                4256,
                4257
            ],
            "40": [
                2107,
                4270,
                4271
            ],
            "41": [
                4347,
                2287,
                4346
            ],
            "42": [
                4301,
                2302
            ],
            "43": [
                2152,
                2151
            ],
            "3": [
                4197
            ],
            "6": [
                4195
            ],
            "4": [
                2347
            ],
            "19": [
                2061
            ],
            "5": [
                2138
            ],
            "24": [
                2047,
                4315
            ],
            "7": [
                4151
            ],
            "11": [
                2301
            ],
            "8": [
                2258,
                2257
            ],
            "15": [
                4152,
                2316
            ],
            "9": [
                4317
            ],
            "20": [
                2121,
                4135
            ],
            "10": [
                2183
            ],
            "25": [
                2017
            ],
            "12": [
                4422,
                2288
            ],
            "16": [
                4166,
                4167
            ],
            "13": [
                2317
            ],
            "21": [
                2091
            ],
            "14": [
                2108
            ],
            "26": [
                4345,
                2002
            ],
            "17": [
                2422
            ],
            "22": [
                4331
            ],
            "18": [
                2303,
                4451
            ],
            "27": [
                4407
            ],
            "23": [
                2168,
                4406
            ],
            "28": [
                4361
            ],
            "0": [
                1941
            ],
            "44": [
                4180
            ],
            "45": [
                2046
            ],
            "47": [
                2286
            ],
            "48": [
                4077,
                4076
            ],
            "49": [
                2016
            ],
            "51": [
                2076
            ],
            "52": [
                4285
            ],
            "1": [
                2273
            ],
            "54": [
                4481,
                2243
            ],
            "55": [
                2242
            ],
            "56": [
                2227
            ],
            "57": [
                4437,
                2348
            ],
            "60": [
                4302
            ],
            "61": [
                4332,
                2332
            ],
            "62": [
                4362,
                4377
            ],
            "63": [
                4376
            ],
            "2": [
                2153
            ],
            "67": [
                4436
            ],
            "68": [
                2123,
                4421
            ],
            "69": [
                4450
            ],
            "70": [
                4466,
                4465
            ],
            "71": [
                2213,
                4526
            ],
            "58": [
                2407,
                2406
            ],
            "59": [
                4452
            ],
            "64": [
                2032,
                4226
            ],
            "65": [
                2092,
                4300
            ],
            "66": [
                2122
            ],
            "72": [
                4330
            ],
            "73": [
                4392,
                4391,
                2062
            ],
            "74": [
                2198
            ]
        },
        "chain_break_method": "majority_vote",
        "embedding_parameters": {},
        "chain_strength": 19599.92715029864
    }
}