{
    "config": "N_1000-11199.958371599223s-1_A200",
    "num_vars": 72,
    "num_qubit": 115,
    "time_elapsed": 0.0410003662109375,
    "best_state": {
        "sample": [
            0,
            1,
            0,
            0,
            0,
            0,
            0,
            0,
            0,
            0,
            0,
            1,
            0,
            0,
            0,
            0,
            0,
            0,
            0,
            0,
            1,
            0,
            1,
            0,
            0,
            0,
            0,
            0,
            0,
            1,
            1,
            1,
            0,
            1,
            0,
            0,
            0,
            0,
            0,
            0,
            0,
            0,
            1,
            1,
            0,
            0,
            1,
            1,
            1,
            0,
            1,
            0,
            0,
            0,
            0,
            0,
            0,
            0,
            1,
            1,
            1,
            1,
            1,
            1,
            1,
            1,
            0,
            0,
            0,
            0,
            0,
            0
        ],
        "energy": 2861.0,
        "chain_break_fraction": 0.027777777777777776
    },
    "chain_strength_prefactor": 0.2,
    "chain_strength": 11199.958371599223,
    "max_chain_length": 3,
    "timing_info": {
        "qpu_sampling_time": 285540.0,
        "qpu_anneal_time_per_sample": 200.0,
        "qpu_readout_time_per_sample": 65.0,
        "qpu_access_time": 301464.37,
        "qpu_access_overhead_time": 2499.63,
        "qpu_programming_time": 15924.37,
        "qpu_delay_time_per_sample": 20.54,
        "total_post_processing_time": 13.0,
        "post_processing_overhead_time": 13.0
    },
    "embedding_info": {
        "embedding": {
            "29": [
                1865,
                3939,
                3938
            ],
            "30": [
                1806,
                4104
            ],
            "34": [
                3999,
                1821
            ],
            "31": [
                1880,
                4045
            ],
            "35": [
                4030,
                4029
            ],
            "32": [
                4044,
                1700
            ],
            "36": [
                1714,
                1715,
                3923
            ],
            "33": [
                4088,
                4089
            ],
            "37": [
                1731,
                1730
            ],
            "38": [
                1851,
                4075
            ],
            "39": [
                4074,
                1685
            ],
            "40": [
                4164,
                1761
            ],
            "41": [
                1746,
                1745,
                4014
            ],
            "42": [
                1836,
                4149
            ],
            "43": [
                1776,
                4059
            ],
            "3": [
                1775
            ],
            "6": [
                3984
            ],
            "4": [
                1986
            ],
            "15": [
                3954
            ],
            "5": [
                4043
            ],
            "20": [
                3894,
                1760
            ],
            "7": [
                1656,
                3998
            ],
            "11": [
                1790
            ],
            "8": [
                2001
            ],
            "16": [
                1925
            ],
            "9": [
                4103
            ],
            "21": [
                3879,
                3880
            ],
            "10": [
                1732
            ],
            "25": [
                4225,
                4224
            ],
            "12": [
                1971
            ],
            "17": [
                4133,
                4134
            ],
            "13": [
                4073
            ],
            "22": [
                1686,
                4148
            ],
            "14": [
                1762
            ],
            "26": [
                4284,
                1866
            ],
            "18": [
                4118,
                1716
            ],
            "23": [
                4254,
                1747,
                4255
            ],
            "19": [
                1881,
                1882
            ],
            "27": [
                1837
            ],
            "24": [
                1777,
                4344
            ],
            "28": [
                1822,
                4179
            ],
            "0": [
                3969
            ],
            "44": [
                1805
            ],
            "45": [
                1820
            ],
            "47": [
                3924,
                1835
            ],
            "48": [
                3895
            ],
            "49": [
                1955,
                1956
            ],
            "51": [
                1701,
                4163
            ],
            "52": [
                4283
            ],
            "54": [
                4150
            ],
            "55": [
                1911,
                4180
            ],
            "56": [
                4240
            ],
            "57": [
                1896,
                4269
            ],
            "1": [
                4028
            ],
            "61": [
                1641
            ],
            "62": [
                4058,
                1626
            ],
            "63": [
                1611
            ],
            "64": [
                4209,
                4208
            ],
            "65": [
                1807
            ],
            "2": [
                1717
            ],
            "69": [
                4374
            ],
            "70": [
                4359
            ],
            "71": [
                1867
            ],
            "72": [
                4314
            ],
            "58": [
                1941,
                1940
            ],
            "59": [
                1926,
                4119
            ],
            "60": [
                4195,
                4194
            ],
            "66": [
                1671,
                1670
            ],
            "67": [
                4268,
                1672
            ],
            "68": [
                4239
            ],
            "73": [
                4210
            ],
            "74": [
                1852
            ]
        },
        "chain_break_method": "majority_vote",
        "embedding_parameters": {},
        "chain_strength": 11199.958371599223
    }
}