{
    "config": "N_1000-22399.916743198446s-1_A200",
    "num_vars": 72,
    "num_qubit": 114,
    "time_elapsed": 0.053243160247802734,
    "best_state": {
        "sample": [
            0,
            1,
            0,
            0,
            0,
            0,
            0,
            0,
            0,
            0,
            0,
            1,
            0,
            0,
            0,
            1,
            0,
            1,
            0,
            0,
            0,
            0,
            0,
            0,
            0,
            0,
            0,
            0,
            0,
            1,
            1,
            0,
            1,
            1,
            0,
            0,
            0,
            1,
            0,
            1,
            1,
            1,
            1,
            1,
            0,
            1,
            1,
            1,
            1,
            1,
            1,
            1,
            1,
            1,
            1,
            1,
            1,
            1,
            1,
            0,
            0,
            0,
            0,
            0,
            0,
            0,
            0,
            0,
            0,
            0,
            0,
            0
        ],
        "energy": 2861.0,
        "chain_break_fraction": 0.0
    },
    "chain_strength_prefactor": 0.4,
    "chain_strength": 22399.916743198446,
    "max_chain_length": 3,
    "timing_info": {
        "qpu_sampling_time": 283240.0,
        "qpu_anneal_time_per_sample": 200.0,
        "qpu_readout_time_per_sample": 62.7,
        "qpu_access_time": 299164.37,
        "qpu_access_overhead_time": 1610.63,
        "qpu_programming_time": 15924.37,
        "qpu_delay_time_per_sample": 20.54,
        "total_post_processing_time": 1.0,
        "post_processing_overhead_time": 1.0
    },
    "embedding_info": {
        "embedding": {
            "29": [
                3338,
                1592,
                1516
            ],
            "30": [
                1517,
                3412
            ],
            "34": [
                1487,
                1488
            ],
            "31": [
                3503
            ],
            "35": [
                1623,
                3488
            ],
            "32": [
                3458,
                1577
            ],
            "36": [
                3473,
                3472,
                1682
            ],
            "33": [
                1547,
                1546
            ],
            "37": [
                3518,
                1593,
                3519
            ],
            "38": [
                1502,
                3562
            ],
            "39": [
                3397,
                1457,
                1458
            ],
            "40": [
                3547,
                1578
            ],
            "41": [
                1563,
                1562
            ],
            "42": [
                1638,
                3533
            ],
            "43": [
                1532,
                1533,
                3623
            ],
            "3": [
                3308
            ],
            "6": [
                3339
            ],
            "4": [
                1473
            ],
            "15": [
                1607,
                3368
            ],
            "5": [
                1697
            ],
            "20": [
                3382
            ],
            "7": [
                3442
            ],
            "11": [
                3323
            ],
            "8": [
                3577,
                1413,
                3578
            ],
            "16": [
                1622
            ],
            "9": [
                3548
            ],
            "21": [
                1427
            ],
            "10": [
                1594
            ],
            "25": [
                3517,
                1308
            ],
            "12": [
                1503
            ],
            "17": [
                3428,
                3427
            ],
            "13": [
                3398,
                1652
            ],
            "22": [
                3457
            ],
            "14": [
                1579
            ],
            "26": [
                3546
            ],
            "18": [
                1683,
                3608
            ],
            "23": [
                3683,
                3682
            ],
            "19": [
                1639
            ],
            "27": [
                1608,
                3637,
                3638
            ],
            "24": [
                3727,
                1459
            ],
            "28": [
                3742
            ],
            "0": [
                1742
            ],
            "44": [
                1757
            ],
            "45": [
                3383
            ],
            "47": [
                1637
            ],
            "48": [
                3352,
                3353
            ],
            "49": [
                1397,
                3502
            ],
            "51": [
                1367
            ],
            "52": [
                1352
            ],
            "1": [
                3622
            ],
            "54": [
                3607
            ],
            "55": [
                1518
            ],
            "56": [
                3668
            ],
            "57": [
                1624
            ],
            "58": [
                3653
            ],
            "62": [
                3563,
                1712
            ],
            "63": [
                1653,
                3593
            ],
            "64": [
                1548,
                3592
            ],
            "65": [
                1443,
                1444
            ],
            "2": [
                1609
            ],
            "69": [
                3803
            ],
            "70": [
                3788
            ],
            "71": [
                1564,
                3698
            ],
            "72": [
                1474
            ],
            "59": [
                3443
            ],
            "60": [
                1668,
                1667
            ],
            "61": [
                3743,
                1669
            ],
            "66": [
                1412,
                3487
            ],
            "67": [
                1382,
                1383
            ],
            "68": [
                3667
            ],
            "73": [
                1398
            ],
            "74": [
                1489,
                3652
            ]
        },
        "chain_break_method": "majority_vote",
        "embedding_parameters": {},
        "chain_strength": 22399.916743198446
    }
}