{
    "config": "N_1000-13999.94796449903s-1_A200",
    "num_vars": 72,
    "num_qubit": 115,
    "time_elapsed": 0.02091670036315918,
    "best_state": {
        "sample": [
            0,
            1,
            0,
            0,
            0,
            0,
            0,
            1,
            0,
            0,
            0,
            0,
            0,
            0,
            0,
            1,
            0,
            0,
            0,
            0,
            0,
            1,
            0,
            1,
            0,
            0,
            0,
            0,
            0,
            0,
            0,
            0,
            0,
            0,
            1,
            1,
            0,
            1,
            1,
            0,
            1,
            0,
            1,
            1,
            0,
            1,
            0,
            0,
            1,
            1,
            1,
            0,
            0,
            1,
            1,
            1,
            1,
            1,
            1,
            1,
            1,
            1,
            1,
            1,
            1,
            1,
            0,
            0,
            0,
            0,
            0,
            0
        ],
        "energy": 3399.0,
        "chain_break_fraction": 0.013888888888888888
    },
    "chain_strength_prefactor": 0.25,
    "chain_strength": 13999.94796449903,
    "max_chain_length": 3,
    "timing_info": {
        "qpu_sampling_time": 293920.0,
        "qpu_anneal_time_per_sample": 200.0,
        "qpu_readout_time_per_sample": 73.38,
        "qpu_access_time": 309847.97,
        "qpu_access_overhead_time": 1382.03,
        "qpu_programming_time": 15927.97,
        "qpu_delay_time_per_sample": 20.54,
        "total_post_processing_time": 1.0,
        "post_processing_overhead_time": 1.0
    },
    "embedding_info": {
        "embedding": {
            "29": [
                3974,
                3973,
                2735
            ],
            "30": [
                3884,
                2720,
                2721
            ],
            "34": [
                4049,
                2600,
                4048
            ],
            "31": [
                2629,
                2630
            ],
            "35": [
                3989,
                2615,
                3988
            ],
            "32": [
                3838,
                3839
            ],
            "36": [
                2584,
                3854,
                2585
            ],
            "33": [
                3824
            ],
            "37": [
                2675,
                2674
            ],
            "38": [
                3899,
                2645
            ],
            "39": [
                2599,
                3869
            ],
            "40": [
                2690,
                2689
            ],
            "41": [
                2569,
                2570,
                3763
            ],
            "42": [
                3794,
                2614
            ],
            "43": [
                2644,
                3704
            ],
            "3": [
                2450
            ],
            "6": [
                3972
            ],
            "4": [
                4093
            ],
            "15": [
                3913,
                3912
            ],
            "5": [
                2479
            ],
            "20": [
                2434
            ],
            "7": [
                2510
            ],
            "11": [
                2435
            ],
            "8": [
                4108
            ],
            "16": [
                2480
            ],
            "9": [
                2524,
                3793
            ],
            "21": [
                2540,
                3823
            ],
            "10": [
                3929
            ],
            "25": [
                2840,
                3944,
                2839
            ],
            "12": [
                2660,
                3928
            ],
            "17": [
                3898
            ],
            "13": [
                3613,
                2598
            ],
            "22": [
                3778,
                2659
            ],
            "14": [
                3779
            ],
            "26": [
                3749
            ],
            "18": [
                3658
            ],
            "23": [
                3674,
                2583
            ],
            "19": [
                3809,
                2749
            ],
            "27": [
                2704
            ],
            "24": [
                3614,
                2613
            ],
            "28": [
                2643
            ],
            "0": [
                3987
            ],
            "44": [
                2330
            ],
            "45": [
                3927
            ],
            "47": [
                3942
            ],
            "48": [
                3958,
                3957
            ],
            "49": [
                3943
            ],
            "51": [
                2495,
                2494
            ],
            "52": [
                3748
            ],
            "54": [
                4034,
                2556
            ],
            "55": [
                2555,
                2554
            ],
            "56": [
                3689
            ],
            "57": [
                2719
            ],
            "1": [
                2464
            ],
            "61": [
                3718
            ],
            "62": [
                3673,
                2433
            ],
            "63": [
                2508
            ],
            "64": [
                2493,
                3553
            ],
            "65": [
                3598
            ],
            "2": [
                3914
            ],
            "69": [
                2779
            ],
            "70": [
                3764
            ],
            "71": [
                2733,
                2734
            ],
            "72": [
                3629
            ],
            "58": [
                2419,
                3883
            ],
            "59": [
                2449,
                2448
            ],
            "60": [
                3644,
                3643
            ],
            "66": [
                3853,
                2509
            ],
            "67": [
                3733
            ],
            "68": [
                2628
            ],
            "73": [
                3734
            ],
            "74": [
                2763,
                3659
            ]
        },
        "chain_break_method": "majority_vote",
        "embedding_parameters": {},
        "chain_strength": 13999.94796449903
    }
}