{
    "config": "N_1000-4028.891280561966s-1_A200",
    "num_vars": 102,
    "num_qubit": 195,
    "time_elapsed": 0.031325340270996094,
    "best_state": {
        "sample": [
            0,
            0,
            1,
            0,
            0,
            1,
            0,
            0,
            0,
            0,
            0,
            0,
            0,
            0,
            0,
            0,
            0,
            0,
            1,
            1,
            0,
            0,
            0,
            0,
            0,
            0,
            0,
            0,
            0,
            0,
            0,
            0,
            0,
            0,
            0,
            0,
            0,
            0,
            0,
            1,
            1,
            0,
            1,
            0,
            0,
            1,
            0,
            1,
            0,
            0,
            0,
            1,
            0,
            0,
            1,
            1,
            0,
            0,
            0,
            0,
            0,
            1,
            1,
            1,
            1,
            1,
            1,
            1,
            1,
            1,
            1,
            1,
            1,
            1,
            1,
            1,
            1,
            0,
            0,
            0,
            0,
            0,
            0,
            0,
            0,
            0,
            0,
            0,
            0,
            0,
            0,
            0,
            0,
            0,
            0,
            0,
            0,
            0,
            0,
            0,
            0,
            0
        ],
        "energy": 422.0,
        "chain_break_fraction": 0.0
    },
    "chain_strength_prefactor": 0.4,
    "chain_strength": 4028.891280561966,
    "max_chain_length": 4,
    "timing_info": {
        "qpu_sampling_time": 352400.0,
        "qpu_anneal_time_per_sample": 200.0,
        "qpu_readout_time_per_sample": 131.86,
        "qpu_access_time": 368156.77,
        "qpu_access_overhead_time": 2045.23,
        "qpu_programming_time": 15756.77,
        "qpu_delay_time_per_sample": 20.54,
        "total_post_processing_time": 1.0,
        "post_processing_overhead_time": 1.0
    },
    "embedding_info": {
        "embedding": {
            "39": [
                2349,
                2348
            ],
            "40": [
                2303,
                4481,
                4482
            ],
            "45": [
                4527,
                2228,
                4526
            ],
            "41": [
                4588,
                4587,
                2438,
                2437
            ],
            "46": [
                2333,
                2332,
                4557
            ],
            "42": [
                2288,
                4542,
                4543,
                2287
            ],
            "47": [
                4377,
                4376,
                2168,
                4378
            ],
            "43": [
                2453,
                4647,
                4528
            ],
            "48": [
                2422,
                4362,
                2423
            ],
            "44": [
                4423,
                4422,
                2483
            ],
            "49": [
                4467,
                2318,
                2452
            ],
            "50": [
                4572,
                4573,
                2214
            ],
            "51": [
                4407,
                2213,
                4408
            ],
            "52": [
                2378,
                2379
            ],
            "53": [
                2363,
                4452,
                2364
            ],
            "54": [
                2544,
                4558,
                4603,
                2543
            ],
            "55": [
                4498,
                4497,
                2513
            ],
            "56": [
                2394,
                2393
            ],
            "57": [
                4512,
                4513,
                4511
            ],
            "58": [
                2407,
                4393,
                2408,
                4394
            ],
            "59": [
                4438,
                2468,
                2498
            ],
            "5": [
                4466
            ],
            "13": [
                4480
            ],
            "6": [
                2435,
                2436
            ],
            "18": [
                4586,
                2184
            ],
            "7": [
                4257,
                4258
            ],
            "23": [
                4286
            ],
            "8": [
                2484
            ],
            "34": [
                4347,
                2272
            ],
            "9": [
                2227
            ],
            "14": [
                4541
            ],
            "10": [
                2331
            ],
            "19": [
                4556,
                2169
            ],
            "11": [
                2497
            ],
            "24": [
                2137
            ],
            "12": [
                2424
            ],
            "29": [
                4317
            ],
            "15": [
                2482
            ],
            "25": [
                2302
            ],
            "16": [
                2380
            ],
            "30": [
                2377,
                4197
            ],
            "17": [
                4677
            ],
            "35": [
                2362
            ],
            "20": [
                2588,
                2587,
                4604
            ],
            "26": [
                2542,
                4183,
                2541
            ],
            "21": [
                2633,
                2634
            ],
            "31": [
                2512,
                2511
            ],
            "22": [
                4693,
                4692
            ],
            "36": [
                2392,
                4228
            ],
            "27": [
                2708,
                2707,
                4514
            ],
            "32": [
                2558,
                2557
            ],
            "28": [
                4409,
                2692,
                2573
            ],
            "37": [
                2647,
                4334
            ],
            "33": [
                4439
            ],
            "38": [
                2648,
                4468
            ],
            "0": [
                2018
            ],
            "60": [
                2123,
                4436
            ],
            "61": [
                2183,
                2182
            ],
            "62": [
                2167,
                4346
            ],
            "64": [
                2152,
                2153
            ],
            "65": [
                4316
            ],
            "1": [
                4451
            ],
            "67": [
                2242
            ],
            "68": [
                4301
            ],
            "69": [
                4332,
                2257
            ],
            "70": [
                2347
            ],
            "2": [
                2450
            ],
            "72": [
                4107
            ],
            "73": [
                2391,
                4063,
                4122
            ],
            "74": [
                2496
            ],
            "75": [
                4213
            ],