{
    "config": "N_1000-3525.2798704917204s-1_A200",
    "num_vars": 102,
    "num_qubit": 190,
    "time_elapsed": 0.03225541114807129,
    "best_state": {
        "sample": [
            0,
            0,
            0,
            1,
            0,
            1,
            0,
            0,
            0,
            0,
            0,
            0,
            0,
            0,
            0,
            0,
            0,
            0,
            0,
            0,
            0,
            0,
            0,
            1,
            0,
            0,
            1,
            0,
            1,
            0,
            0,
            0,
            0,
            0,
            0,
            0,
            0,
            0,
            0,
            0,
            1,
            1,
            0,
            0,
            1,
            1,
            1,
            0,
            0,
            1,
            1,
            0,
            0,
            0,
            0,
            0,
            0,
            1,
            1,
            1,
            0,
            0,
            1,
            0,
            1,
            1,
            1,
            1,
            1,
            0,
            0,
            0,
            0,
            0,
            0,
            0,
            0,
            1,
            1,
            1,
            1,
            1,
            1,
            1,
            1,
            0,
            0,
            0,
            1,
            1,
            1,
            1,
            1,
            0,
            0,
            0,
            0,
            0,
            0,
            0,
            0,
            0
        ],
        "energy": 424.0,
        "chain_break_fraction": 0.0
    },
    "chain_strength_prefactor": 0.35,
    "chain_strength": 3525.2798704917204,
    "max_chain_length": 4,
    "timing_info": {
        "qpu_sampling_time": 271940.0,
        "qpu_anneal_time_per_sample": 200.0,
        "qpu_readout_time_per_sample": 51.4,
        "qpu_access_time": 287865.57,
        "qpu_access_overhead_time": 1253.43,
        "qpu_programming_time": 15925.57,
        "qpu_delay_time_per_sample": 20.54,
        "total_post_processing_time": 1.0,
        "post_processing_overhead_time": 1.0
    },
    "embedding_info": {
        "embedding": {
            "39": [
                3556,
                452,
                498
            ],
            "40": [
                3392,
                512,
                3391
            ],
            "45": [
                543,
                3527,
                542
            ],
            "41": [
                3467,
                482,
                3466
            ],
            "46": [
                437,
                436
            ],
            "42": [
                558,
                3587,
                557,
                3586
            ],
            "47": [
                467,
                466,
                3512
            ],
            "43": [
                407,
                408
            ],
            "48": [
                3406,
                3407,
                497
            ],
            "44": [
                3497,
                3496
            ],
            "49": [
                3482,
                3481
            ],
            "50": [
                3332,
                3331,
                527
            ],
            "51": [
                3451,
                3452,
                317
            ],
            "52": [
                587,
                3437,
                3436
            ],
            "53": [
                302,
                3346,
                3347
            ],
            "54": [
                3376,
                3375,
                3377
            ],
            "55": [
                3361,
                347
            ],
            "56": [
                421,
                422,
                3241
            ],
            "57": [
                3271,
                377,
                3272,
                316
            ],
            "58": [
                391,
                392,
                393,
                3091
            ],
            "59": [
                331,
                330,
                332,
                3286
            ],
            "5": [
                511
            ],
            "13": [
                513
            ],
            "6": [
                272
            ],
            "18": [
                483,
                3541,
                3540
            ],
            "7": [
                363
            ],
            "23": [
                588
            ],
            "8": [
                3495
            ],
            "33": [
                3498
            ],
            "9": [
                541
            ],
            "14": [
                3542
            ],
            "10": [
                3511
            ],
            "24": [
                3513,
                678
            ],
            "11": [
                496
            ],
            "28": [
                602,
                601
            ],
            "12": [
                3480
            ],
            "34": [
                3483
            ],
            "15": [
                227
            ],
            "19": [
                256,
                3225,
                3226,
                257
            ],
            "16": [
                586
            ],
            "29": [
                3362,
                646
            ],
            "17": [
                91,
                92,
                3345
            ],
            "35": [
                677,
                3348,
                676
            ],
            "20": [
                3450,
                167
            ],
            "25": [
                197,
                198,
                3285
            ],
            "21": [
                271,
                3360
            ],
            "30": [
                3301,
                346
            ],
            "22": [
                3240
            ],
            "36": [
                3195,
                3196,
                301
            ],
            "26": [
                3180
            ],
            "31": [
                3150,
                3151
            ],
            "27": [
                3090,
                135
            ],
            "37": [
                315,
                3045
            ],
            "32": [
                3136
            ],
            "38": [
                3061
            ],
            "0": [
                528
            ],
            "60": [
                3602
            ],
            "61": [
                3617
            ],
            "62": [
                573
            ],
            "64": [
                3557
            ],
            "65": [
                617
            ],
            "1": [
                526
            ],
            "67": [
                3167
            ],
            "68": [
                3122,
                406
            ],
            "69": [
                3227,
                556
            ],
            "70": [
                631
            ],
            "2": [
                287
            ],
            "72": [
                3405
            ],
            "73": [
                3390
            ],
            "74": [
                212
            ],
            "75": [
                3316
            ],
            "76": [
                241,
                240
            ],
            "3": [
                378
            ],
            "80": [
                3526
            ],
            "81": [
                213
            ],