{
    "config": "N_1000-2014.445640280983s-1_A200",
    "num_vars": 102,
    "num_qubit": 183,
    "time_elapsed": 0.02666330337524414,
    "best_state": {
        "sample": [
            1,
            0,
            0,
            0,
            0,
            1,
            0,
            0,
            1,
            0,
            0,
            0,
            0,
            0,
            0,
            0,
            0,
            0,
            0,
            1,
            0,
            0,
            0,
            0,
            0,
            0,
            0,
            0,
            0,
            0,
            0,
            1,
            0,
            0,
            0,
            0,
            0,
            0,
            0,
            1,
            1,
            1,
            1,
            1,
            1,
            0,
            0,
            1,
            0,
            1,
            1,
            1,
            1,
            1,
            1,
            0,
            1,
            0,
            0,
            1,
            1,
            1,
            1,
            1,
            1,
            1,
            1,
            1,
            1,
            0,
            0,
            0,
            1,
            1,
            1,
            1,
            1,
            1,
            0,
            0,
            0,
            0,
            0,
            0,
            0,
            0,
            1,
            1,
            1,
            1,
            1,
            0,
            1,
            1,
            0,
            0,
            0,
            0,
            0,
            0,
            0,
            0
        ],
        "energy": 439.0,
        "chain_break_fraction": 0.0196078431372549
    },
    "chain_strength_prefactor": 0.2,
    "chain_strength": 2014.445640280983,
    "max_chain_length": 3,
    "timing_info": {
        "qpu_sampling_time": 334840.0,
        "qpu_anneal_time_per_sample": 200.0,
        "qpu_readout_time_per_sample": 114.3,
        "qpu_access_time": 350767.57,
        "qpu_access_overhead_time": 1742.43,
        "qpu_programming_time": 15927.57,
        "qpu_delay_time_per_sample": 20.54,
        "total_post_processing_time": 1.0,
        "post_processing_overhead_time": 1.0
    },
    "embedding_info": {
        "embedding": {
            "39": [
                2212,
                2213
            ],
            "40": [
                2183,
                2182,
                4376
            ],
            "45": [
                4361,
                2077,
                4362
            ],
            "41": [
                2197,
                4331,
                2092
            ],
            "46": [
                4316,
                2272,
                2271
            ],
            "42": [
                2241,
                4271,
                2242
            ],
            "47": [
                2287,
                4332,
                4286
            ],
            "43": [
                4391,
                4392
            ],
            "48": [
                2198,
                4407
            ],
            "44": [
                2227,
                4466
            ],
            "49": [
                4436,
                4437,
                2288
            ],
            "50": [
                2107,
                4241,
                4315
            ],
            "51": [
                4345,
                4347,
                4346
            ],
            "52": [
                4450,
                2062,
                4451
            ],
            "53": [
                2047,
                4465,
                4406
            ],
            "54": [
                4301,
                2167
            ],
            "55": [
                2138,
                2137,
                4496
            ],
            "56": [
                2153,
                2152
            ],
            "57": [
                2302,
                2303
            ],
            "58": [
                4422,
                4421,
                2257
            ],
            "59": [
                4481,
                2168
            ],
            "5": [
                4375
            ],
            "13": [
                4196
            ],
            "6": [
                2196
            ],
            "18": [
                4181,
                4182
            ],
            "7": [
                4272
            ],
            "24": [
                4121
            ],
            "8": [
                4393
            ],
            "29": [
                2017,
                2018
            ],
            "9": [
                4300
            ],
            "14": [
                2407,
                2406
            ],
            "10": [
                4136
            ],
            "19": [
                4197
            ],
            "11": [
                2392
            ],
            "25": [
                2286,
                4152
            ],
            "12": [
                2289
            ],
            "34": [
                1897,
                1896,
                4435
            ],
            "15": [
                4151,
                2091
            ],
            "20": [
                4256,
                4255,
                4257
            ],
            "16": [
                4452
            ],
            "30": [
                4360
            ],
            "17": [
                2123,
                2124
            ],
            "35": [
                4405
            ],
            "21": [
                4302
            ],
            "26": [
                4211,
                4212
            ],
            "22": [
                4497,
                2438
            ],
            "31": [
                4495
            ],
            "23": [
                4766,
                2154,
                2064
            ],
            "36": [
                4510,
                4511
            ],
            "27": [
                4512,
                2273
            ],
            "32": [
                2184,
                4571,
                4572
            ],
            "28": [
                4587,
                2318,
                2199
            ],
            "37": [
                2108
            ],
            "33": [
                2169
            ],
            "38": [
                2243
            ],
            "0": [
                2106
            ],
            "60": [
                2121
            ],
            "61": [
                2151,
                4061
            ],
            "62": [
                2016,
                4120
            ],
            "64": [
                2421
            ],
            "65": [
                4165,
                4167,
                4166
            ],
            "1": [
                1972
            ],
            "67": [
                1957
            ],
            "68": [
                4330,
                2002
            ],
            "69": [
                1942
            ],
            "70": [
                1927
            ],
            "72": [
                4091,
                2136
            ],
            "73": [
                4226
            ],
            "74": [
                2033,
                2032,
                2034
            ],
            "75": [
                4630,
                2093
            ],
            "76": [
                2063,
                4645
            ],
            "2": [
                4287
            ],
            "81": [
                2377
            ],
            "82": [
                4317
            ],
            "83": [
                2333,
                2332
            ],