{
    "config": "F_1000-126289.80524421371s-1_A200",
    "num_vars": 56,
    "num_qubit": 160,
    "time_elapsed": 0.0229184627532959,
    "best_state": {
        "sample": [
            0,
            0,
            0,
            0,
            0,
            0,
            0,
            0,
            0,
            0,
            1,
            1,
            0,
            0,
            0,
            0,
            1,
            1,
            0,
            1,
            0,
            1,
            0,
            0,
            0,
            0,
            0,
            0,
            0,
            0,
            0,
            0,
            0,
            0,
            0,
            1,
            0,
            0,
            1,
            1,
            1,
            0,
            0,
            0,
            1,
            1,
            0,
            1,
            1,
            1,
            1,
            1,
            1,
            1,
            1,
            1
        ],
        "energy": 30260.0,
        "chain_break_fraction": 0.05357142857142857
    },
    "chain_strength": 126289.80524421371,
    "max_chain_length": 4,
    "timing_info": {
        "qpu_sampling_time": 292080.0,
        "qpu_anneal_time_per_sample": 200.0,
        "qpu_readout_time_per_sample": 71.54,
        "qpu_access_time": 308008.37,
        "qpu_access_overhead_time": 1728.63,
        "qpu_programming_time": 15928.37,
        "qpu_delay_time_per_sample": 20.54,
        "total_post_processing_time": 21.0,
        "post_processing_overhead_time": 21.0
    },
    "embedding_info": {
        "embedding": {
            "35": [
                3490,
                1937
            ],
            "36": [
                3357,
                2297,
                3356,
                3355
            ],
            "41": [
                3414,
                3415,
                1832
            ],
            "37": [
                3384,
                1847
            ],
            "42": [
                1906,
                1907
            ],
            "38": [
                3385,
                3386,
                1997,
                1998
            ],
            "43": [
                2102,
                3461,
                3460
            ],
            "39": [
                1876,
                1875,
                3310,
                1877
            ],
            "44": [
                1922,
                1921,
                3505
            ],
            "40": [
                3401,
                3399,
                3400
            ],
            "45": [
                3430,
                2042
            ],
            "46": [
                3341,
                3340,
                3342
            ],
            "47": [
                1952,
                3475
            ],
            "48": [
                1891,
                1890,
                1892
            ],
            "49": [
                3295,
                2012,
                1951
            ],
            "50": [
                3370,
                3369,
                2117
            ],
            "51": [
                1861,
                3234,
                3235
            ],
            "52": [
                3325,
                1982,
                3326
            ],
            "53": [
                1966,
                1967,
                1965,
                3145
            ],
            "54": [
                3446,
                2162,
                3445
            ],
            "55": [
                2026,
                3250,
                2027,
                3249
            ],
            "3": [
                2296,
                2295
            ],
            "10": [
                2357,
                2356
            ],
            "4": [
                2266,
                2265,
                3327
            ],
            "20": [
                2342,
                2341,
                3297,
                2251
            ],
            "5": [
                1950,
                3040,
                3039
            ],
            "24": [
                3131,
                3130,
                3132
            ],
            "6": [
                2191,
                2192
            ],
            "30": [
                2176,
                3431,
                3432,
                2177
            ],
            "7": [
                2281,
                2280,
                2282,
                3416
            ],
            "11": [
                1831
            ],
            "8": [
                3280,
                2041,
                3281
            ],
            "15": [
                3220,
                3219,
                3221
            ],
            "9": [
                1920,
                2980,
                2981
            ],
            "25": [
                1981,
                1980,
                3160
            ],
            "12": [
                2147,
                2146
            ],
            "16": [
                2236,
                3236,
                2235
            ],
            "13": [
                3086,
                3085,
                2130
            ],
            "26": [
                3071,
                3072,
                3070
            ],
            "14": [
                3190,
                3191
            ],
            "31": [
                3206,
                3205,
                2250
            ],
            "17": [
                3161,
                2116,
                3162
            ],
            "21": [
                3311,
                2056,
                3312
            ],
            "18": [
                2011,
                2010,
                3176,
                3265
            ],
            "27": [
                2101,
                3266,
                2100
            ],
            "19": [
                2086,
                2085,
                3296
            ],
            "32": [
                2071,
                3251,
                2161
            ],
            "22": [
                3056,
                3055,
                2115
            ],
            "28": [
                3146,
                3147,
                2055,
                2145
            ],
            "23": [
                2207,
                2206
            ],
            "33": [
                2221,
                3371,
                2220
            ],
            "29": [
                3100,
                3101,
                2040
            ],
            "34": [
                3116,
                2070,
                3115
            ],
            "0": [
                1846
            ],
            "1": [
                3041,
                2160
            ],
            "2": [
                2131
            ]
        },
        "chain_break_method": "majority_vote",
        "embedding_parameters": {},
        "chain_strength": 126289.80524421371
    }
}