{
    "config": "F_1000-604716.9157743191s-1_A200",
    "num_vars": 61,
    "num_qubit": 191,
    "time_elapsed": 0.05034327507019043,
    "best_state": {
        "sample": [
            0,
            0,
            1,
            0,
            1,
            0,
            0,
            0,
            0,
            0,
            0,
            0,
            0,
            0,
            0,
            0,
            0,
            0,
            0,
            0,
            0,
            0,
            0,
            0,
            0,
            0,
            0,
            1,
            0,
            0,
            0,
            0,
            0,
            0,
            1,
            0,
            0,
            0,
            0,
            0,
            1,
            0,
            1,
            0,
            0,
            1,
            0,
            0,
            0,
            0,
            1,
            1,
            0,
            0,
            1,
            0,
            0,
            1,
            1,
            1,
            1
        ],
        "energy": 291442.0,
        "chain_break_fraction": 0.06557377049180328
    },
    "chain_strength": 604716.9157743191,
    "max_chain_length": 5,
    "timing_info": {
        "qpu_sampling_time": 296900.0,
        "qpu_anneal_time_per_sample": 200.0,
        "qpu_readout_time_per_sample": 76.36,
        "qpu_access_time": 312826.37,
        "qpu_access_overhead_time": 7432.63,
        "qpu_programming_time": 15926.37,
        "qpu_delay_time_per_sample": 20.54,
        "total_post_processing_time": 1.0,
        "post_processing_overhead_time": 1.0
    },
    "embedding_info": {
        "embedding": {
            "40": [
                1256,
                5046,
                5045,
                5044
            ],
            "41": [
                970,
                971,
                4955
            ],
            "46": [
                881,
                4969,
                4970
            ],
            "42": [
                5090,
                5089,
                1076
            ],
            "47": [
                5015,
                5014,
                5013,
                1196
            ],
            "43": [
                987,
                1031,
                5120,
                5119,
                986
            ],
            "48": [
                5224,
                867,
                866,
                868
            ],
            "44": [
                5075,
                5074,
                5076
            ],
            "49": [
                5061,
                1331,
                5060,
                5059
            ],
            "45": [
                5135,
                5134,
                1016
            ],
            "50": [
                882,
                5179,
                1001,
                5178
            ],
            "51": [
                1181,
                5030,
                5029,
                5028
            ],
            "52": [
                896,
                897,
                4954,
                898
            ],
            "53": [
                1046,
                4999
            ],
            "54": [
                941,
                4984,
                942,
                943
            ],
            "55": [
                5358,
                837,
                836,
                5359
            ],
            "56": [
                927,
                926,
                928
            ],
            "57": [
                852,
                5254,
                851,
                5284
            ],
            "58": [
                911,
                912,
                913,
                5404
            ],
            "59": [
                957,
                5239
            ],
            "60": [
                5105,
                5104,
                1107,
                1106
            ],
            "4": [
                1257
            ],
            "9": [
                5151,
                1151
            ],
            "5": [
                1138,
                1137,
                5301
            ],
            "17": [
                1166,
                1167,
                5136
            ],
            "6": [
                988,
                5465,
                5466
            ],
            "23": [
                1123,
                1122,
                5121,
                1124
            ],
            "7": [
                1318,
                5287,
                1317
            ],
            "29": [
                1212,
                5256,
                1211,
                1213
            ],
            "8": [
                1092,
                1093
            ],
            "34": [
                5165,
                5164,
                1077
            ],
            "10": [
                1287,
                1288,
                5091
            ],
            "18": [
                5241,
                1197
            ],
            "11": [
                5449,
                5450
            ],
            "24": [
                5225,
                5226,
                1002,
                1003
            ],
            "12": [
                1333,
                1332
            ],
            "30": [
                1303,
                1302,
                5302,
                5181
            ],
            "13": [
                5255,
                1047
            ],
            "35": [
                5210,
                5211,
                5209
            ],
            "14": [
                1272,
                5106,
                1273
            ],
            "19": [
                1182,
                5331,
                1183
            ],
            "15": [
                5435,
                5434
            ],
            "25": [
                5480,
                1094,
                5481,
                5479
            ],
            "16": [
                1032,
                5300
            ],
            "36": [
                1017,
                5330,
                1018
            ],
            "20": [
                5420,
                5419,
                5421,
                853
            ],
            "26": [
                5315,
                5316,
                1033
            ],
            "21": [
                5390,
                5391,
                5389
            ],
            "31": [
                5345,
                5346,
                1078,
                5344
            ],
            "22": [
                972,
                5285,
                5286
            ],
            "37": [
                5269,
                5270,
                5272,
                958,
                5271
            ],
            "27": [
                5374,
                5375,
                5376,
                973
            ],
            "32": [
                1048,
                5405,
                5406
            ],
            "28": [
                1062,
                5150,
                1063
            ],
            "38": [
                5240,
                1152,
                1153
            ],
            "33": [
                5196,
                1362,
                1363,
                5195,
                5194
            ],
            "39": [
                5360,
                5361,
                1108
            ],
            "0": [
                5180
            ],
            "1": [
                1242
            ],
            "2": [
                5540,
                5539
            ],
            "3": [
                1347,
                1348
            ]
        },