{
    "config": "N_1000-63641.59842540394s-1_A200",
    "num_vars": 106,
    "num_qubit": 199,
    "time_elapsed": 0.03106379508972168,
    "best_state": {
        "sample": [
            1,
            0,
            0,
            0,
            1,
            0,
            0,
            0,
            1,
            0,
            0,
            0,
            0,
            0,
            0,
            0,
            0,
            0,
            0,
            0,
            0,
            0,
            0,
            0,
            0,
            0,
            0,
            1,
            0,
            0,
            0,
            1,
            0,
            0,
            0,
            0,
            0,
            0,
            1,
            0,
            1,
            1,
            1,
            1,
            1,
            1,
            1,
            1,
            1,
            1,
            1,
            0,
            0,
            0,
            0,
            0,
            0,
            0,
            1,
            0,
            0,
            1,
            1,
            1,
            1,
            1,
            1,
            1,
            1,
            0,
            0,
            0,
            0,
            0,
            0,
            0,
            0,
            0,
            0,
            0,
            0,
            0,
            0,
            0,
            1,
            0,
            0,
            0,
            1,
            0,
            0,
            0,
            1,
            1,
            0,
            1,
            1,
            1,
            1,
            1,
            1,
            1,
            1,
            0,
            0,
            1
        ],
        "energy": 32935.0,
        "chain_break_fraction": 0.018867924528301886
    },
    "chain_strength_prefactor": 0.2,
    "chain_strength": 63641.59842540394,
    "max_chain_length": 4,
    "timing_info": {
        "qpu_sampling_time": 331900.0,
        "qpu_anneal_time_per_sample": 200.0,
        "qpu_readout_time_per_sample": 111.36,
        "qpu_access_time": 347828.37,
        "qpu_access_overhead_time": 1313.63,
        "qpu_programming_time": 15928.37,
        "qpu_delay_time_per_sample": 20.54,
        "total_post_processing_time": 1.0,
        "post_processing_overhead_time": 1.0
    },
    "embedding_info": {
        "embedding": {
            "40": [
                4923,
                4924,
                746
            ],
            "41": [
                685,
                684
            ],
            "46": [
                624,
                4773,
                625
            ],
            "42": [
                789,
                790,
                4713
            ],
            "47": [
                775,
                715,
                4848
            ],
            "43": [
                4893,
                4892
            ],
            "48": [
                4908,
                4907
            ],
            "44": [
                804,
                4683,
                805
            ],
            "49": [
                700,
                699,
                4833
            ],
            "45": [
                655,
                4863
            ],
            "50": [
                670,
                4938
            ],
            "51": [
                4817,
                595,
                4818
            ],
            "52": [
                4698,
                639,
                640
            ],
            "53": [
                4743,
                4744
            ],
            "54": [
                580,
                4847
            ],
            "55": [
                760,
                4728,
                761
            ],
            "56": [
                714,
                4758
            ],
            "57": [
                745,
                4788,
                4787
            ],
            "58": [
                730,
                729,
                731
            ],
            "59": [
                4877,
                505,
                4878,
                4801
            ],
            "60": [
                4802,
                654,
                4803
            ],
            "4": [
                850
            ],
            "9": [
                895
            ],
            "5": [
                788
            ],
            "17": [
                4714,
                910
            ],
            "6": [
                596
            ],
            "23": [
                970,
                4864,
                4894
            ],
            "7": [
                4653
            ],
            "29": [
                926,
                4969
            ],
            "8": [
                4832
            ],
            "35": [
                4982
            ],
            "10": [
                773,
                4503,
                774
            ],
            "18": [
                4789
            ],
            "11": [
                581
            ],
            "24": [
                911,
                4909
            ],
            "12": [
                4668
            ],
            "30": [
                835,
                4879
            ],
            "13": [
                4937
            ],
            "36": [
                671,
                4997
            ],
            "14": [
                563,
                564,
                565
            ],
            "19": [
                4564,
                833,
                834
            ],
            "15": [
                4968
            ],
            "25": [
                4699,
                939
            ],
            "16": [
                864
            ],
            "31": [
                4729,
                894
            ],
            "20": [
                4727,
                534
            ],
            "26": [
                4533,
                4532,
                4534,
                759
            ],
            "21": [
                668,
                4548,
                669
            ],
            "32": [
                4593
            ],
            "22": [
                474
            ],
            "37": [
                459,
                4757,
                458
            ],
            "27": [
                4473,
                728
            ],
            "33": [
                4608,
                4607
            ],
            "28": [
                443,
                444
            ],
            "38": [
                504,
                4621
            ],
            "34": [
                4652,
                4651
            ],
            "39": [
                4563,
                4562,
                653
            ],
            "0": [
                4849
            ],
            "61": [
                4834
            ],
            "62": [
                955,
                956
            ],
            "63": [
                4999
            ],
            "64": [
                4984,
                4983
            ],
            "1": [
                865
            ],
            "66": [
                4774
            ],
            "67": [
                880
            ],
            "68": [
                4939,
                776
            ],
            "69": [
                4998
            ],
            "2": [
                4609
            ],
            "71": [
                909
            ],
            "72": [
                4684
            ],
            "74": [
                4457,
                4458,
                787
            ],
            "75": [
                4502,
                533
            ],