{
    "config": "N_1000-127283.19685080789s-1_A200",
    "num_vars": 106,
    "num_qubit": 192,
    "time_elapsed": 0.04200863838195801,
    "best_state": {
        "sample": [
            0,
            0,
            1,
            1,
            0,
            0,
            0,
            0,
            0,
            0,
            0,
            0,
            0,
            0,
            0,
            0,
            0,
            1,
            1,
            0,
            0,
            0,
            0,
            0,
            0,
            0,
            0,
            0,
            0,
            0,
            0,
            0,
            0,
            0,
            0,
            0,
            0,
            0,
            0,
            0,
            1,
            0,
            0,
            1,
            1,
            0,
            0,
            0,
            1,
            1,
            0,
            0,
            1,
            1,
            0,
            1,
            1,
            1,
            0,
            0,
            0,
            0,
            1,
            1,
            1,
            0,
            1,
            1,
            1,
            1,
            1,
            1,
            1,
            1,
            1,
            1,
            1,
            1,
            1,
            0,
            0,
            0,
            0,
            0,
            0,
            0,
            0,
            0,
            0,
            0,
            0,
            0,
            0,
            0,
            0,
            0,
            0,
            0,
            0,
            0,
            0,
            0,
            0,
            0,
            0,
            0
        ],
        "energy": 22471.0,
        "chain_break_fraction": 0.0
    },
    "chain_strength_prefactor": 0.4,
    "chain_strength": 127283.19685080789,
    "max_chain_length": 4,
    "timing_info": {
        "qpu_sampling_time": 376280.0,
        "qpu_anneal_time_per_sample": 200.0,
        "qpu_readout_time_per_sample": 155.74,
        "qpu_access_time": 392042.37,
        "qpu_access_overhead_time": 2105.63,
        "qpu_programming_time": 15762.37,
        "qpu_delay_time_per_sample": 20.54,
        "total_post_processing_time": 34.0,
        "post_processing_overhead_time": 34.0
    },
    "embedding_info": {
        "embedding": {
            "40": [
                4110,
                4111
            ],
            "41": [
                306,
                307
            ],
            "46": [
                4186,
                291
            ],
            "42": [
                4247,
                4246,
                456
            ],
            "47": [
                4157,
                471,
                4156
            ],
            "43": [
                321,
                322
            ],
            "48": [
                277,
                4396,
                276
            ],
            "44": [
                441,
                4171,
                442
            ],
            "49": [
                351,
                352
            ],
            "45": [
                4141,
                336,
                337
            ],
            "50": [
                397,
                4321,
                396
            ],
            "51": [
                4202,
                4201
            ],
            "52": [
                231,
                4125,
                232,
                4335
            ],
            "53": [
                381,
                382,
                4066
            ],
            "54": [
                4217,
                4216,
                426
            ],
            "55": [
                4232,
                547,
                4231
            ],
            "56": [
                4276,
                412
            ],
            "57": [
                4306,
                367,
                472
            ],
            "58": [
                517,
                4337,
                4336,
                518
            ],
            "59": [
                4291,
                562,
                4290,
                4292
            ],
            "60": [
                487,
                4261,
                488
            ],
            "4": [
                186
            ],
            "9": [
                156
            ],
            "5": [
                4187
            ],
            "17": [
                261,
                260
            ],
            "6": [
                323
            ],
            "22": [
                290,
                4080
            ],
            "7": [
                4351
            ],
            "28": [
                440,
                3931
            ],
            "8": [
                4096
            ],
            "34": [
                561,
                4037,
                4142
            ],
            "10": [
                606
            ],
            "18": [
                4155
            ],
            "11": [
                4440
            ],
            "23": [
                275
            ],
            "12": [
                4366
            ],
            "29": [
                350
            ],
            "13": [
                411
            ],
            "35": [
                4022
            ],
            "14": [
                233
            ],
            "24": [
                4127,
                4126,
                576
            ],
            "15": [
                383
            ],
            "30": [
                4067,
                4068,
                455
            ],
            "16": [
                486
            ],
            "36": [
                4218
            ],
            "19": [
                4412,
                548,
                4411
            ],
            "25": [
                4233
            ],
            "20": [
                413
            ],
            "31": [
                4277
            ],
            "21": [
                4367
            ],
            "37": [
                4322,
                4323
            ],
            "26": [
                4472,
                4471
            ],
            "32": [
                533,
                4457
            ],
            "27": [
                607,
                4398
            ],
            "38": [
                637,
                638
            ],
            "33": [
                623,
                4547
            ],
            "39": [
                4532
            ],
            "0": [
                171
            ],
            "61": [
                4095
            ],
            "62": [
                245,
                3945
            ],
            "63": [
                3961,
                3960
            ],
            "64": [
                425
            ],
            "1": [
                201
            ],
            "66": [
                4140
            ],
            "67": [
                4036,
                216
            ],
            "68": [
                335,
                3991
            ],
            "69": [
                4021
            ],
            "2": [
                666
            ],
            "71": [
                4053
            ],
            "72": [
                711
            ],
            "3": [
                4172
            ],
            "74": [
                621
            ],
            "75": [
                4248
            ],
            "76": [
                577
            ],
            "77": [
                667,
                4262
            ],
            "78": [
                532
            ],
            "82": [
                218,
                4485
            ],