{
    "config": "L_1000-1471.186791131568s-1_A200",
    "num_vars": 50,
    "num_qubit": 78,
    "time_elapsed": 0.03093123435974121,
    "best_state": {
        "sample": [
            0,
            1,
            0,
            0,
            0,
            1,
            0,
            0,
            1,
            0,
            0,
            1,
            0,
            1,
            0,
            1,
            1,
            0,
            0,
            1,
            0,
            1,
            1,
            0,
            1,
            1,
            0,
            0,
            1,
            0,
            0,
            0,
            0,
            0,
            0,
            0,
            0,
            0,
            0,
            0,
            1,
            0,
            1,
            0,
            0,
            1,
            1,
            0,
            1,
            0
        ],
        "energy": 849.0,
        "chain_break_fraction": 0.0
    },
    "chain_strength_prefactor": 0.3,
    "chain_strength": 1471.186791131568,
    "max_chain_length": 3,
    "timing_info": {
        "qpu_sampling_time": 289520.0,
        "qpu_anneal_time_per_sample": 200.0,
        "qpu_readout_time_per_sample": 68.98,
        "qpu_access_time": 305444.37,
        "qpu_access_overhead_time": 1377.63,
        "qpu_programming_time": 15924.37,
        "qpu_delay_time_per_sample": 20.54,
        "total_post_processing_time": 1.0,
        "post_processing_overhead_time": 1.0
    },
    "embedding_info": {
        "embedding": {
            "3": [
                5303,
                5304
            ],
            "0": [
                1678,
                5273
            ],
            "6": [
                1557,
                5258
            ],
            "9": [
                5393,
                1663
            ],
            "12": [
                1707,
                5319
            ],
            "16": [
                1737,
                5363,
                5259
            ],
            "1": [
                5228,
                1587
            ],
            "2": [
                1677,
                5154
            ],
            "4": [
                1648
            ],
            "5": [
                5288
            ],
            "7": [
                1527,
                5362
            ],
            "8": [
                5257,
                1377
            ],
            "10": [
                5378
            ],
            "11": [
                1708
            ],
            "13": [
                1783
            ],
            "14": [
                5334
            ],
            "15": [
                1798
            ],
            "17": [
                5274
            ],
            "18": [
                1872
            ],
            "19": [
                1887
            ],
            "29": [
                5153,
                1617
            ],
            "34": [
                5197,
                1497
            ],
            "46": [
                1692,
                5198
            ],
            "30": [
                5183,
                1647
            ],
            "35": [
                5212,
                5213
            ],
            "47": [
                1752
            ],
            "20": [
                1632,
                1633
            ],
            "36": [
                5318
            ],
            "21": [
                5243,
                1602
            ],
            "37": [
                5347,
                1542
            ],
            "23": [
                1437,
                5272
            ],
            "31": [
                1483
            ],
            "24": [
                5227,
                1482
            ],
            "32": [
                5333,
                1512
            ],
            "41": [
                1768
            ],
            "42": [
                5484
            ],
            "38": [
                1738,
                5454
            ],
            "48": [
                1858,
                5424
            ],
            "39": [
                1753
            ],
            "49": [
                1828,
                5409
            ],
            "26": [
                5289,
                1782
            ],
            "43": [
                1813
            ],
            "27": [
                5229,
                1722,
                5348
            ],
            "44": [
                5349
            ],
            "22": [
                5168
            ],
            "25": [
                1422
            ],
            "28": [
                1767
            ],
            "33": [
                1498
            ],
            "40": [
                5469
            ],
            "45": [
                5364
            ]
        },
        "chain_break_method": "majority_vote",
        "embedding_parameters": {},
        "chain_strength": 1471.186791131568
    }
}