{
    "config": "N_1000-2522.6250799018862s-1_A200",
    "num_vars": 20,
    "num_qubit": 24,
    "time_elapsed": 0.0233914852142334,
    "best_state": {
        "sample": [
            0,
            1,
            1,
            0,
            1,
            0,
            0,
            1,
            0,
            1,
            0,
            0,
            1,
            1,
            1,
            0,
            0,
            0,
            1,
            1
        ],
        "energy": 849.0,
        "chain_break_fraction": 0.0
    },
    "chain_strength_prefactor": 0.25,
    "chain_strength": 2522.6250799018862,
    "max_chain_length": 2,
    "timing_info": {
        "qpu_sampling_time": 271980.0,
        "qpu_anneal_time_per_sample": 200.0,
        "qpu_readout_time_per_sample": 51.44,
        "qpu_access_time": 287906.37,
        "qpu_access_overhead_time": 1097.63,
        "qpu_programming_time": 15926.37,
        "qpu_delay_time_per_sample": 20.54,
        "total_post_processing_time": 1.0,
        "post_processing_overhead_time": 1.0
    },
    "embedding_info": {
        "embedding": {
            "9": [
                3969,
                1715
            ],
            "10": [
                3984,
                1760
            ],
            "13": [
                1790
            ],
            "11": [
                1730
            ],
            "14": [
                4044
            ],
            "12": [
                4014
            ],
            "15": [
                1775
            ],
            "16": [
                4029
            ],
            "17": [
                1745,
                3879
            ],
            "18": [
                1806,
                3999
            ],
            "3": [
                1716
            ],
            "4": [
                1880
            ],
            "5": [
                1821
            ],
            "7": [
                1836
            ],
            "8": [
                4149
            ],
            "0": [
                1881
            ],
            "1": [
                4224
            ],
            "21": [
                4164
            ],
            "2": [
                4134
            ],
            "22": [
                1851
            ]
        },
        "chain_break_method": "majority_vote",
        "embedding_parameters": {},
        "chain_strength": 2522.6250799018862
    }
}