{
    "config": "N_1000-2018.1000639215092s-1_A200",
    "num_vars": 20,
    "num_qubit": 24,
    "time_elapsed": 0.01599431037902832,
    "best_state": {
        "sample": [
            1,
            1,
            1,
            0,
            0,
            0,
            0,
            1,
            1,
            1,
            1,
            0,
            0,
            0,
            0,
            0,
            0,
            0,
            1,
            1
        ],
        "energy": 849.0,
        "chain_break_fraction": 0.0
    },
    "chain_strength_prefactor": 0.2,
    "chain_strength": 2018.1000639215092,
    "max_chain_length": 2,
    "timing_info": {
        "qpu_sampling_time": 259980.0,
        "qpu_anneal_time_per_sample": 200.0,
        "qpu_readout_time_per_sample": 39.44,
        "qpu_access_time": 275905.17,
        "qpu_access_overhead_time": 1364.83,
        "qpu_programming_time": 15925.17,
        "qpu_delay_time_per_sample": 20.54,
        "total_post_processing_time": 1.0,
        "post_processing_overhead_time": 1.0
    },
    "embedding_info": {
        "embedding": {
            "9": [
                3242
            ],
            "10": [
                556,
                3107
            ],
            "13": [
                586
            ],
            "11": [
                541
            ],
            "14": [
                3257,
                511
            ],
            "12": [
                3212,
                526
            ],
            "15": [
                571
            ],
            "16": [
                3182
            ],
            "17": [
                3197
            ],
            "18": [
                3227,
                661
            ],
            "3": [
                496
            ],
            "4": [
                466
            ],
            "5": [
                676
            ],
            "7": [
                631
            ],
            "8": [
                3273
            ],
            "0": [
                3332
            ],
            "1": [
                3196
            ],
            "21": [
                3288
            ],
            "2": [
                3377
            ],
            "22": [
                646
            ]
        },
        "chain_break_method": "majority_vote",
        "embedding_parameters": {},
        "chain_strength": 2018.1000639215092
    }
}