{
    "config": "F_1000-14014.735885301374s-1_A200",
    "num_vars": 61,
    "num_qubit": 191,
    "time_elapsed": 0.16539287567138672,
    "best_state": {
        "sample": [
            0,
            0,
            0,
            0,
            0,
            0,
            1,
            0,
            0,
            0,
            0,
            0,
            0,
            0,
            0,
            0,
            0,
            0,
            0,
            0,
            0,
            0,
            0,
            0,
            0,
            1,
            0,
            0,
            1,
            1,
            0,
            1,
            0,
            0,
            0,
            0,
            0,
            0,
            0,
            0,
            1,
            1,
            1,
            1,
            0,
            1,
            0,
            1,
            0,
            0,
            0,
            1,
            0,
            0,
            1,
            0,
            0,
            0,
            0,
            1,
            1
        ],
        "energy": 10389.0,
        "chain_break_fraction": 0.09836065573770492
    },
    "chain_strength": 14014.735885301374,
    "max_chain_length": 5,
    "timing_info": {
        "qpu_sampling_time": 296600.0,
        "qpu_anneal_time_per_sample": 200.0,
        "qpu_readout_time_per_sample": 76.06,
        "qpu_access_time": 312529.17,
        "qpu_access_overhead_time": 1485.83,
        "qpu_programming_time": 15929.17,
        "qpu_delay_time_per_sample": 20.54,
        "total_post_processing_time": 1.0,
        "post_processing_overhead_time": 1.0
    },
    "embedding_info": {
        "embedding": {
            "40": [
                3493,
                3492,
                2477,
                2478
            ],
            "41": [
                2462,
                2463,
                3387
            ],
            "46": [
                2538,
                2537,
                3628
            ],
            "42": [
                3552,
                3551
            ],
            "47": [
                3522,
                3521,
                2343,
                3523
            ],
            "43": [
                3566,
                3567,
                2222
            ],
            "48": [
                3462,
                3461,
                3463
            ],
            "44": [
                2416,
                2417,
                2415
            ],
            "49": [
                2493,
                2492,
                2491,
                3163
            ],
            "45": [
                2387,
                3297,
                2388
            ],
            "50": [
                3538,
                2373,
                3612,
                2313
            ],
            "51": [
                3433,
                2447
            ],
            "52": [
                3508,
                3507,
                3506,
                2523
            ],
            "53": [
                3343,
                2522,
                2521
            ],
            "54": [
                2312,
                3403,
                3402
            ],
            "55": [
                2267,
                3432
            ],
            "56": [
                3446,
                3447,
                3448,
                2252
            ],
            "57": [
                3417,
                2432,
                2342
            ],
            "58": [
                3357,
                2327,
                3356,
                3358,
                2328
            ],
            "59": [
                2402,
                2401
            ],
            "60": [
                3313,
                2372,
                2371,
                2370
            ],
            "6": [
                3491
            ],
            "11": [
                3191,
                3192,
                2476
            ],
            "7": [
                3401,
                2237
            ],
            "18": [
                2177,
                2178,
                2176
            ],
            "8": [
                1966,
                3565,
                1967,
                1968
            ],
            "23": [
                3251,
                2221,
                2191,
                3250
            ],
            "9": [
                3117,
                3116,
                2115,
                2085
            ],
            "29": [
                3102,
                3101,
                2295,
                2386
            ],
            "10": [
                2250,
                2251
            ],
            "35": [
                3206,
                2296
            ],
            "12": [
                2207,
                3431,
                2208
            ],
            "19": [
                2163,
                2162,
                3536
            ],
            "13": [
                2117,
                2116,
                3400
            ],
            "24": [
                3460,
                1997,
                2057,
                3445
            ],
            "14": [
                3087,
                3086,
                2220,
                2400
            ],
            "30": [
                3161,
                2013,
                3162,
                2011,
                2012
            ],
            "15": [
                1952,
                1951,
                3505
            ],
            "25": [
                2041,
                2040,
                3235,
                2042
            ],
            "16": [
                3147,
                3146,
                3148
            ],
            "31": [
                3132,
                3133,
                3131,
                2310
            ],
            "17": [
                3327,
                2357
            ],
            "36": [
                2311,
                3177,
                3176
            ],
            "20": [
                3386,
                3385,
                2282
            ],
            "26": [
                3415,
                2102,
                3416
            ],
            "21": [
                2146,
                2147,
                2145
            ],
            "32": [
                3296,
                2131,
                2132,
                2130
            ],
            "22": [
                3312,
                2192
            ],
            "37": [
                3342,
                2297,
                3341
            ],
            "27": [
                2071,
                3220,
                2070,
                3266
            ],
            "33": [
                2101,
                3326,
                2056,
                3190,
                2100
            ],
            "28": [
                3281,
                3282,
                3280,
                2086
            ],
            "38": [
                3371,
                3370,
                3372
            ],
            "34": [
                3237,
                2236,
                2235,
                3236
            ],
            "39": [
                3072,
                3071,
                2280,
                2281
            ],
            "0": [
                2161
            ],
            "1": [
                2028
            ],
            "2": [
                2026
            ],
            "3": [
                3477,
                3476,
                2193
            ],
            "4": [
                1981,
                1982,
                3160
            ],
            "5": [
                2266,
                2265
            ]
        },