{
    "config": "F_1000-89787.49555699092s-1_A200",
    "num_vars": 54,
    "num_qubit": 143,
    "time_elapsed": 0.044971466064453125,
    "best_state": {
        "sample": [
            1,
            1,
            0,
            1,
            0,
            0,
            0,
            0,
            0,
            0,
            0,
            0,
            0,
            0,
            0,
            0,
            0,
            0,
            0,
            0,
            0,
            0,
            0,
            0,
            0,
            0,
            1,
            0,
            0,
            0,
            0,
            0,
            0,
            1,
            1,
            1,
            1,
            1,
            1,
            1,
            1,
            1,
            1,
            1,
            0,
            0,
            0,
            0,
            1,
            1,
            0,
            0,
            0,
            0
        ],
        "energy": 21493.0,
        "chain_break_fraction": 0.09259259259259259
    },
    "chain_strength": 89787.49555699092,
    "max_chain_length": 4,
    "timing_info": {
        "qpu_sampling_time": 315920.0,
        "qpu_anneal_time_per_sample": 200.0,
        "qpu_readout_time_per_sample": 95.38,
        "qpu_access_time": 331849.17,
        "qpu_access_overhead_time": 2361.83,
        "qpu_programming_time": 15929.17,
        "qpu_delay_time_per_sample": 20.54,
        "total_post_processing_time": 84.0,
        "post_processing_overhead_time": 84.0
    },
    "embedding_info": {
        "embedding": {
            "33": [
                4612,
                1328,
                1434
            ],
            "34": [
                4582,
                1403,
                1404
            ],
            "39": [
                1479,
                4642,
                4641
            ],
            "35": [
                1253,
                4491,
                1238
            ],
            "40": [
                1342,
                4326,
                1343
            ],
            "36": [
                1433,
                4492,
                4567
            ],
            "41": [
                4538,
                4537,
                4536
            ],
            "37": [
                4522,
                4521
            ],
            "42": [
                4402,
                1463,
                1464
            ],
            "38": [
                1358
            ],
            "43": [
                1553,
                4626,
                4627,
                1552
            ],
            "44": [
                1299,
                4551,
                1298
            ],
            "45": [
                4553,
                4552
            ],
            "46": [
                1448,
                4432,
                1449
            ],
            "47": [
                4598,
                1538,
                4597
            ],
            "48": [
                1388,
                4446
            ],
            "49": [
                1313,
                4387
            ],
            "50": [
                1283,
                4476,
                4477,
                4386
            ],
            "51": [
                4447,
                1418,
                4417
            ],
            "52": [
                4507,
                1523,
                1522
            ],
            "53": [
                1372,
                1373
            ],
            "3": [
                4614,
                1703,
                1702,
                4613
            ],
            "7": [
                1327
            ],
            "4": [
                4583
            ],
            "11": [
                1268,
                4461
            ],
            "5": [
                4266,
                1237
            ],
            "15": [
                4296,
                1252,
                4401
            ],
            "6": [
                1567,
                1568
            ],
            "19": [
                4371,
                4372,
                1493,
                4373
            ],
            "8": [
                1267
            ],
            "16": [
                4312,
                4311,
                4313
            ],
            "9": [
                1462
            ],
            "23": [
                4328,
                4327,
                1387
            ],
            "10": [
                1551,
                4193
            ],
            "28": [
                4343,
                1627
            ],
            "12": [
                1583,
                1582
            ],
            "20": [
                1628,
                4508,
                1629,
                4358
            ],
            "13": [
                1447
            ],
            "24": [
                4433,
                4297,
                1598,
                1507
            ],
            "14": [
                1537,
                1536,
                4418
            ],
            "29": [
                1644,
                1643,
                1642
            ],
            "17": [
                1432,
                4251,
                4252
            ],
            "25": [
                4191,
                1312,
                4192
            ],
            "18": [
                4236,
                1222,
                4237,
                4238
            ],
            "30": [
                4132,
                1281,
                1282,
                4131
            ],
            "21": [
                4282,
                1477,
                1478
            ],
            "26": [
                1417,
                4267,
                4268,
                4357
            ],
            "22": [
                1506,
                1521,
                4253
            ],
            "31": [
                1612,
                4403,
                1611
            ],
            "27": [
                4207,
                1371,
                4208
            ],
            "32": [
                1492,
                4342,
                4223
            ],
            "0": [
                4356
            ],
            "1": [
                4568
            ],
            "2": [
                4388,
                1597
            ]
        },
        "chain_break_method": "majority_vote",
        "embedding_parameters": {},
        "chain_strength": 89787.49555699092
    }
}