{
    "config": "L_1000-5225.375957603919s-1_A200",
    "num_vars": 118,
    "num_qubit": 324,
    "time_elapsed": 0.09089946746826172,
    "best_state": {
        "sample": [
            0,
            0,
            1,
            0,
            1,
            0,
            0,
            1,
            0,
            0,
            0,
            1,
            0,
            0,
            0,
            1,
            1,
            0,
            0,
            1,
            0,
            0,
            0,
            0,
            0,
            1,
            0,
            1,
            0,
            0,
            0,
            0,
            0,
            0,
            0,
            0,
            1,
            0,
            0,
            0,
            0,
            0,
            0,
            0,
            1,
            0,
            1,
            1,
            0,
            0,
            0,
            0,
            0,
            0,
            0,
            0,
            0,
            0,
            1,
            0,
            0,
            0,
            0,
            0,
            1,
            0,
            0,
            0,
            0,
            0,
            0,
            0,
            0,
            0,
            1,
            0,
            0,
            0,
            0,
            0,
            0,
            0,
            0,
            0,
            0,
            1,
            0,
            0,
            0,
            0,
            0,
            0,
            0,
            0,
            0,
            0,
            0,
            0,
            0,
            0,
            0,
            0,
            0,
            0,
            0,
            0,
            0,
            0,
            0,
            1,
            0,
            0,
            0,
            1,
            0,
            0,
            0,
            0
        ],
        "energy": 23891.0,
        "chain_break_fraction": 0.025423728813559324
    },
    "chain_strength": 5225.375957603919,
    "max_chain_length": 5,
    "timing_info": {
        "qpu_sampling_time": 362560.0,
        "qpu_anneal_time_per_sample": 200.0,
        "qpu_readout_time_per_sample": 142.02,
        "qpu_access_time": 378322.77,
        "qpu_access_overhead_time": 4619.23,
        "qpu_programming_time": 15762.77,
        "qpu_delay_time_per_sample": 20.54,
        "total_post_processing_time": 102.0,
        "post_processing_overhead_time": 102.0
    },
    "embedding_info": {
        "embedding": {
            "3": [
                3941,
                3942,
                3940,
                2150
            ],
            "0": [
                2135,
                3956,
                3955,
                2136
            ],
            "6": [
                2300,
                2254,
                3882,
                3881,
                2253
            ],
            "9": [
                3970,
                2015,
                2016,
                3969
            ],
            "12": [
                3867,
                2195,
                3866,
                2314,
                2134
            ],
            "16": [
                3730,
                2029,
                2030,
                3729,
                2088
            ],
            "20": [
                3926,
                2165,
                3925,
                2285
            ],
            "24": [
                2060,
                2059,
                3985,
                3984
            ],
            "1": [
                4226,
                4227,
                2241,
                4225
            ],
            "2": [
                2167,
                4181
            ],
            "4": [
                4077,
                4076,
                4078,
                2270
            ],
            "5": [
                2391,
                2390
            ],
            "7": [
                3687,
                2344
            ],
            "8": [
                3717,
                3718,
                2238
            ],
            "10": [
                1805,
                1806,
                4104
            ],
            "11": [
                1745,
                4014
            ],
            "13": [
                2329,
                3747,
                2330,
                3897
            ],
            "14": [
                3823,
                2494,
                3822
            ],
            "15": [
                3837
            ],
            "17": [
                3595,
                1998,
                3594
            ],
            "18": [
                1893,
                1892
            ],
            "19": [
                1908
            ],
            "21": [
                2149,
                3851,
                2148,
                3850
            ],
            "22": [
                3836
            ],
            "23": [
                2180
            ],
            "25": [
                4000,
                4001,
                1986
            ],
            "26": [
                4105,
                1956
            ],
            "27": [
                2045
            ],
            "37": [
                2152,
                2151,
                4256
            ],
            "62": [
                4195,
                4194,
                2017
            ],
            "108": [
                2061
            ],
            "38": [
                2182,
                2181,
                4301,
                2212
            ],
            "63": [
                4270,
                4269,
                4271,
                1807
            ],
            "109": [
                2032,
                4241,
                2031
            ],
            "28": [
                4106,
                2286,
                2240,
                2287
            ],
            "51": [
                2361,
                4002,
                4062,
                2255
            ],
            "64": [
                4166,
                2211,
                4165,
                4164
            ],
            "75": [
                2315,
                2316,
                4032,
                3957
            ],
            "110": [
                2225,
                3986,
                4091
            ],
            "29": [
                4121,
                4122,
                2226
            ],
            "52": [
                2346,
                4017,
                2345
            ],
            "65": [
                4151,
                4152,
                4150,
                4149
            ],
            "76": [
                2331,
                4107
            ],
            "111": [
                4136,
                4137,
                2166,
                2256
            ],
            "39": [
                2360,
                2359
            ],
            "77": [
                3807,
                2374
            ],
            "85": [
                3657,
                3656,
                2283
            ],
            "97": [
                2284,
                3702
            ],
            "40": [
                2419,
                3792,
                2420,
                2418
            ],
            "78": [
                2389,
                2388
            ],
            "86": [
                3626,
                3627,
                2118
            ],
            "98": [
                3641,
                3642,
                2223
            ],
            "31": [
                1895,
                1896,
                3954
            ],
            "42": [
                1925,
                1926,
                3939
            ],