{
    "config": "N_1000-22612.76127402096s-1_A200",
    "num_vars": 87,
    "num_qubit": 162,
    "time_elapsed": 0.022922992706298828,
    "best_state": {
        "sample": [
            1,
            1,
            0,
            1,
            0,
            0,
            0,
            0,
            0,
            0,
            0,
            0,
            0,
            0,
            0,
            0,
            0,
            0,
            0,
            0,
            0,
            0,
            0,
            0,
            0,
            0,
            0,
            0,
            0,
            0,
            0,
            0,
            0,
            1,
            1,
            1,
            1,
            1,
            0,
            0,
            0,
            0,
            0,
            0,
            0,
            1,
            0,
            0,
            1,
            1,
            0,
            0,
            0,
            0,
            1,
            1,
            1,
            1,
            1,
            1,
            1,
            1,
            0,
            0,
            0,
            0,
            0,
            0,
            0,
            0,
            0,
            0,
            0,
            0,
            0,
            0,
            0,
            0,
            0,
            0,
            0,
            0,
            0,
            0,
            0,
            0,
            0
        ],
        "energy": 3883.0,
        "chain_break_fraction": 0.0
    },
    "chain_strength_prefactor": 0.4,
    "chain_strength": 22612.76127402096,
    "max_chain_length": 4,
    "timing_info": {
        "qpu_sampling_time": 278360.0,
        "qpu_anneal_time_per_sample": 200.0,
        "qpu_readout_time_per_sample": 57.82,
        "qpu_access_time": 294285.17,
        "qpu_access_overhead_time": 1515.83,
        "qpu_programming_time": 15925.17,
        "qpu_delay_time_per_sample": 20.54,
        "total_post_processing_time": 193.0,
        "post_processing_overhead_time": 193.0
    },
    "embedding_info": {
        "embedding": {
            "33": [
                4070,
                4069,
                995
            ],
            "34": [
                1010,
                4084,
                4083
            ],
            "39": [
                4054,
                906
            ],
            "35": [
                4099,
                4098,
                965
            ],
            "40": [
                875,
                876
            ],
            "36": [
                3949,
                3948,
                3947
            ],
            "41": [
                860,
                3889,
                861
            ],
            "37": [
                3979,
                980,
                3978
            ],
            "42": [
                3934,
                905
            ],
            "38": [
                4010,
                4009,
                1025
            ],
            "43": [
                3919,
                920,
                921
            ],
            "44": [
                4039,
                4040
            ],
            "45": [
                756,
                3993,
                755
            ],
            "46": [
                814,
                815,
                3844
            ],
            "47": [
                936,
                4159,
                3994
            ],
            "48": [
                785,
                4024
            ],
            "49": [
                799,
                3874,
                800
            ],
            "50": [
                3964,
                890,
                889
            ],
            "51": [
                725,
                3933
            ],
            "52": [
                845,
                3918,
                844
            ],
            "53": [
                829,
                3859,
                830
            ],
            "3": [
                1026
            ],
            "7": [
                4068
            ],
            "4": [
                3980
            ],
            "11": [
                4082,
                666
            ],
            "5": [
                963,
                964
            ],
            "15": [
                4038,
                726
            ],
            "6": [
                515
            ],
            "19": [
                575
            ],
            "8": [
                3739,
                874
            ],
            "16": [
                4128,
                4129
            ],
            "9": [
                904
            ],
            "23": [
                3904,
                979
            ],
            "10": [
                4144,
                4143
            ],
            "28": [
                950
            ],
            "12": [
                3992
            ],
            "20": [
                3813,
                3812,
                3814,
                3815
            ],
            "13": [
                3799
            ],
            "24": [
                3845,
                994
            ],
            "14": [
                4158
            ],
            "29": [
                935
            ],
            "17": [
                3873,
                695,
                649
            ],
            "25": [
                798,
                3664
            ],
            "18": [
                665,
                3963
            ],
            "30": [
                3709,
                813
            ],
            "21": [
                3857,
                3858
            ],
            "26": [
                679,
                3843
            ],
            "22": [
                3917,
                604
            ],
            "31": [
                3738,
                3737
            ],
            "27": [
                784,
                3828
            ],
            "32": [
                3753,
                754
            ],
            "0": [
                650
            ],
            "54": [
                4053
            ],
            "55": [
                591
            ],
            "56": [
                576
            ],
            "58": [
                1040,
                1041
            ],
            "59": [
                3890
            ],
            "1": [
                3965
            ],
            "61": [
                1130
            ],
            "62": [
                3830,
                1085
            ],
            "63": [
                3860
            ],
            "65": [
                3604,
                873
            ],
            "66": [
                3679
            ],
            "67": [
                770,
                769
            ],
            "2": [
                530
            ],
            "70": [
                4007
            ],
            "71": [
                619,
                620
            ],
            "72": [
                618,
                3722
            ],
            "73": [
                590,
                589
            ],
            "76": [
                3783,
                3784
            ],
            "77": [
                694
            ],
            "78": [
                709
            ],
            "79": [
                3768
            ],
            "83": [
                680,
                681
            ],
            "84": [
                3888
            ],
            "85": [
                634
            ],
            "86": [
                3798
            ],
            "68": [
                4023,
                741
            ],
            "69": [
                3903,
                710
            ],