{
    "config": "N_1000-8479.78547775786s-1_A200",
    "num_vars": 87,
    "num_qubit": 162,
    "time_elapsed": 0.05469942092895508,
    "best_state": {
        "sample": [
            1,
            1,
            0,
            0,
            0,
            0,
            0,
            0,
            0,
            0,
            0,
            0,
            0,
            0,
            0,
            0,
            0,
            0,
            0,
            1,
            0,
            0,
            0,
            0,
            0,
            0,
            0,
            0,
            0,
            0,
            0,
            0,
            0,
            0,
            0,
            1,
            0,
            0,
            1,
            0,
            1,
            0,
            1,
            1,
            1,
            0,
            1,
            1,
            0,
            0,
            1,
            1,
            1,
            1,
            1,
            1,
            1,
            0,
            1,
            1,
            1,
            1,
            0,
            0,
            0,
            0,
            0,
            0,
            0,
            1,
            1,
            1,
            1,
            1,
            0,
            0,
            0,
            0,
            0,
            0,
            0,
            0,
            0,
            0,
            0,
            0,
            0
        ],
        "energy": 19134.0,
        "chain_break_fraction": 0.05747126436781609
    },
    "chain_strength_prefactor": 0.15,
    "chain_strength": 8479.78547775786,
    "max_chain_length": 3,
    "timing_info": {
        "qpu_sampling_time": 290680.0,
        "qpu_anneal_time_per_sample": 200.0,
        "qpu_readout_time_per_sample": 70.14,
        "qpu_access_time": 306610.37,
        "qpu_access_overhead_time": 2153.63,
        "qpu_programming_time": 15930.37,
        "qpu_delay_time_per_sample": 20.54,
        "total_post_processing_time": 62.0,
        "post_processing_overhead_time": 62.0
    },
    "embedding_info": {
        "embedding": {
            "33": [
                1667,
                1666
            ],
            "34": [
                1696,
                3278,
                1695
            ],
            "39": [
                3324,
                1726
            ],
            "35": [
                3098,
                3099
            ],
            "40": [
                1741,
                1740,
                3159
            ],
            "36": [
                1681,
                3368,
                1680
            ],
            "41": [
                3264,
                3263
            ],
            "37": [
                3203,
                1636
            ],
            "42": [
                3174,
                1756
            ],
            "38": [
                3114,
                3113,
                1860
            ],
            "43": [
                1785,
                3144,
                1786
            ],
            "44": [
                1771,
                1770,
                3309
            ],
            "45": [
                3248,
                3249
            ],
            "46": [
                3234,
                3233,
                1846
            ],
            "47": [
                1802,
                1801,
                3279
            ],
            "48": [
                1831,
                3130,
                3129
            ],
            "49": [
                3218,
                1621,
                3219
            ],
            "50": [
                1710,
                1711
            ],
            "51": [
                1651,
                1652,
                1650
            ],
            "52": [
                1817,
                1816,
                3339
            ],
            "53": [
                3189,
                3188,
                3190
            ],
            "3": [
                1665
            ],
            "7": [
                3428
            ],
            "4": [
                3277
            ],
            "11": [
                1697
            ],
            "5": [
                1545
            ],
            "15": [
                1876,
                1875,
                1877
            ],
            "6": [
                3175
            ],
            "29": [
                1861
            ],
            "8": [
                3158
            ],
            "16": [
                3084,
                3083
            ],
            "9": [
                3265
            ],
            "19": [
                1576,
                1575
            ],
            "10": [
                3294
            ],
            "24": [
                1561,
                3173
            ],
            "12": [
                3250
            ],
            "20": [
                3293,
                1531
            ],
            "13": [
                1847
            ],
            "25": [
                3232
            ],
            "14": [
                3280
            ],
            "30": [
                3355,
                3354
            ],
            "17": [
                1935
            ],
            "21": [
                1590,
                3128,
                1591
            ],
            "18": [
                1921,
                1920
            ],
            "26": [
                2978,
                1620
            ],
            "22": [
                1937,
                3399,
                3398
            ],
            "27": [
                2979,
                2980
            ],
            "23": [
                3369,
                3370
            ],
            "31": [
                1997,
                3340
            ],
            "28": [
                2055,
                3085
            ],
            "32": [
                2026
            ],
            "0": [
                3443
            ],
            "54": [
                1682
            ],
            "55": [
                3564,
                3563
            ],
            "56": [
                1862
            ],
            "58": [
                3068
            ],
            "59": [
                1560
            ],
            "1": [
                3292
            ],
            "61": [
                3382,
                1457
            ],
            "62": [
                1546
            ],
            "63": [
                1501,
                3353
            ],
            "65": [
                1530
            ],
            "66": [
                3143,
                1605
            ],
            "67": [
                3024,
                3023
            ],
            "70": [
                3145,
                1981
            ],
            "71": [
                3070,
                1980
            ],
            "72": [
                3295,
                1966,
                1965
            ],
            "73": [
                1891
            ],
            "77": [
                1832,
                3325
            ],
            "78": [
                1922,
                3414
            ],
            "79": [
                2012,
                3445,
                2011
            ],
            "80": [
                3115
            ],
            "2": [
                3160
            ],
            "84": [
                1951
            ],
            "85": [
                3220,
                2041
            ],
            "86": [
                2056
            ],
            "87": [
                2101,
                3161,
                3311
            ],
            "68": [
                3054,
                1845
            ],